{
  Etc/GMT+12: (UTC-12:00) Západní mezinárodní časová osa,
  Etc/GMT+11: (UTC-11:00) Koordinovaný světový čas-11,
  America/Adak: (UTC-10:00) Aleutské ostrovy,
  Pacific/Honolulu: (UTC-10:00) Havajské ostrovy,
  Pacific/Marquesas: (UTC-09:30) Souostroví Markézy,
  America/Anchorage: (UTC-09:00) Aljaška,
  Etc/GMT+9: (UTC-09:00) Koordinovaný světový čas-09,
  America/Tijuana: (UTC-08:00) Baja California,
  Etc/GMT+8: (UTC-08:00) Koordinovaný světový čas-08,
  America/Los_Angeles: (UTC-08:00) Tichomoří (USA a Kanada),
  America/Phoenix: (UTC-07:00) Arizona,
  America/Mazatlan: (UTC-07:00) La Paz, Mazatlán,
  America/Denver: (UTC-07:00) Horská oblast USA a Kanada,
  America/Whitehorse: (UTC-07:00) Yukon,
  America/Guatemala: (UTC-06:00) Střední Amerika,
  America/Chicago: (UTC-06:00) Střed USA a Kanady,
  Pacific/Easter: (UTC-06:00) Velikonoční ostrov,
  America/Mexico_City: (UTC-06:00) Guadalajara, Mexiko, Monterrey,
  America/Regina: (UTC-06:00) Saskatchewan,
  America/Bogota: (UTC-05:00) Bogota, Lima, Quito, Rio Branco,
  America/Cancun: (UTC-05:00) Chetumal,
  America/New_York: (UTC-05:00) Východ USA a Kanady,
  America/Port-au-Prince: (UTC-05:00) Haiti,
  America/Havana: (UTC-05:00) Havana,
  America/Indiana/Indianapolis: (UTC-05:00) Indiana (východ),
  America/Grand_Turk: (UTC-05:00) Turks a Caicos,
  America/Halifax: (UTC-04:00) Atlantik (Kanada),
  America/Caracas: (UTC-04:00) Caracas,
  America/Cuiaba: (UTC-04:00) Cuiabá,
  America/La_Paz: (UTC-04:00) Georgetown, La Paz, Manaus, San Juan,
  America/Santiago: (UTC-04:00) Santiago,
  America/St_Johns: (UTC-03:30) Newfoundland,
  America/Araguaina: (UTC-03:00) Araguaina,
  America/Asuncion: (UTC-03:00) Asunción,
  America/Sao_Paulo: (UTC-03:00) Brazílie,
  America/Cayenne: (UTC-03:00) Cayenne, Fortaleza,
  America/Argentina/Buenos_Aires: (UTC-03:00) Buenos Aires,
  America/Montevideo: (UTC-03:00) Montevideo,
  America/Punta_Arenas: (UTC-03:00) Punta Arenas,
  America/Miquelon: (UTC-03:00) Saint Pierre a Miquelon,
  America/Bahia: (UTC-03:00) Salvador,
  Etc/GMT+2: (UTC-02:00) Koordinovaný světový čas-02,
  America/Nuuk: (UTC-02:00) Grónsko,
  Atlantic/Azores: (UTC-01:00) Azory,
  Atlantic/Cape_Verde: (UTC-01:00) Cabo Verde,
  Etc/UTC: (UTC) Koordinovaný světový čas,
  Europe/London: (UTC+00:00) Dublin, Edinburgh, Lisabon, Londýn,
  Africa/Abidjan: (UTC+00:00) Monrovia, Reykjavík,
  Africa/Sao_Tome: (UTC+00:00) Svatý Tomáš,
  Africa/Casablanca: (UTC+01:00) Casablanca,
  Europe/Berlin: (UTC+01:00) Amsterdam, Berlín, Bern, Řím, Stockholm, Vídeň,
  Europe/Prague: (UTC+01:00) Praha, Bratislava, Budapešť, Bělehrad, Lublaň,
  Europe/Paris: (UTC+01:00) Brusel, Kodaň, Madrid, Paříž,
  Europe/Warsaw: (UTC+01:00) Sarajevo, Skopje, Varšava, Záhřeb,
  Africa/Lagos: (UTC+01:00) Západ střední Afriky,
  Europe/Bucharest: (UTC+02:00) Atény, Bukurešť,
  Asia/Beirut: (UTC+02:00) Bejrút,
  Africa/Cairo: (UTC+02:00) Káhira,
  Europe/Chisinau: (UTC+02:00) Kišiněv,
  Asia/Hebron: (UTC+02:00) Gaza, Hebron,
  Africa/Johannesburg: (UTC+02:00) Harare, Pretoria,
  Europe/Kyiv: (UTC+02:00) Helsinky, Kyjev, Riga, Sofie, Tallin, Vilnius,
  Asia/Jerusalem: (UTC+02:00) Jeruzalém,
  Africa/Juba: (UTC+02:00) Džuba,
  Europe/Kaliningrad: (UTC+02:00) Kaliningrad,
  Africa/Khartoum: (UTC+02:00) Chartúm,
  Africa/Tripoli: (UTC+02:00) Tripolis,
  Africa/Windhoek: (UTC+02:00) Windhoek,
  Asia/Amman: (UTC+03:00) Omán,
  Asia/Baghdad: (UTC+03:00) Bagdád,
  Asia/Damascus: (UTC+03:00) Damašek,
  Europe/Istanbul: (UTC+03:00) Istanbul,
  Asia/Riyadh: (UTC+03:00) Kuvajt, Rijád,
  Europe/Minsk: (UTC+03:00) Minsk,
  Europe/Moscow: (UTC+03:00) Moskva, Petrohrad,
  Africa/Nairobi: (UTC+03:00) Nairobi,
  Europe/Volgograd: (UTC+03:00) Volgograd,
  Asia/Tehran: (UTC+03:30) Teherán,
  Asia/Dubai: (UTC+04:00) Abú Dhabi, Muskat,
  Europe/Astrakhan: (UTC+04:00) Astrachaň, Uljanovsk,
  Asia/Baku: (UTC+04:00) Baku,
  Europe/Samara: (UTC+04:00) Iževsk, Samara,
  Indian/Mauritius: (UTC+04:00) Port Louis,
  Europe/Saratov: (UTC+04:00) Saratov,
  Asia/Tbilisi: (UTC+04:00) Tbilisi,
  Asia/Yerevan: (UTC+04:00) Jerevan,
  Asia/Kabul: (UTC+04:30) Kábul,
  Asia/Tashkent: (UTC+05:00) Ašchabád, Taškent,
  Asia/Qyzylorda: (UTC+05:00) Astana,
  Asia/Yekaterinburg: (UTC+05:00) Jekatěrinburg,
  Asia/Karachi: (UTC+05:00) Islámábád, Karáčí,
  Asia/Kolkata: (UTC+05:30) Mumbaí (Bombay), Čennaj, Kolkata, Dillí,
  Asia/Colombo: (UTC+05:30) Šrí Džajawardenepúra,
  Asia/Kathmandu: (UTC+05:45) Káthmándú,
  Asia/Bishkek: (UTC+06:00) Biškek,
  Asia/Dhaka: (UTC+06:00) Dháka,
  Asia/Omsk: (UTC+06:00) Omsk,
  Asia/Yangon: (UTC+06:30) Yangon (Rangún),
  Asia/Bangkok: (UTC+07:00) Bangkok, Hanoj, Jakarta,
  Asia/Barnaul: (UTC+07:00) Barnaul, Gorno-Altajsk,
  Asia/Hovd: (UTC+07:00) Chovdský ajmag,
  Asia/Krasnoyarsk: (UTC+07:00) Krasnojarsk,
  Asia/Novosibirsk: (UTC+07:00) Novosibirsk,
  Asia/Tomsk: (UTC+07:00) Tomská oblast,
  Asia/Shanghai: (UTC+08:00) Peking, Čchung-čching, Hongkong, Urumqi,
  Asia/Irkutsk: (UTC+08:00) Irkutsk,
  Asia/Singapore: (UTC+08:00) Kuala Lumpur, Singapur,
  Australia/Perth: (UTC+08:00) Perth,
  Asia/Taipei: (UTC+08:00) Taipei,
  Asia/Ulaanbaatar: (UTC+08:00) Ulánbátar,
  Australia/Eucla: (UTC+08:45) Eucla,
  Asia/Chita: (UTC+09:00) Čita,
  Asia/Tokyo: (UTC+09:00) Ósaka, Sapporo, Tokio,
  Asia/Pyongyang: (UTC+09:00) Pchjongjang,
  Asia/Seoul: (UTC+09:00) Soul,
  Asia/Yakutsk: (UTC+09:00) Jakutsk,
  Australia/Adelaide: (UTC+09:30) Adelaide,
  Australia/Darwin: (UTC+09:30) Darwin,
  Australia/Brisbane: (UTC+10:00) Brisbane,
  Australia/Sydney: (UTC+10:00) Canberra, Melbourne, Sydney,
  Pacific/Port_Moresby: (UTC+10:00) Guam, Port Moresby,
  Australia/Hobart: (UTC+10:00) Hobart,
  Asia/Vladivostok: (UTC+10:00) Vladivostok,
  Australia/Lord_Howe: (UTC+10:30) Ostrov Lorda Howa,
  Pacific/Bougainville: (UTC+11:00) Bougainville,
  Asia/Srednekolymsk: (UTC+11:00) Čokurdach,
  Asia/Magadan: (UTC+11:00) Magadan,
  Pacific/Norfolk: (UTC+11:00) Norfolk,
  Asia/Sakhalin: (UTC+11:00) Sachalin,
  Pacific/Guadalcanal: (UTC+11:00) Šalamounovy ostrovy, Nová Kaledonie,
  Asia/Kamchatka: (UTC+12:00) Anadyr, Petropavlovsk-Kamčatskij,
  Pacific/Auckland: (UTC+12:00) Auckland, Wellington,
  Etc/GMT-12: (UTC+12:00) Koordinovaný světový čas+12,
  Pacific/Fiji: (UTC+12:00) Fidži,
  Pacific/Chatham: (UTC+12:45) Chathamovy ostrovy,
  Etc/GMT-13: (UTC+13:00) Koordinovaný světový čas+13,
  Pacific/Tongatapu: (UTC+13:00) Nuku'alofa,
  Pacific/Apia: (UTC+13:00) Samoa,
  Pacific/Kiritimati: (UTC+14:00) Ostrov Kiritimati
}