{
  Etc/GMT+12: (UTC-12:00) خط التوقيت العالمي غرباً,
  Etc/GMT+11: (UTC-11:00) التوقيت العالمي المتفق عليه-11,
  America/Adak: (UTC-10:00) جزر ألوشيان,
  Pacific/Honolulu: (UTC-10:00) هاواي,
  Pacific/Marquesas: (UTC-09:30) جزر ماركيساس,
  America/Anchorage: (UTC-09:00) ألاسكا,
  Etc/GMT+9: (UTC-09:00) التوقيت العالمي المتفق عليه-09,
  America/Tijuana: (UTC-08:00) باجا كاليفورنيا,
  Etc/GMT+8: (UTC-08:00) التوقيت العالمي المتفق عليه-08,
  America/Los_Angeles: (UTC-08:00) توقيت الباسيفيكي (الولايات المتحدة وكندا),
  America/Phoenix: (UTC-07:00) أريزونا,
  America/Chihuahua: (UTC-07:00) تشيواوا، لاباز، مازاتلان,
  America/Denver: (UTC-07:00) توقيت الجبل (الولايات المتحدة وكندا),
  America/Whitehorse: (UTC-07:00) يوكون,
  America/Guatemala: (UTC-06:00) وسط أمريكا,
  America/Chicago: (UTC-06:00) توقيت الوسط (الولايات المتحدة الأمريكية وكندا),
  Pacific/Easter: (UTC-06:00) جزر إيستر,
  America/Mexico_City: (UTC-06:00) غوادلاجارا، مكسيكو، مانتارا,
  America/Regina: (UTC-06:00) ساسكاتشوان,
  America/Bogota: (UTC-05:00) بوجوتا، ليما، كويتو، ريو برانكو,
  America/Cancun: (UTC-05:00) شيتومال,
  America/New_York: (UTC-05:00) توقيت الشرق (الولايات المتحدة وكندا),
  America/Port-au-Prince: (UTC-05:00) هايتي,
  America/Havana: (UTC-05:00) هافانا,
  America/Indiana/Indianapolis: (UTC-05:00) إنديانا (الشرق),
  America/Grand_Turk: (UTC-05:00) توركس وكايكوس,
  America/Asuncion: (UTC-04:00) أسونسيون,
  America/Halifax: (UTC-04:00) توقيت المحيط الأطلنطي (كندا),
  America/Caracas: (UTC-04:00) كاراكاس,
  America/Cuiaba: (UTC-04:00) كويابا,
  America/La_Paz: (UTC-04:00) جورج تاون, لاباز, مانوس، سان جوان,
  America/Santiago: (UTC-04:00) سانتيجو,
  America/St_Johns: (UTC-03:30) نيوفاوندلاند,
  America/Araguaina: (UTC-03:00) أراجواينا,
  America/Sao_Paulo: (UTC-03:00) البرازيل,
  America/Cayenne: (UTC-03:00) كايين، فروتاليزا,
  America/Argentina/Buenos_Aires: (UTC-03:00) مدينة بيونس آيرس,
  America/Nuuk: (UTC-03:00) جرين لاند,
  America/Montevideo: (UTC-03:00) مونتفيدو,
  America/Punta_Arenas: (UTC-03:00) بونتا أريناس,
  America/Miquelon: (UTC-03:00) ‏‏سان بيير ومكويلون,
  America/Bahia: (UTC-03:00) السلفادور,
  Etc/GMT+2: (UTC-02:00) التوقيت العالمي المتفق عليه-02,
  Atlantic/Azores: (UTC-01:00) أزورس,
  Atlantic/Cape_Verde: (UTC-01:00) الرأس الأخضر.,
  Etc/UTC: (UTC) توقيت عالمي متفق عليه‬,
  Europe/London: (UTC+00:00) دبلن، إدنبرة، لشبونة، لندن,
  Africa/Abidjan: (UTC+00:00) مونروفيا، ريكيافيك,
  Africa/Sao_Tome: (UTC+00:00) ساو توم,
  Africa/Casablanca: (UTC+01:00) الدار البيضاء,
  Europe/Berlin: (UTC+01:00) أمستردام، برلين، برن، روما، ستوكهولم، فيينا,
  Europe/Budapest: (UTC+01:00) بلجراد، براتيسلافا، بودابيست، لوبليانا، براغ,
  Europe/Paris: (UTC+01:00) بروكسل، كوبينهاجن، مدريد، باريس,
  Europe/Warsaw: (UTC+01:00) سراييفو، سكوبي، وارسو، زغرب,
  Africa/Lagos: (UTC+01:00) غرب أفريقيا الوسطى,
  Europe/Bucharest: (UTC+02:00) أثينا، بوخارست,
  Asia/Beirut: (UTC+02:00) بيروت,
  Africa/Cairo: (UTC+02:00) القاهرة,
  Europe/Chisinau: (UTC+02:00) شيسيناو,
  Asia/Damascus: (UTC+02:00) دمشق,
  Asia/Hebron: (UTC+02:00) غزة، الخليل,
  Africa/Johannesburg: (UTC+02:00) هراري، بريتوريا,
  Europe/Kyiv: (UTC+02:00) هلسنكي، كييف، ريجا، صوفيا، تالين، فلنيوس,
  Asia/Jerusalem: (UTC+02:00) القدس,
  Africa/Juba: (UTC+02:00) جوبا,
  Europe/Kaliningrad: (UTC+02:00) كالينينغراد,
  Africa/Khartoum: (UTC+02:00) الخرطوم,
  Africa/Tripoli: (UTC+02:00) طرابلس,
  Africa/Windhoek: (UTC+02:00) وندهوك,
  Asia/Amman: (UTC+03:00) عمّان,
  Asia/Baghdad: (UTC+03:00) بغداد,
  Europe/Istanbul: (UTC+03:00) إسطنبول,
  Asia/Riyadh: (UTC+03:00) الكويت، الرياض,
  Europe/Minsk: (UTC+03:00) مينسك,
  Europe/Moscow: (UTC+03:00) موسكو، سان بطرسبرج,
  Africa/Nairobi: (UTC+03:00) نيروبي,
  Europe/Volgograd: (UTC+03:00) فولغوغراد,
  Asia/Tehran: (UTC+03:30) طهران,
  Asia/Dubai: (UTC+04:00) أبو ظبى، مسقط,
  Europe/Astrakhan: (UTC+04:00) أستراخان، أوليانوفسك,
  Asia/Baku: (UTC+04:00) باكو,
  Europe/Samara: (UTC+04:00) إيجيفسك، سمارا,
  Indian/Mauritius: (UTC+04:00) بورت لويس,
  Europe/Saratov: (UTC+04:00) ساراتوف,
  Asia/Tbilisi: (UTC+04:00) تبليسي,
  Asia/Yerevan: (UTC+04:00) يريفان,
  Asia/Kabul: (UTC+04:30) كابول,
  Asia/Tashkent: (UTC+05:00) أشجابات، طشقند,
  Asia/Yekaterinburg: (UTC+05:00) إكاترينبرج,
  Asia/Karachi: (UTC+05:00) إسلام آباد، كاراتشي,
  Asia/Qyzylorda: (UTC+05:00) كيزيلوردا,
  Asia/Kolkata: (UTC+05:30) شيناي، كالكتا، مومباي، نيودلهي,
  Asia/Colombo: (UTC+05:30) سري جاياوردنبورا,
  Asia/Kathmandu: (UTC+05:45) كاثماندو,
  Asia/Almaty: (UTC+06:00) أستانا,
  Asia/Dhaka: (UTC+06:00) دكا,
  Asia/Omsk: (UTC+06:00) أومسك,
  Asia/Yangon: (UTC+06:30) ‏‏يانجون (رانجون),
  Asia/Bangkok: (UTC+07:00) بانكوك، هانوي، جاكرتا,
  Asia/Barnaul: (UTC+07:00) بارناول، غورنو - ألتايسك,
  Asia/Hovd: (UTC+07:00) هوفد,
  Asia/Krasnoyarsk: (UTC+07:00) كرازنويرسك,
  Asia/Novosibirsk: (UTC+07:00) نوفوسيبرسك,
  Asia/Tomsk: (UTC+07:00) تومسك,
  Asia/Shanghai: (UTC+08:00) بكين، شونجكينج، هونج كونج، أورومكي,
  Asia/Irkutsk: (UTC+08:00) إركوتسك,
  Asia/Singapore: (UTC+08:00) كوالا لامبور، سنغافورة,
  Australia/Perth: (UTC+08:00) بيرث,
  Asia/Taipei: (UTC+08:00) تايبيه,
  Asia/Ulaanbaatar: (UTC+08:00) أولان باتار,
  Australia/Eucla: (UTC+08:45) أوكلى,
  Asia/Chita: (UTC+09:00) شيتا,
  Asia/Tokyo: (UTC+09:00) أوساكا، سابورو، طوكيو,
  Asia/Pyongyang: (UTC+09:00) بيونغ يانغ,
  Asia/Seoul: (UTC+09:00) سيول,
  Asia/Yakutsk: (UTC+09:00) ياكوتسك,
  Australia/Adelaide: (UTC+09:30) أديلايد,
  Australia/Darwin: (UTC+09:30) داروين,
  Australia/Brisbane: (UTC+10:00) برسبن,
  Australia/Sydney: (UTC+10:00) كانبيرا، ملبورن، سيدني,
  Pacific/Port_Moresby: (UTC+10:00) جوام، بورت موريسبي,
  Australia/Hobart: (UTC+10:00) هوبارت,
  Asia/Vladivostok: (UTC+10:00) فلاديفوستوك,
  Australia/Lord_Howe: (UTC+10:30) جزيرة لورد هاو,
  Pacific/Bougainville: (UTC+11:00) جزيرة بوغانفيل,
  Asia/Srednekolymsk: (UTC+11:00) شوكورداخ,
  Asia/Magadan: (UTC+11:00) ماجادان,
  Pacific/Norfolk: (UTC+11:00) جزيرة نورفولك,
  Asia/Sakhalin: (UTC+11:00) سخالين,
  Pacific/Guadalcanal: (UTC+11:00) جزر سليمان، كاليدونيا الجديدة,
  Asia/Kamchatka: (UTC+12:00) أنادير، بتروبافلوفسك-كامتشاتسكي,
  Pacific/Auckland: (UTC+12:00) أوكلاند، ولنجتون,
  Etc/GMT-12: (UTC+12:00) التوقيت العالمي المتفق عليه+12,
  Pacific/Fiji: (UTC+12:00) فيجي,
  Pacific/Chatham: (UTC+12:45) جزر تشاتام,
  Etc/GMT-13: (UTC+13:00) التوقيت العالمي المتفق عليه+13,
  Pacific/Tongatapu: (UTC+13:00) نوكوالوفا,
  Pacific/Apia: (UTC+13:00) ساموا,
  Pacific/Kiritimati: (UTC+14:00) جزيرة كيريتيماتي
}