{
  Etc/GMT+12: (UTC-12:00) Міжнародна лінія зміни дат (захід),
  Etc/GMT+11: (UTC-11:00) всесвітній координований час-11,
  America/Adak: (UTC-10:00) Алеутські острови,
  Pacific/Honolulu: (UTC-10:00) Гаваї,
  Pacific/Marquesas: (UTC-09:30) Маркізькі острови,
  America/Anchorage: (UTC-09:00) Аляска,
  Etc/GMT+9: (UTC-09:00) всесвітній координований час-09,
  America/Tijuana: (UTC-08:00) Нижня Каліфорнія,
  Etc/GMT+8: (UTC-08:00) всесвітній координований час-08,
  America/Los_Angeles: (UTC-08:00) Тихоокеанський час (США та Канада),
  America/Phoenix: (UTC-07:00) Арізона,
  America/Mazatlan: (UTC-07:00) Чихуахуа, Ла-Пас, Мазатлан,
  America/Denver: (UTC-07:00) Гірський час (США та Канада),
  America/Whitehorse: (UTC-07:00) Юкон,
  America/Guatemala: (UTC-06:00) Центральна Америка,
  America/Chicago: (UTC-06:00) Центральний час (США та Канада),
  Pacific/Easter: (UTC-06:00) Острів Пасхи,
  America/Mexico_City: (UTC-06:00) Ґвадалахара, Мехіко, Монтеррей,
  America/Regina: (UTC-06:00) Саскачеван,
  America/Bogota: (UTC-05:00) Богота, Ліма, Кіто, Ріу-Бранку,
  America/Cancun: (UTC-05:00) Четумаль,
  America/New_York: (UTC-05:00) Східний час (США та Канада),
  America/Port-au-Prince: (UTC-05:00) Гаїті,
  America/Havana: (UTC-05:00) Гавана,
  America/Indiana/Indianapolis: (UTC-05:00) Індіана (схід),
  America/Grand_Turk: (UTC-05:00) Теркс і Кайкос,
  America/Asuncion: (UTC-04:00) Асунсьйон,
  America/Halifax: (UTC-04:00) Атлантичний час (Канада),
  America/Caracas: (UTC-04:00) Каракас,
  America/Cuiaba: (UTC-04:00) Куяба,
  America/La_Paz: (UTC-04:00) Джорджтаун, Ла-Пас, Манаус, Сан-Хуан,
  America/Santiago: (UTC-04:00) Сантьяґо,
  America/St_Johns: (UTC-03:30) Ньюфаундленд,
  America/Araguaina: (UTC-03:00) Арагуаіна,
  America/Sao_Paulo: (UTC-03:00) Бразиліа,
  America/Cayenne: (UTC-03:00) Каєнна, Форталеза,
  America/Argentina/Buenos_Aires: (UTC-03:00) Буенос-Айрес,
  America/Nuuk: (UTC-03:00) Ґренландія,
  America/Montevideo: (UTC-03:00) Монтевідео,
  America/Punta_Arenas: (UTC-03:00) Пунта-Аренас,
  America/Miquelon: (UTC-03:00) Сен-П’єр і Мікелон,
  America/Bahia: (UTC-03:00) Сальвадор,
  Etc/GMT+2: (UTC-02:00) всесвітній координований час-02,
  Atlantic/Azores: (UTC-01:00) Азорські о-ви,
  Atlantic/Cape_Verde: (UTC-01:00) Кабо-Верде,
  Etc/UTC: (UTC) всесвітній координований час,
  Europe/London: (UTC+00:00) Дублін, Единбург, Лісабон, Лондон,
  Africa/Abidjan: (UTC+00:00) Монровія, Рейк’явік,
  Africa/Sao_Tome: (UTC+00:00) Сан-Томе,
  Africa/Casablanca: (UTC+01:00) Касабланка,
  Europe/Berlin: (UTC+01:00) Амстердам, Берлін, Берн, Відень, Рим, Стокгольм,
  Europe/Budapest: (UTC+01:00) Белґрад, Братислава, Будапешт, Любляна, Прага,
  Europe/Paris: (UTC+01:00) Брюссель, Копенгаґен, Мадрид, Париж,
  Europe/Warsaw: (UTC+01:00) Сараєво, Скоп'є, Софія, Вільнюс, Варшава, Заґреб,
  Africa/Lagos: (UTC+01:00) Західна Центральна Африка,
  Europe/Bucharest: (UTC+02:00) Афіни, Бухарест,
  Asia/Beirut: (UTC+02:00) Бейрут,
  Africa/Cairo: (UTC+02:00) Каїр,
  Europe/Chisinau: (UTC+02:00) Кишинів,
  Asia/Damascus: (UTC+02:00) Дамаск,
  Asia/Hebron: (UTC+02:00) Сектор Гази, Хеврон,
  Africa/Johannesburg: (UTC+02:00) Хараре, Преторія,
  Europe/Kyiv: (UTC+02:00) Вільнюс, Гельсінкі, Київ, Рига, Софія, Таллінн,
  Asia/Jerusalem: (UTC+02:00) Єрусалим,
  Africa/Juba: (UTC+02:00) Джуба,
  Europe/Kaliningrad: (UTC+02:00) Калінінград,
  Africa/Khartoum: (UTC+02:00) Хартум,
  Africa/Tripoli: (UTC+02:00) Триполі,
  Africa/Windhoek: (UTC+02:00) Віндгук,
  Asia/Amman: (UTC+03:00) Амман,
  Asia/Baghdad: (UTC+03:00) Багдад,
  Europe/Istanbul: (UTC+03:00) Стамбул,
  Asia/Riyadh: (UTC+03:00) Кувейт, Ер-Ріяд,
  Europe/Minsk: (UTC+03:00) Мінськ,
  Europe/Simferopol: (UTC+03:00) Москва, Санкт-Петербург,
  Africa/Nairobi: (UTC+03:00) Найробі,
  Europe/Volgograd: (UTC+03:00) Волгоград,
  Asia/Tehran: (UTC+03:30) Тегеран,
  Asia/Dubai: (UTC+04:00) Абу-Дабі, Мускат,
  Europe/Astrakhan: (UTC+04:00) Астрахань, Ульяновськ,
  Asia/Baku: (UTC+04:00) Баку,
  Europe/Samara: (UTC+04:00) Іжевськ, Самара,
  Indian/Mauritius: (UTC+04:00) Порт-Луї,
  Europe/Saratov: (UTC+04:00) Саратов,
  Asia/Tbilisi: (UTC+04:00) Тбілісі,
  Asia/Yerevan: (UTC+04:00) Єреван,
  Asia/Kabul: (UTC+04:30) Кабул,
  Asia/Tashkent: (UTC+05:00) Ашґабат, Ташкент,
  Asia/Yekaterinburg: (UTC+05:00) Єкатеринбурґ,
  Asia/Karachi: (UTC+05:00) Ісламабад, Карачі,
  Asia/Qyzylorda: (UTC+05:00) Кизилорда,
  Asia/Kolkata: (UTC+05:30) Ченнаї, Колката, Мумбаї, Нью-Делі,
  Asia/Colombo: (UTC+05:30) Шрі-Джаяварденепура,
  Asia/Kathmandu: (UTC+05:45) Катманду,
  Asia/Almaty: (UTC+06:00) Астана,
  Asia/Dhaka: (UTC+06:00) Дакка,
  Asia/Omsk: (UTC+06:00) Омськ,
  Asia/Yangon: (UTC+06:30) Янґон,
  Asia/Bangkok: (UTC+07:00) Банґкок, Ханой, Джакарта,
  Asia/Barnaul: (UTC+07:00) Барнаул, Горно-Алтайськ,
  Asia/Hovd: (UTC+07:00) Кобдо,
  Asia/Krasnoyarsk: (UTC+07:00) Красноярськ,
  Asia/Novosibirsk: (UTC+07:00) Новосибірськ,
  Asia/Tomsk: (UTC+07:00) Томськ,
  Asia/Shanghai: (UTC+08:00) Пекін, Чхонджін, ОАР Гонконг, Урумчі,
  Asia/Irkutsk: (UTC+08:00) Іркутськ,
  Asia/Singapore: (UTC+08:00) Куала-Лумпур, Сінґапур,
  Australia/Perth: (UTC+08:00) Перт,
  Asia/Taipei: (UTC+08:00) Тайбей,
  Asia/Ulaanbaatar: (UTC+08:00) Улан-Батор,
  Australia/Eucla: (UTC+08:45) Юкла,
  Asia/Chita: (UTC+09:00) Чита,
  Asia/Tokyo: (UTC+09:00) Осака, Саппоро, Токіо,
  Asia/Pyongyang: (UTC+09:00) Пхеньян,
  Asia/Seoul: (UTC+09:00) Сеул,
  Asia/Yakutsk: (UTC+09:00) Якутськ,
  Australia/Adelaide: (UTC+09:30) Аделаїда,
  Australia/Darwin: (UTC+09:30) Дарвін,
  Australia/Brisbane: (UTC+10:00) Брісбен,
  Australia/Sydney: (UTC+10:00) Канберра, Мельбурн, Сідней,
  Pacific/Port_Moresby: (UTC+10:00) Ґуам, Порт-Морсбі,
  Australia/Hobart: (UTC+10:00) Гобарт,
  Asia/Vladivostok: (UTC+10:00) Владивосток,
  Australia/Lord_Howe: (UTC+10:30) Лорд-Хау,
  Pacific/Bougainville: (UTC+11:00) Острів Бугенвіль,
  Asia/Srednekolymsk: (UTC+11:00) Чокурдах,
  Asia/Magadan: (UTC+11:00) Магадан,
  Pacific/Norfolk: (UTC+11:00) Острів Норфолк,
  Asia/Sakhalin: (UTC+11:00) Сахалін,
  Pacific/Guadalcanal: (UTC+11:00) Соломонові о-ви, Нова Каледонія,
  Asia/Kamchatka: (UTC+12:00) Анадир, Петропавловськ-Камчатський,
  Pacific/Auckland: (UTC+12:00) Окленд, Веллінґтон,
  Etc/GMT-12: (UTC+12:00) всесвітній координований час+12,
  Pacific/Fiji: (UTC+12:00) Фіджі,
  Pacific/Chatham: (UTC+12:45) Чатем,
  Etc/GMT-13: (UTC+13:00) всесвітній координований час+13,
  Pacific/Tongatapu: (UTC+13:00) Нукуалофа,
  Pacific/Apia: (UTC+13:00) Самоа,
  Pacific/Kiritimati: (UTC+14:00) о. Кірітіматі
}