{
  Etc/GMT+12: (UTC-12:00) Oeste da Linha Internacional de Data,
  Etc/GMT+11: (UTC-11:00) Hora Universal Coordenada-11,
  America/Adak: (UTC-10:00) Ilhas Aleutas,
  Pacific/Honolulu: (UTC-10:00) Havai,
  Pacific/Marquesas: (UTC-09:30) Ilhas Marquesas,
  America/Anchorage: (UTC-09:00) Alasca,
  Etc/GMT+9: (UTC-09:00) Hora Universal Coordenada-09,
  America/Tijuana: (UTC-08:00) Baja California,
  Etc/GMT+8: (UTC-08:00) Hora Universal Coordenada-08,
  America/Los_Angeles: (UTC-08:00) Hora do Pacífico (E.U.A. e Canadá),
  America/Phoenix: (UTC-07:00) Arizona,
  America/Mazatlan: (UTC-07:00) La Paz, Mazatlan,
  America/Denver: (UTC-07:00) Hora das Regiões Montanhosas (E.U.A. e Canadá),
  America/Whitehorse: (UTC-07:00) Yukon,
  America/Guatemala: (UTC-06:00) América Central,
  America/Chicago: (UTC-06:00) Hora Central (E.U.A. e Canadá),
  Pacific/Easter: (UTC-06:00) Ilha da Páscoa,
  America/Mexico_City: (UTC-06:00) Guadalajara, Cidade do México, Monterrey,
  America/Regina: (UTC-06:00) Saskatchewan,
  America/Bogota: (UTC-05:00) Bogotá, Lima, Quito, Rio Branco,
  America/Cancun: (UTC-05:00) Chetumal,
  America/New_York: (UTC-05:00) Hora do Leste (E.U.A. e Canadá),
  America/Port-au-Prince: (UTC-05:00) Haiti,
  America/Havana: (UTC-05:00) Havana,
  America/Indiana/Indianapolis: (UTC-05:00) Indiana (Leste),
  America/Grand_Turk: (UTC-05:00) Ilhas Turcas e Caicos,
  America/Halifax: (UTC-04:00) Hora do Atlântico (Canadá),
  America/Caracas: (UTC-04:00) Caracas,
  America/Cuiaba: (UTC-04:00) Cuiabá,
  America/La_Paz: (UTC-04:00) Georgetown, La Paz, Manaus, São João,
  America/Santiago: (UTC-04:00) Santiago,
  America/St_Johns: (UTC-03:30) Terra Nova,
  America/Araguaina: (UTC-03:00) Araguaina,
  America/Asuncion: (UTC-03:00) Assunção,
  America/Sao_Paulo: (UTC-03:00) Brasília,
  America/Cayenne: (UTC-03:00) Caiena, Fortaleza,
  America/Argentina/Buenos_Aires: (UTC-03:00) Cidade de Buenos Aires,
  America/Montevideo: (UTC-03:00) Montevideu,
  America/Punta_Arenas: (UTC-03:00) Punta Arenas,
  America/Miquelon: (UTC-03:00) São Pedro e Miquelão,
  America/Bahia: (UTC-03:00) Salvador,
  Etc/GMT+2: (UTC-02:00) Hora Universal Coordenada-02,
  America/Nuuk: (UTC-02:00) Gronelândia,
  Atlantic/Azores: (UTC-01:00) Açores,
  Atlantic/Cape_Verde: (UTC-01:00) Ilhas de Cabo Verde,
  Etc/UTC: (UTC) Hora Universal Coordenada,
  Europe/Lisbon: (UTC+00:00) Dublin, Edimburgo, Lisboa, Londres,
  Africa/Abidjan: (UTC+00:00) Monróvia, Reiquiavique,
  Africa/Sao_Tome: (UTC+00:00) São Tomé,
  Africa/Casablanca: (UTC+01:00) Casablanca,
  Europe/Berlin: (UTC+01:00) Amesterdão, Berlim, Berna, Roma, Estocolmo, Viena,
  Europe/Budapest: (UTC+01:00) Belgrado, Bratislava, Budapeste, Liubliana, Praga,
  Europe/Paris: (UTC+01:00) Bruxelas, Copenhaga, Madrid, Paris,
  Europe/Warsaw: (UTC+01:00) Sarajevo, Skopje, Sófia, Varsóvia, Zagreb,
  Africa/Lagos: (UTC+01:00) África Centro Oeste,
  Europe/Bucharest: (UTC+02:00) Atenas, Bucareste,
  Asia/Beirut: (UTC+02:00) Beirute,
  Africa/Cairo: (UTC+02:00) Cairo,
  Europe/Chisinau: (UTC+02:00) Chisinau,
  Asia/Hebron: (UTC+02:00) Gaza, Hebrom,
  Africa/Johannesburg: (UTC+02:00) Harare, Pretória,
  Europe/Kyiv: (UTC+02:00) Helsínquia, Kiev, Riga, Sófia, Tallinn, Vilnius,
  Asia/Jerusalem: (UTC+02:00) Jerusalém,
  Africa/Juba: (UTC+02:00) Juba,
  Europe/Kaliningrad: (UTC+02:00) Kaliningrado,
  Africa/Khartoum: (UTC+02:00) Cartum,
  Africa/Tripoli: (UTC+02:00) Trípoli,
  Africa/Windhoek: (UTC+02:00) Windhoek,
  Asia/Amman: (UTC+03:00) Amã,
  Asia/Baghdad: (UTC+03:00) Bagdade,
  Asia/Damascus: (UTC+03:00) Damasco,
  Europe/Istanbul: (UTC+03:00) Istambul,
  Asia/Riyadh: (UTC+03:00) Kuwait, Riade,
  Europe/Minsk: (UTC+03:00) Minsk,
  Europe/Moscow: (UTC+03:00) Moscovo, S. Petersburgo,
  Africa/Nairobi: (UTC+03:00) Nairobi,
  Europe/Volgograd: (UTC+03:00) Volgogrado,
  Asia/Tehran: (UTC+03:30) Teerão,
  Asia/Dubai: (UTC+04:00) Abu Dhabi, Muscat,
  Europe/Astrakhan: (UTC+04:00) Astrakhan, Ulianovsk,
  Asia/Baku: (UTC+04:00) Baku,
  Europe/Samara: (UTC+04:00) Izhevsk, Samara,
  Indian/Mauritius: (UTC+04:00) Port Louis,
  Europe/Saratov: (UTC+04:00) Saratov,
  Asia/Tbilisi: (UTC+04:00) Tbilisi,
  Asia/Yerevan: (UTC+04:00) Yerevan,
  Asia/Kabul: (UTC+04:30) Cabul,
  Asia/Tashkent: (UTC+05:00) Achgabat, Tashkent,
  Asia/Qyzylorda: (UTC+05:00) Astana,
  Asia/Yekaterinburg: (UTC+05:00) Ecaterimburgo,
  Asia/Karachi: (UTC+05:00) Islamabade, Carachi,
  Asia/Kolkata: (UTC+05:30) Chennai, Kolkata (Calcutá), Mumbai, Nova Deli,
  Asia/Colombo: (UTC+05:30) Sri Jayawardenepura,
  Asia/Kathmandu: (UTC+05:45) Kathmandu,
  Asia/Bishkek: (UTC+06:00) Bishkek,
  Asia/Dhaka: (UTC+06:00) Daca,
  Asia/Omsk: (UTC+06:00) Omsk,
  Asia/Yangon: (UTC+06:30) Yangon (Rangoon),
  Asia/Bangkok: (UTC+07:00) Banguecoque, Hanói, Jacarta,
  Asia/Barnaul: (UTC+07:00) Barnaul, Gorno-Altaysk,
  Asia/Hovd: (UTC+07:00) Hovd,
  Asia/Krasnoyarsk: (UTC+07:00) Krasnoyarsk,
  Asia/Novosibirsk: (UTC+07:00) Novosibirsk,
  Asia/Tomsk: (UTC+07:00) Tomsk,
  Asia/Shanghai: (UTC+08:00) Pequim, Chongqing, RAE de Hong Kong, Urumqi,
  Asia/Irkutsk: (UTC+08:00) Irkutsk,
  Asia/Singapore: (UTC+08:00) Kuala Lumpur, Singapura,
  Australia/Perth: (UTC+08:00) Perth,
  Asia/Taipei: (UTC+08:00) Taipé,
  Asia/Ulaanbaatar: (UTC+08:00) Ulan Bator,
  Australia/Eucla: (UTC+08:45) Eucla,
  Asia/Chita: (UTC+09:00) Chita,
  Asia/Tokyo: (UTC+09:00) Osaca, Sapporo, Tóquio,
  Asia/Pyongyang: (UTC+09:00) Pyongyang,
  Asia/Seoul: (UTC+09:00) Seul,
  Asia/Yakutsk: (UTC+09:00) Yakutsk,
  Australia/Adelaide: (UTC+09:30) Adelaide,
  Australia/Darwin: (UTC+09:30) Darwin,
  Australia/Brisbane: (UTC+10:00) Brisbane,
  Australia/Sydney: (UTC+10:00) Camberra, Melbourne, Sidnei,
  Pacific/Port_Moresby: (UTC+10:00) Guam, Port Moresby,
  Australia/Hobart: (UTC+10:00) Hobart,
  Asia/Vladivostok: (UTC+10:00) Vladivostoque,
  Australia/Lord_Howe: (UTC+10:30) Ilha de Lord Howe,
  Pacific/Bougainville: (UTC+11:00) Ilha de Bougainville,
  Asia/Srednekolymsk: (UTC+11:00) Chokurdakh,
  Asia/Magadan: (UTC+11:00) Magadã,
  Pacific/Norfolk: (UTC+11:00) Ilha Norfolk,
  Asia/Sakhalin: (UTC+11:00) Sakhalin,
  Pacific/Guadalcanal: (UTC+11:00) Ilhas de Salomão, Nova Caledónia,
  Asia/Kamchatka: (UTC+12:00) Anadyr, Petropavlovsk-Kamchatsky,
  Pacific/Auckland: (UTC+12:00) Auckland, Wellington,
  Etc/GMT-12: (UTC+12:00) Hora Universal Coordenada+12,
  Pacific/Fiji: (UTC+12:00) Fiji,
  Pacific/Chatham: (UTC+12:45) Ilhas Chatham,
  Etc/GMT-13: (UTC+13:00) Hora Universal Coordenada+13,
  Pacific/Tongatapu: (UTC+13:00) Nuku'alofa,
  Pacific/Apia: (UTC+13:00) Samoa,
  Pacific/Kiritimati: (UTC+14:00) Ilha de Kiritimati
}