{
  Etc/GMT+12: (UTC-12:00) Línea internacional de cambio de fecha,
  Etc/GMT+11: (UTC-11:00) Hora universal coordinada-11,
  America/Adak: (UTC-10:00) Islas Aleutianas,
  Pacific/Honolulu: (UTC-10:00) Hawai,
  Pacific/Marquesas: (UTC-09:30) Islas Marquesas,
  America/Anchorage: (UTC-09:00) Alaska,
  Etc/GMT+9: (UTC-09:00) Hora universal coordinada-09,
  America/Tijuana: (UTC-08:00) Baja California,
  Etc/GMT+8: (UTC-08:00) Hora universal coordinada-08,
  America/Los_Angeles: (UTC-08:00) Hora del Pacífico (EE.UU. y Canadá),
  America/Phoenix: (UTC-07:00) Arizona,
  America/Mazatlan: (UTC-07:00) La Paz, Mazatlán,
  America/Denver: (UTC-07:00) Hora de las Montañas Rocosas (EE.UU. y Canadá),
  America/Whitehorse: (UTC-07:00) Yukon,
  America/Guatemala: (UTC-06:00) América Central,
  America/Chicago: (UTC-06:00) Hora central (EE.UU. y Canadá),
  Pacific/Easter: (UTC-06:00) Isla de Pascua,
  America/Mexico_City: (UTC-06:00) Guadalajara, Ciudad de México, Monterrey,
  America/Regina: (UTC-06:00) Saskatchewan,
  America/Bogota: (UTC-05:00) Bogotá, Lima, Quito, Rio Branco,
  America/Cancun: (UTC-05:00) Chetumal,
  America/New_York: (UTC-05:00) Hora del este (EE.UU. y Canadá),
  America/Port-au-Prince: (UTC-05:00) Haití,
  America/Havana: (UTC-05:00) La Habana,
  America/Indiana/Indianapolis: (UTC-05:00) Indiana (este),
  America/Grand_Turk: (UTC-05:00) Islas Turcas y Caicos,
  America/Halifax: (UTC-04:00) Hora del Atlántico (Canadá),
  America/Caracas: (UTC-04:00) Caracas,
  America/Cuiaba: (UTC-04:00) Cuiabá,
  America/La_Paz: (UTC-04:00) Georgetown, La Paz, Manaos, San Juan,
  America/Santiago: (UTC-04:00) Santiago,
  America/St_Johns: (UTC-03:30) Terranova,
  America/Araguaina: (UTC-03:00) Araguaína,
  America/Asuncion: (UTC-03:00) Asunción,
  America/Sao_Paulo: (UTC-03:00) Brasilia,
  America/Cayenne: (UTC-03:00) Cayena, Fortaleza,
  America/Argentina/Buenos_Aires: (UTC-03:00) Ciudad de Buenos Aires,
  America/Montevideo: (UTC-03:00) Montevideo,
  America/Punta_Arenas: (UTC-03:00) Punta Arenas,
  America/Miquelon: (UTC-03:00) San Pedro y Miquelón,
  America/Bahia: (UTC-03:00) Salvador,
  Etc/GMT+2: (UTC-02:00) Hora universal coordinada-02,
  America/Nuuk: (UTC-02:00) Groenlandia,
  Atlantic/Azores: (UTC-01:00) Azores,
  Atlantic/Cape_Verde: (UTC-01:00) Cabo Verde,
  Etc/UTC: (UTC) Hora universal coordinada,
  Atlantic/Canary: (UTC+00:00) Dublín, Edimburgo, Lisboa, Londres,
  Africa/Abidjan: (UTC+00:00) Monrovia, Reikiavik,
  Africa/Sao_Tome: (UTC+00:00) Santo Tomé,
  Africa/Casablanca: (UTC+01:00) Casablanca,
  Europe/Berlin: (UTC+01:00) Amsterdam, Berlín, Berna, Roma, Estocolmo, Viena,
  Europe/Budapest: (UTC+01:00) Belgrado, Bratislava, Budapest, Liubliana, Praga,
  Europe/Madrid: (UTC+01:00) Bruselas, Copenhague, Madrid, París,
  Europe/Warsaw: (UTC+01:00) Sarajevo, Skopie, Varsovia, Zagreb,
  Africa/Lagos: (UTC+01:00) África Central Occidental,
  Europe/Bucharest: (UTC+02:00) Atenas, Bucarest,
  Asia/Beirut: (UTC+02:00) Beirut,
  Africa/Cairo: (UTC+02:00) El Cairo,
  Europe/Chisinau: (UTC+02:00) Chisinau,
  Asia/Hebron: (UTC+02:00) Gaza, Hebrón,
  Africa/Johannesburg: (UTC+02:00) Harare, Pretoria,
  Europe/Kyiv: (UTC+02:00) Helsinki, Kiev, Riga, Sofía, Tallin, Vilna,
  Asia/Jerusalem: (UTC+02:00) Jerusalén,
  Africa/Juba: (UTC+02:00) Yuba,
  Europe/Kaliningrad: (UTC+02:00) Kaliningrado,
  Africa/Khartoum: (UTC+02:00) Jartum,
  Africa/Tripoli: (UTC+02:00) Trípoli,
  Africa/Windhoek: (UTC+02:00) Windhoek,
  Asia/Amman: (UTC+03:00) Ammán,
  Asia/Baghdad: (UTC+03:00) Bagdad,
  Asia/Damascus: (UTC+03:00) Damasco,
  Europe/Istanbul: (UTC+03:00) Estambul,
  Asia/Riyadh: (UTC+03:00) Kuwait, Riad,
  Europe/Minsk: (UTC+03:00) Minsk,
  Europe/Moscow: (UTC+03:00) Moscú, San Petersburgo,
  Africa/Nairobi: (UTC+03:00) Nairobi,
  Europe/Volgograd: (UTC+03:00) Volgogrado,
  Asia/Tehran: (UTC+03:30) Teherán,
  Asia/Dubai: (UTC+04:00) Abu Dabi, Mascate,
  Europe/Astrakhan: (UTC+04:00) Astrakhan, Ulyanovsk,
  Asia/Baku: (UTC+04:00) Bakú,
  Europe/Samara: (UTC+04:00) Izhevsk, Samara,
  Indian/Mauritius: (UTC+04:00) Port Louis,
  Europe/Saratov: (UTC+04:00) Sarátov,
  Asia/Tbilisi: (UTC+04:00) Tiflis,
  Asia/Yerevan: (UTC+04:00) Ereván,
  Asia/Kabul: (UTC+04:30) Kabul,
  Asia/Tashkent: (UTC+05:00) Asjabad, Tashkent,
  Asia/Qyzylorda: (UTC+05:00) Astaná,
  Asia/Yekaterinburg: (UTC+05:00) Ekaterimburgo,
  Asia/Karachi: (UTC+05:00) Islamabad, Karachi,
  Asia/Kolkata: (UTC+05:30) Chennai, Kolkata (Calcuta), Mumbai, Nueva Delhi,
  Asia/Colombo: (UTC+05:30) Sri Jayawardenepura,
  Asia/Kathmandu: (UTC+05:45) Katmandú,
  Asia/Bishkek: (UTC+06:00) Bishkek,
  Asia/Dhaka: (UTC+06:00) Dacca,
  Asia/Omsk: (UTC+06:00) Omsk,
  Asia/Yangon: (UTC+06:30) Yangón (Rangún),
  Asia/Bangkok: (UTC+07:00) Bangkok, Hanói, Yakarta,
  Asia/Barnaul: (UTC+07:00) Barnaul, Gorno-Altaysk,
  Asia/Hovd: (UTC+07:00) Hovd,
  Asia/Krasnoyarsk: (UTC+07:00) Krasnoyarsk,
  Asia/Novosibirsk: (UTC+07:00) Novosibirsk,
  Asia/Tomsk: (UTC+07:00) Tomsk,
  Asia/Shanghai: (UTC+08:00) Beijing, Chongqing, Hong Kong, Urumqi,
  Asia/Irkutsk: (UTC+08:00) Irkutsk,
  Asia/Singapore: (UTC+08:00) Kuala Lumpur, Singapur,
  Australia/Perth: (UTC+08:00) Perth,
  Asia/Taipei: (UTC+08:00) Taipéi,
  Asia/Ulaanbaatar: (UTC+08:00) Ulán Bator,
  Australia/Eucla: (UTC+08:45) Eucla,
  Asia/Chita: (UTC+09:00) Chita,
  Asia/Tokyo: (UTC+09:00) Osaka, Sapporo, Tokio,
  Asia/Pyongyang: (UTC+09:00) Pyongyang,
  Asia/Seoul: (UTC+09:00) Seúl,
  Asia/Yakutsk: (UTC+09:00) Yakutsk,
  Australia/Adelaide: (UTC+09:30) Adelaida,
  Australia/Darwin: (UTC+09:30) Darwin,
  Australia/Brisbane: (UTC+10:00) Brisbane,
  Australia/Sydney: (UTC+10:00) Canberra, Melbourne, Sídney,
  Pacific/Port_Moresby: (UTC+10:00) Guam, Port Moresby,
  Australia/Hobart: (UTC+10:00) Hobart,
  Asia/Vladivostok: (UTC+10:00) Vladivostok,
  Australia/Lord_Howe: (UTC+10:30) Isla Lord Howe,
  Pacific/Bougainville: (UTC+11:00) Isla Bougainville,
  Asia/Srednekolymsk: (UTC+11:00) Chokurdakh,
  Asia/Magadan: (UTC+11:00) Magadán,
  Pacific/Norfolk: (UTC+11:00) Isla Norfolk,
  Asia/Sakhalin: (UTC+11:00) Sajalín,
  Pacific/Guadalcanal: (UTC+11:00) Islas Salomón, Nueva Caledonia,
  Asia/Kamchatka: (UTC+12:00) Anadyr, Petropavlovsk-Kamchatsky,
  Pacific/Auckland: (UTC+12:00) Auckland, Wellington,
  Etc/GMT-12: (UTC+12:00) Hora universal coordinada+12,
  Pacific/Fiji: (UTC+12:00) Fiyi,
  Pacific/Chatham: (UTC+12:45) Islas Chatham,
  Etc/GMT-13: (UTC+13:00) Hora universal coordinada+13,
  Pacific/Tongatapu: (UTC+13:00) Nuku'alofa,
  Pacific/Apia: (UTC+13:00) Samoa,
  Pacific/Kiritimati: (UTC+14:00) Isla Kiritimati
}