{
  Etc/GMT+12: (UTC-12:00) Δυτική διεθνής γραμμή ημερομηνίας,
  Etc/GMT+11: (UTC-11:00) Συντονισμένη παγκόσμια ώρα-11,
  America/Adak: (UTC-10:00) Αλεούτιες Νήσοι,
  Pacific/Honolulu: (UTC-10:00) Χαβάη,
  Pacific/Marquesas: (UTC-09:30) Νήσοι Μαρκέζας,
  America/Anchorage: (UTC-09:00) Αλάσκα,
  Etc/GMT+9: (UTC-09:00) Συντονισμένη παγκόσμια ώρα-09,
  America/Tijuana: (UTC-08:00) Μπάχα Καλιφόρνια,
  Etc/GMT+8: (UTC-08:00) Συντονισμένη παγκόσμια ώρα-08,
  America/Los_Angeles: (UTC-08:00) Ώρα Ειρηνικού (Η.Π.Α. & Καναδάς),
  America/Phoenix: (UTC-07:00) Αριζόνα,
  America/Mazatlan: (UTC-07:00) Τσιουάουα, Λαπάζ, Μαζατλάν,
  America/Denver: (UTC-07:00) Ορεινή ώρα (Η.Π.Α. & Καναδάς),
  America/Whitehorse: (UTC-07:00) Γιούκον,
  America/Guatemala: (UTC-06:00) Κεντρική Αμερική,
  America/Chicago: (UTC-06:00) Κεντρική ώρα (Η.Π.Α. & Καναδάς),
  Pacific/Easter: (UTC-06:00) Νήσος του Πάσχα,
  America/Mexico_City: (UTC-06:00) Γκουανταλαχάρα, Πόλη του Μεξικού, Μοντερέυ,
  America/Regina: (UTC-06:00) Σασκάτσιουαν,
  America/Bogota: (UTC-05:00) Μπογκοτά, Λίμα, Κουίτο, Ρίο Μπράνκο,
  America/Cancun: (UTC-05:00) Τσετουμάλ,
  America/New_York: (UTC-05:00) Ανατολική ώρα (Η.Π.Α. & Καναδάς),
  America/Port-au-Prince: (UTC-05:00) Αϊτή,
  America/Havana: (UTC-05:00) Αβάνα,
  America/Indiana/Indianapolis: (UTC-05:00) Ιντιάνα (Ανατολική),
  America/Grand_Turk: (UTC-05:00) Τερκ και Κάικος,
  America/Asuncion: (UTC-04:00) Ασουνσιόν,
  America/Halifax: (UTC-04:00) Ώρα Ατλαντικού (Καναδάς),
  America/Caracas: (UTC-04:00) Καράκας,
  America/Cuiaba: (UTC-04:00) Κουιάμπα,
  America/La_Paz: (UTC-04:00) Τζόρτζταουν, Λα Παζ, Μανάους, Σαν Χουάν,
  America/Santiago: (UTC-04:00) Σαντιάγκο,
  America/St_Johns: (UTC-03:30) Νέα Γη,
  America/Araguaina: (UTC-03:00) Αραγκουαΐνα,
  America/Sao_Paulo: (UTC-03:00) Μπραζίλια,
  America/Cayenne: (UTC-03:00) Καγιέν, Φορταλέζα,
  America/Argentina/Buenos_Aires: (UTC-03:00) Μπουένος Άιρες,
  America/Nuuk: (UTC-03:00) Γροιλανδία,
  America/Montevideo: (UTC-03:00) Μοντεβιδέο,
  America/Punta_Arenas: (UTC-03:00) Πούντα Αρένας,
  America/Miquelon: (UTC-03:00) Σεν Πιερ και Μικελόν,
  America/Bahia: (UTC-03:00) Σαλβαδόρ,
  Etc/GMT+2: (UTC-02:00) Συντονισμένη παγκόσμια ώρα-02,
  Atlantic/Azores: (UTC-01:00) Αζόρες,
  Atlantic/Cape_Verde: (UTC-01:00) Νησιά Κάμπο Βέρντε,
  Etc/UTC: (UTC) Συντονισμένη παγκόσμια ώρα,
  Europe/London: (UTC+00:00) Δουβλίνο, Εδιμβούργο, Λισαβώνα, Λονδίνο,
  Africa/Abidjan: (UTC+00:00) Μονρόβια, Ρέικιαβικ,
  Africa/Sao_Tome: (UTC+00:00) Σάο Τομέ,
  Africa/Casablanca: (UTC+01:00) Καζαμπλάνκα,
  Europe/Berlin: (UTC+01:00) Άμστερνταμ, Βερολίνο, Βέρνη, Ρώμη, Στοκχόλμη, Βιέννη,
  Europe/Budapest: (UTC+01:00) Βελιγράδι, Μπρατισλάβα, Βουδαπέστη, Λουμπλιάνα, Πράγα,
  Europe/Paris: (UTC+01:00) Βρυξέλες, Κοπεγχάγη, Μαδρίτη, Παρίσι,
  Europe/Warsaw: (UTC+01:00) Σαράγεβο, Σκόπια, Βαρσοβία, Ζάγκρεμπ,
  Africa/Lagos: (UTC+01:00) Κεντροδυτική Αφρική,
  Europe/Athens: (UTC+02:00) Αθήνα, Βουκουρέστι,
  Asia/Beirut: (UTC+02:00) Βυρηττός,
  Africa/Cairo: (UTC+02:00) Κάιρο,
  Europe/Chisinau: (UTC+02:00) Κισινάου,
  Asia/Damascus: (UTC+02:00) Δαμασκός,
  Asia/Hebron: (UTC+02:00) Γάζα, Χεβρώνα,
  Africa/Johannesburg: (UTC+02:00) Χαράρε, Πραιτόρια,
  Europe/Kyiv: (UTC+02:00) Ελσίνκι, Κίεβο, Ρίγα, Σόφια, Ταλίν, Βίλνιους (Bίλνα),
  Asia/Jerusalem: (UTC+02:00) Ιερουσαλήμ,
  Africa/Juba: (UTC+02:00) Juba,
  Europe/Kaliningrad: (UTC+02:00) Καλίνινγκραντ,
  Africa/Khartoum: (UTC+02:00) Χαρτούμ,
  Africa/Tripoli: (UTC+02:00) Τρίπολη,
  Africa/Windhoek: (UTC+02:00) Γουίντχουκ,
  Asia/Amman: (UTC+03:00) Αμμάν,
  Asia/Baghdad: (UTC+03:00) Βαγδάτη,
  Europe/Istanbul: (UTC+03:00) Κωνσταντινούπολη,
  Asia/Riyadh: (UTC+03:00) Κουβέιτ, Ριάντ,
  Europe/Minsk: (UTC+03:00) Μινσκ,
  Europe/Moscow: (UTC+03:00) Μόσχα, Αγ. Πετρούπολη,
  Africa/Nairobi: (UTC+03:00) Ναϊρόμπι,
  Europe/Volgograd: (UTC+03:00) Βόλγκογκραντ,
  Asia/Tehran: (UTC+03:30) Τεχεράνη,
  Asia/Dubai: (UTC+04:00) Αμπού Ντάμπι, Μουσκάτ,
  Europe/Astrakhan: (UTC+04:00) Αστραχάν, Ουλιάνοφσκ,
  Asia/Baku: (UTC+04:00) Μπακού,
  Europe/Samara: (UTC+04:00) Ιζέβσκ, Σαμάρα,
  Indian/Mauritius: (UTC+04:00) Πορ Λουί,
  Europe/Saratov: (UTC+04:00) Σαράτοφ,
  Asia/Tbilisi: (UTC+04:00) Τιφλίδα,
  Asia/Yerevan: (UTC+04:00) Ερεβάν,
  Asia/Kabul: (UTC+04:30) Καμπούλ,
  Asia/Tashkent: (UTC+05:00) Ασχαμπάτ, Τασκένδη,
  Asia/Yekaterinburg: (UTC+05:00) Εκατερίνμπουργκ,
  Asia/Karachi: (UTC+05:00) Ισλαμαμπάντ, Καράτσι,
  Asia/Qyzylorda: (UTC+05:00) Κιζιλόρντα,
  Asia/Kolkata: (UTC+05:30) Τσενάι, Κολκάτα, Μουμπάι, Νέο Δελχί,
  Asia/Colombo: (UTC+05:30) Σρι Τζαγιαβαρνταναπούρα,
  Asia/Kathmandu: (UTC+05:45) Κατμαντού,
  Asia/Almaty: (UTC+06:00) Αστάνα,
  Asia/Dhaka: (UTC+06:00) Ντάκα,
  Asia/Omsk: (UTC+06:00) Ομσκ,
  Asia/Yangon: (UTC+06:30) Γιανγκόν (Ρανγκούν),
  Asia/Bangkok: (UTC+07:00) Μπανγκόκ, Ανόι, Τζακάρτα,
  Asia/Barnaul: (UTC+07:00) Μπαρναούλ, Γκόρνο-Αλτάισκ,
  Asia/Hovd: (UTC+07:00) Χοβντ,
  Asia/Krasnoyarsk: (UTC+07:00) Κρασνογιάρσκ,
  Asia/Novosibirsk: (UTC+07:00) Νοβοσιμπίρσκ,
  Asia/Tomsk: (UTC+07:00) Τομσκ,
  Asia/Shanghai: (UTC+08:00) Πεκίνο, Τσονγκ-κινγκ, Χονγκ Κονγκ ΕΔΠ,  Ουρούμκι,
  Asia/Irkutsk: (UTC+08:00) Ιρκούτσκ,
  Asia/Singapore: (UTC+08:00) Κουάλα Λουμπούρ, Σιγκαπούρη,
  Australia/Perth: (UTC+08:00) Περθ,
  Asia/Taipei: (UTC+08:00) Ταϊπέι,
  Asia/Ulaanbaatar: (UTC+08:00) Ουλάν Μπατόρ,
  Australia/Eucla: (UTC+08:45) Γιούκλα,
  Asia/Chita: (UTC+09:00) Τσιτά,
  Asia/Tokyo: (UTC+09:00) Οσάκα, Σαππόρο, Τόκιο,
  Asia/Pyongyang: (UTC+09:00) Πιονγκ Γιανγκ,
  Asia/Seoul: (UTC+09:00) Σεούλ,
  Asia/Yakutsk: (UTC+09:00) Γιακούτσκ,
  Australia/Adelaide: (UTC+09:30) Αδελαΐδα,
  Australia/Darwin: (UTC+09:30) Ντάργουιν,
  Australia/Brisbane: (UTC+10:00) Μπρίσμπεϊν,
  Australia/Sydney: (UTC+10:00) Καμπέρα, Μελβούρνη, Σίντνεϋ,
  Pacific/Port_Moresby: (UTC+10:00) Γκουάμ, Πορτ Μόρεσμπι,
  Australia/Hobart: (UTC+10:00) Χόμπαρτ,
  Asia/Vladivostok: (UTC+10:00) Βλαδιβοστόκ,
  Australia/Lord_Howe: (UTC+10:30) Νησί Λορντ Χάου,
  Pacific/Bougainville: (UTC+11:00) Νήσος Μπουγκενβίλ,
  Asia/Srednekolymsk: (UTC+11:00) Τσοκουρντάχ,
  Asia/Magadan: (UTC+11:00) Μάγκανταν,
  Pacific/Norfolk: (UTC+11:00) Νήσος Νόρφολκ,
  Asia/Sakhalin: (UTC+11:00) Σαχαλίνη,
  Pacific/Guadalcanal: (UTC+11:00) Νησιά Σολομώντα, Νέα Καληδονία,
  Asia/Kamchatka: (UTC+12:00) Αναντίρ, Πετροπαβλόσκ-Καμτσάτσκι,
  Pacific/Auckland: (UTC+12:00) Όκλαντ, Γουέλλινγκτον,
  Etc/GMT-12: (UTC+12:00) Συντονισμένη παγκόσμια ώρα+12,
  Pacific/Fiji: (UTC+12:00) Φίτζι,
  Pacific/Chatham: (UTC+12:45) Νήσοι Τσάταμ,
  Etc/GMT-13: (UTC+13:00) Συντονισμένη παγκόσμια ώρα+13,
  Pacific/Tongatapu: (UTC+13:00) Νουκουαλόφα,
  Pacific/Apia: (UTC+13:00) Σαμόα,
  Pacific/Kiritimati: (UTC+14:00) Κιριμάτι
}