{
  Etc/GMT+12: (UTC-12:00) Medzinárodná dátumová hranica – západ,
  Etc/GMT+11: (UTC-11:00) Koordinovaný svetový čas-11,
  America/Adak: (UTC-10:00) Aleuty,
  Pacific/Honolulu: (UTC-10:00) Havaj,
  Pacific/Marquesas: (UTC-09:30) Markézy,
  America/Anchorage: (UTC-09:00) Aljaška,
  Etc/GMT+9: (UTC-09:00) Koordinovaný svetový čas-09,
  America/Tijuana: (UTC-08:00) Baja California,
  Etc/GMT+8: (UTC-08:00) Koordinovaný svetový čas-08,
  America/Los_Angeles: (UTC-08:00) Tichomorský čas (USA a Kanada),
  America/Phoenix: (UTC-07:00) Arizona,
  America/Mazatlan: (UTC-07:00) Chihuahua, La Paz, Mazatlan,
  America/Denver: (UTC-07:00) Horský čas (USA a Kanada),
  America/Whitehorse: (UTC-07:00) Yukon,
  America/Guatemala: (UTC-06:00) Stredná Amerika,
  America/Chicago: (UTC-06:00) Centrálny čas (USA a Kanada),
  Pacific/Easter: (UTC-06:00) Veľkonočný ostrov,
  America/Mexico_City: (UTC-06:00) Guadalajara, Mexico City, Monterrey,
  America/Regina: (UTC-06:00) Saskatchewan,
  America/Bogota: (UTC-05:00) Bogota, Lima, Quito, Rio Branco,
  America/Cancun: (UTC-05:00) Chetumal,
  America/New_York: (UTC-05:00) Východný čas (USA a Kanada),
  America/Port-au-Prince: (UTC-05:00) Haiti,
  America/Havana: (UTC-05:00) Havana,
  America/Indiana/Indianapolis: (UTC-05:00) Indiana (východ),
  America/Grand_Turk: (UTC-05:00) Turks and Caicos,
  America/Asuncion: (UTC-04:00) Asunción,
  America/Halifax: (UTC-04:00) Atlantický čas (Kanada),
  America/Caracas: (UTC-04:00) Caracas,
  America/Cuiaba: (UTC-04:00) Cuiaba,
  America/La_Paz: (UTC-04:00) Georgetown, La Paz, Manaus, San Juan,
  America/Santiago: (UTC-04:00) Santiago,
  America/St_Johns: (UTC-03:30) Newfoundland,
  America/Araguaina: (UTC-03:00) Araguaína,
  America/Sao_Paulo: (UTC-03:00) Brazília,
  America/Cayenne: (UTC-03:00) Cayenne, Fortaleza,
  America/Argentina/Buenos_Aires: (UTC-03:00) Buenos Aires,
  America/Nuuk: (UTC-03:00) Grónsko,
  America/Montevideo: (UTC-03:00) Montevideo,
  America/Punta_Arenas: (UTC-03:00) Punta Arenas,
  America/Miquelon: (UTC-03:00) Saint Pierre a Miquelon,
  America/Bahia: (UTC-03:00) Salvádor,
  Etc/GMT+2: (UTC-02:00) Koordinovaný svetový čas-02,
  Atlantic/Azores: (UTC-01:00) Azory,
  Atlantic/Cape_Verde: (UTC-01:00) Cabo Verde (Kapverdy),
  Etc/UTC: (UTC) Koordinovaný svetový čas,
  Europe/London: (UTC+00:00) Dublin, Edinburgh, Lisabon, Londýn,
  Africa/Abidjan: (UTC+00:00) Monrovia, Reykjavík,
  Africa/Sao_Tome: (UTC+00:00) Svätý Tomáš,
  Africa/Casablanca: (UTC+01:00) Casablanca,
  Europe/Berlin: (UTC+01:00) Berlín, Amsterdam, Bern, Rím, Štokholm, Viedeň,
  Europe/Bratislava: (UTC+01:00) Belehrad, Bratislava, Budapešť, Ľubľana, Praha,
  Europe/Paris: (UTC+01:00) Brusel, Kodaň, Madrid, Paríž,
  Europe/Warsaw: (UTC+01:00) Sarajevo, Skopje, Varšava, Záhreb,
  Africa/Lagos: (UTC+01:00) Západ strednej Afriky,
  Europe/Bucharest: (UTC+02:00) Atény, Bukurešť,
  Asia/Beirut: (UTC+02:00) Bejrút,
  Africa/Cairo: (UTC+02:00) Káhira,
  Europe/Chisinau: (UTC+02:00) Kišiňov,
  Asia/Damascus: (UTC+02:00) Damask,
  Asia/Hebron: (UTC+02:00) Gaza, Hebron,
  Africa/Johannesburg: (UTC+02:00) Harare, Pretória,
  Europe/Kyiv: (UTC+02:00) Helsinki, Kyjev, Riga, Sofia, Tallin, Vilnius,
  Asia/Jerusalem: (UTC+02:00) Jeruzalem,
  Africa/Juba: (UTC+02:00) Juba,
  Europe/Kaliningrad: (UTC+02:00) Kaliningrad,
  Africa/Khartoum: (UTC+02:00) Chartúm,
  Africa/Tripoli: (UTC+02:00) Tripolis,
  Africa/Windhoek: (UTC+02:00) Windhoek,
  Asia/Amman: (UTC+03:00) Ammán,
  Asia/Baghdad: (UTC+03:00) Bagdad,
  Europe/Istanbul: (UTC+03:00) Istanbul,
  Asia/Riyadh: (UTC+03:00) Kuvajt, Rijád,
  Europe/Minsk: (UTC+03:00) Minsk,
  Europe/Moscow: (UTC+03:00) Moskva, Sankt Peterburg,
  Africa/Nairobi: (UTC+03:00) Nairobi,
  Europe/Volgograd: (UTC+03:00) Volgograd,
  Asia/Tehran: (UTC+03:30) Teherán,
  Asia/Dubai: (UTC+04:00) Abú Dabí, Muscat,
  Europe/Astrakhan: (UTC+04:00) Astrachán, Ulianovsk,
  Asia/Baku: (UTC+04:00) Baku,
  Europe/Samara: (UTC+04:00) Iževsk, Samara,
  Indian/Mauritius: (UTC+04:00) Port Louis,
  Europe/Saratov: (UTC+04:00) Saratov,
  Asia/Tbilisi: (UTC+04:00) Tbilisi,
  Asia/Yerevan: (UTC+04:00) Jerevan,
  Asia/Kabul: (UTC+04:30) Kábul,
  Asia/Tashkent: (UTC+05:00) Ašchabad, Taškent,
  Asia/Yekaterinburg: (UTC+05:00) Jekaterinburg,
  Asia/Karachi: (UTC+05:00) Islamabad, Karáčí,
  Asia/Qyzylorda: (UTC+05:00) Kyzylorda,
  Asia/Kolkata: (UTC+05:30) Chennai, Kolkata (Kalkata), Mumbai (Bombaj), Nai Díllí,
  Asia/Colombo: (UTC+05:30) Srí Jayawardenepura,
  Asia/Kathmandu: (UTC+05:45) Káthmándú,
  Asia/Almaty: (UTC+06:00) Astana,
  Asia/Dhaka: (UTC+06:00) Dháka,
  Asia/Omsk: (UTC+06:00) Omsk,
  Asia/Yangon: (UTC+06:30) Yangoun (Rangún),
  Asia/Bangkok: (UTC+07:00) Bangkok, Hanoj, Džakarta,
  Asia/Barnaul: (UTC+07:00) Barnaul, Gorno-Altajsk,
  Asia/Hovd: (UTC+07:00) Chovd,
  Asia/Krasnoyarsk: (UTC+07:00) Krasnojarsk,
  Asia/Novosibirsk: (UTC+07:00) Novosibirsk,
  Asia/Tomsk: (UTC+07:00) Tomsk,
  Asia/Shanghai: (UTC+08:00) Peking, Chongqing, Hong Kong, Urumqi,
  Asia/Irkutsk: (UTC+08:00) Irkutsk,
  Asia/Singapore: (UTC+08:00) Kuala Lumpur, Singapur,
  Australia/Perth: (UTC+08:00) Perth,
  Asia/Taipei: (UTC+08:00) Taipei,
  Asia/Ulaanbaatar: (UTC+08:00) Ulánbátar,
  Australia/Eucla: (UTC+08:45) Eucla,
  Asia/Chita: (UTC+09:00) Čita,
  Asia/Tokyo: (UTC+09:00) Osaka, Sapporo, Tokio,
  Asia/Pyongyang: (UTC+09:00) Pchjongjang,
  Asia/Seoul: (UTC+09:00) Soul,
  Asia/Yakutsk: (UTC+09:00) Jakutsk,
  Australia/Adelaide: (UTC+09:30) Adelaide,
  Australia/Darwin: (UTC+09:30) Darwin,
  Australia/Brisbane: (UTC+10:00) Brisbane,
  Australia/Sydney: (UTC+10:00) Canberra, Melbourne, Sydney,
  Pacific/Port_Moresby: (UTC+10:00) Guam, Port Moresby,
  Australia/Hobart: (UTC+10:00) Hobart,
  Asia/Vladivostok: (UTC+10:00) Vladivostok,
  Australia/Lord_Howe: (UTC+10:30) Ostrov lorda Howa,
  Pacific/Bougainville: (UTC+11:00) Bougainville,
  Asia/Srednekolymsk: (UTC+11:00) Chokurdakh,
  Asia/Magadan: (UTC+11:00) Magadan,
  Pacific/Norfolk: (UTC+11:00) Norfolk,
  Asia/Sakhalin: (UTC+11:00) Sachalin,
  Pacific/Guadalcanal: (UTC+11:00) Šalamúnove ostrovy, Nová Kaledónia,
  Asia/Kamchatka: (UTC+12:00) Anadyr, Petropavlovsk-Kamčatskij,
  Pacific/Auckland: (UTC+12:00) Auckland, Wellington,
  Etc/GMT-12: (UTC+12:00) Koordinovaný svetový čas+12,
  Pacific/Fiji: (UTC+12:00) Fidži,
  Pacific/Chatham: (UTC+12:45) Chathamove ostrovy,
  Etc/GMT-13: (UTC+13:00) Koordinovaný svetový čas+13,
  Pacific/Tongatapu: (UTC+13:00) Nuku’alofa,
  Pacific/Apia: (UTC+13:00) Samoa,
  Pacific/Kiritimati: (UTC+14:00) ostrov Kirimati
}