{
  Etc/GMT+12: (UTC-12:00) Beynəlxalq Qərbi Sutka Xətti,
  Etc/GMT+11: (UTC-11:00) Koordinasiya Edilmiş Universal Vaxt-11,
  America/Adak: (UTC-10:00) Aleut adaları,
  Pacific/Honolulu: (UTC-10:00) Havay,
  Pacific/Marquesas: (UTC-09:30) Markiz adaları,
  America/Anchorage: (UTC-09:00) Alyaska,
  Etc/GMT+9: (UTC-09:00) Koordinasiya Edilmiş Universal Vaxt-09,
  America/Tijuana: (UTC-08:00) Baja Kaliforniya,
  Etc/GMT+8: (UTC-08:00) Koordinasiya Edilmiş Universal Vaxt-08,
  America/Los_Angeles: (UTC-08:00) Sakit Okean Vaxtı (ABŞ və Kanada),
  America/Phoenix: (UTC-07:00) Arizona,
  America/Mazatlan: (UTC-07:00) La-Pas, Masatlan,
  America/Denver: (UTC-07:00) Dağlıq Vaxtı (ABŞ və Kanada),
  America/Whitehorse: (UTC-07:00) Yukon,
  America/Guatemala: (UTC-06:00) Mərkəzi Amerika,
  America/Chicago: (UTC-06:00) Mərkəzi Vaxt (ABŞ və Kanada),
  Pacific/Easter: (UTC-06:00) Pasxa Adası,
  America/Mexico_City: (UTC-06:00) Qvadalaxara, Meksiko Şəhəri, Monterrey,
  America/Regina: (UTC-06:00) Saskatçevan,
  America/Bogota: (UTC-05:00) Boqota, Lima, Kvito, Rio Branko,
  America/Cancun: (UTC-05:00) Çetumal,
  America/New_York: (UTC-05:00) Şərq Vaxtı (ABŞ və Kanada),
  America/Port-au-Prince: (UTC-05:00) Haiti,
  America/Havana: (UTC-05:00) Havana,
  America/Indiana/Indianapolis: (UTC-05:00) İndiana (Şərq),
  America/Grand_Turk: (UTC-05:00) Törks və Kaykos adaları,
  America/Halifax: (UTC-04:00) Atlantik Vaxtı (Kanada),
  America/Caracas: (UTC-04:00) Karakas,
  America/Cuiaba: (UTC-04:00) Kuiaba,
  America/La_Paz: (UTC-04:00) Corctaun, La Paz, Manau, San Xuan,
  America/Santiago: (UTC-04:00) Santyaqo,
  America/St_Johns: (UTC-03:30) Nyufaundland,
  America/Araguaina: (UTC-03:00) Araquayana,
  America/Asuncion: (UTC-03:00) Asunsion,
  America/Sao_Paulo: (UTC-03:00) Braziliya,
  America/Cayenne: (UTC-03:00) Kayen, Fortaleza,
  America/Argentina/Buenos_Aires: (UTC-03:00) Buenos Ayres,
  America/Montevideo: (UTC-03:00) Montevideo,
  America/Punta_Arenas: (UTC-03:00) Punta Arenas,
  America/Miquelon: (UTC-03:00) Sent-Pyer və Mikelon,
  America/Bahia: (UTC-03:00) Salvador,
  Etc/GMT+2: (UTC-02:00) Koordinasiya Edilmiş Universal Vaxt-02,
  America/Nuuk: (UTC-02:00) Qrenlandiya,
  Atlantic/Azores: (UTC-01:00) Azor Adaları,
  Atlantic/Cape_Verde: (UTC-01:00) Kabo-Verde Adaları,
  Etc/UTC: (UTC) Koordinasiya Edilmiş Universal Vaxt,
  Europe/London: (UTC+00:00) Dublin, Edinburq, Lissabon, London,
  Africa/Abidjan: (UTC+00:00) Monroviya, Reykyavik,
  Africa/Sao_Tome: (UTC+00:00) San-Tome,
  Africa/Casablanca: (UTC+01:00) Kasablanka,
  Europe/Berlin: (UTC+01:00) Amsterdam, Berlin, Bern, Roma, Stokholm, Viyana,
  Europe/Budapest: (UTC+01:00) Belqrad, Bratislava, Budapeşt, Lyublyana, Praqa,
  Europe/Paris: (UTC+01:00) Brüssel, Kopenhagen, Madrid, Paris,
  Europe/Warsaw: (UTC+01:00) Sarayevo, Skopye, Varşava, Zaqreb,
  Africa/Lagos: (UTC+01:00) Qərbi Mərkəzi Afrika,
  Europe/Bucharest: (UTC+02:00) Afina, Buxarest,
  Asia/Beirut: (UTC+02:00) Beyrut,
  Africa/Cairo: (UTC+02:00) Qahirə,
  Europe/Chisinau: (UTC+02:00) Çisinau,
  Asia/Hebron: (UTC+02:00) Qaza, Hebron,
  Africa/Johannesburg: (UTC+02:00) Harare, Pretoriya,
  Europe/Kyiv: (UTC+02:00) Helsinki, Kiyev, Riqa, Sofiya, Tallin, Vilnüs,
  Asia/Jerusalem: (UTC+02:00) Yerusəlim,
  Africa/Juba: (UTC+02:00) Juba,
  Europe/Kaliningrad: (UTC+02:00) Kalininqrad,
  Africa/Khartoum: (UTC+02:00) Xartum,
  Africa/Tripoli: (UTC+02:00) Tripoli,
  Africa/Windhoek: (UTC+02:00) Vindoek,
  Asia/Amman: (UTC+03:00) Amman,
  Asia/Baghdad: (UTC+03:00) Bağdad,
  Asia/Damascus: (UTC+03:00) Dəməşq,
  Europe/Istanbul: (UTC+03:00) İstanbul,
  Asia/Riyadh: (UTC+03:00) Küveyt, Riyad,
  Europe/Minsk: (UTC+03:00) Minsk,
  Europe/Moscow: (UTC+03:00) Moskva, Sankt-Peterburq,
  Africa/Nairobi: (UTC+03:00) Nayrobi,
  Europe/Volgograd: (UTC+03:00) Volqoqrad,
  Asia/Tehran: (UTC+03:30) Tehran,
  Asia/Dubai: (UTC+04:00) Abu dabi, Muskat,
  Europe/Astrakhan: (UTC+04:00) Həştərxan, Ulyanovsk,
  Asia/Baku: (UTC+04:00) Bakı,
  Europe/Samara: (UTC+04:00) İjevsk, Samara,
  Indian/Mauritius: (UTC+04:00) Port Luiz,
  Europe/Saratov: (UTC+04:00) Saratov,
  Asia/Tbilisi: (UTC+04:00) Tbilisi,
  Asia/Yerevan: (UTC+04:00) Yerevan,
  Asia/Kabul: (UTC+04:30) Kabul,
  Asia/Tashkent: (UTC+05:00) Aşqabat, Daşkənd,
  Asia/Qyzylorda: (UTC+05:00) Astana,
  Asia/Yekaterinburg: (UTC+05:00) Yekaterinburq,
  Asia/Karachi: (UTC+05:00) İslamabad, Karaçi,
  Asia/Kolkata: (UTC+05:30) Çennay, Kəlküttə, Mumbay, Yeni Delhi,
  Asia/Colombo: (UTC+05:30) Şri Jayavardenepura,
  Asia/Kathmandu: (UTC+05:45) Katmandu,
  Asia/Bishkek: (UTC+06:00) Bişkek,
  Asia/Dhaka: (UTC+06:00) Dəkkə,
  Asia/Omsk: (UTC+06:00) Omsk,
  Asia/Yangon: (UTC+06:30) Yanqon (Ranqun),
  Asia/Bangkok: (UTC+07:00) Banqkok, Hanoy, Cakarta,
  Asia/Barnaul: (UTC+07:00) Barnaul, Qorno-Altaysk,
  Asia/Hovd: (UTC+07:00) Hovd,
  Asia/Krasnoyarsk: (UTC+07:00) Krasnoyarsk,
  Asia/Novosibirsk: (UTC+07:00) Novosibirsk,
  Asia/Tomsk: (UTC+07:00) Tomsk,
  Asia/Shanghai: (UTC+08:00) Pekin, Çonqkinq, Honq Konq, Urumçi,
  Asia/Irkutsk: (UTC+08:00) İrkutsk,
  Asia/Singapore: (UTC+08:00) Kuala Lumpur, Sinqapur,
  Australia/Perth: (UTC+08:00) Pert,
  Asia/Taipei: (UTC+08:00) Taypey,
  Asia/Ulaanbaatar: (UTC+08:00) Ulanbator,
  Australia/Eucla: (UTC+08:45) Eukla,
  Asia/Chita: (UTC+09:00) Çita,
  Asia/Tokyo: (UTC+09:00) Osaka, Sapporo, Tokio,
  Asia/Pyongyang: (UTC+09:00) Pyonqyanq,
  Asia/Seoul: (UTC+09:00) Seul,
  Asia/Yakutsk: (UTC+09:00) Yakutsk,
  Australia/Adelaide: (UTC+09:30) Adelayde,
  Australia/Darwin: (UTC+09:30) Darvin,
  Australia/Brisbane: (UTC+10:00) Brizbeyn,
  Australia/Sydney: (UTC+10:00) Kanberra, Melburn, Sidney,
  Pacific/Port_Moresby: (UTC+10:00) Quam, Port Moresbi,
  Australia/Hobart: (UTC+10:00) Hobart,
  Asia/Vladivostok: (UTC+10:00) Vladivostok,
  Australia/Lord_Howe: (UTC+10:30) Lord Houv Adası,
  Pacific/Bougainville: (UTC+11:00) Buqenvil adası,
  Asia/Srednekolymsk: (UTC+11:00) Çokurdağ,
  Asia/Magadan: (UTC+11:00) Maqadan,
  Pacific/Norfolk: (UTC+11:00) Norfolk adası,
  Asia/Sakhalin: (UTC+11:00) Saxalin,
  Pacific/Guadalcanal: (UTC+11:00) Solomon Ad., Yeni Kaledoniya,
  Asia/Kamchatka: (UTC+12:00) Anadır, Petropavlovsk-Kamçatski,
  Pacific/Auckland: (UTC+12:00) Auklend, Vellinqton,
  Etc/GMT-12: (UTC+12:00) Koordinasiya Edilmiş Universal Vaxt+12,
  Pacific/Fiji: (UTC+12:00) Fici,
  Pacific/Chatham: (UTC+12:45) Çatem adaları,
  Etc/GMT-13: (UTC+13:00) Koordinasiya Edilmiş Universal Vaxt+13,
  Pacific/Tongatapu: (UTC+13:00) Nukualofa,
  Pacific/Apia: (UTC+13:00) Samoa,
  Pacific/Kiritimati: (UTC+14:00) Kiritimati Adası
}