{
  Etc/GMT+12: (UTC-12:00) 國際換日線以西,
  Etc/GMT+11: (UTC-11:00) 國際標準時間-11,
  America/Adak: (UTC-10:00) 阿留申群島,
  Pacific/Honolulu: (UTC-10:00) 夏威夷,
  Pacific/Marquesas: (UTC-09:30) 馬克沙斯群島,
  America/Anchorage: (UTC-09:00) 阿拉斯加,
  Etc/GMT+9: (UTC-09:00) 國際標準時間-09,
  America/Tijuana: (UTC-08:00) 下加利福尼亞,
  Etc/GMT+8: (UTC-08:00) 國際標準時間-08,
  America/Los_Angeles: (UTC-08:00) 太平洋時間 (美國和加拿大),
  America/Phoenix: (UTC-07:00) 亞歷桑那,
  America/Chihuahua: (UTC-07:00) 齊驊華，拉帕茲，馬札特蘭,
  America/Denver: (UTC-07:00) 山區時間 (美國和加拿大),
  America/Whitehorse: (UTC-07:00) 育空,
  America/Guatemala: (UTC-06:00) 中美洲,
  America/Chicago: (UTC-06:00) 中部時間 (美國和加拿大),
  Pacific/Easter: (UTC-06:00) 伊斯特島,
  America/Mexico_City: (UTC-06:00) 瓜達拉加若，墨西哥城，蒙特利,
  America/Regina: (UTC-06:00) 薩克其萬 (加拿大),
  America/Bogota: (UTC-05:00) 波哥大，利馬，基多，里約布蘭科,
  America/Cancun: (UTC-05:00) 切圖馬爾,
  America/New_York: (UTC-05:00) 東部時間 (美國和加拿大),
  America/Port-au-Prince: (UTC-05:00) 海地,
  America/Havana: (UTC-05:00) 哈瓦那,
  America/Indiana/Indianapolis: (UTC-05:00) 印第安納 (東部),
  America/Grand_Turk: (UTC-05:00) 土克斯及開科斯,
  America/Asuncion: (UTC-04:00) 亞松森,
  America/Halifax: (UTC-04:00) 大西洋時間 (加拿大),
  America/Caracas: (UTC-04:00) 卡拉卡斯,
  America/Cuiaba: (UTC-04:00) 古雅巴,
  America/La_Paz: (UTC-04:00) 佐治敦，拉帕茲，瑪瑙斯，聖胡安,
  America/Santiago: (UTC-04:00) 聖地牙哥,
  America/St_Johns: (UTC-03:30) 紐芬蘭,
  America/Araguaina: (UTC-03:00) 阿拉瓜伊納,
  America/Sao_Paulo: (UTC-03:00) 巴西利亞,
  America/Cayenne: (UTC-03:00) 開雲，福塔力沙,
  America/Argentina/Buenos_Aires: (UTC-03:00) 布宜諾斯艾利斯,
  America/Nuuk: (UTC-03:00) 格陵蘭,
  America/Montevideo: (UTC-03:00) 蒙特維多,
  America/Punta_Arenas: (UTC-03:00) 蓬塔阿雷納斯,
  America/Miquelon: (UTC-03:00) 聖匹島,
  America/Bahia: (UTC-03:00) 薩爾瓦多,
  Etc/GMT+2: (UTC-02:00) 國際標準時間-02,
  Atlantic/Azores: (UTC-01:00) 亞速爾群島,
  Atlantic/Cape_Verde: (UTC-01:00) 維德角,
  Etc/UTC: (UTC) 國際標准時間,
  Europe/London: (UTC+00:00) 都柏林，愛丁堡，里斯本，倫敦,
  Africa/Abidjan: (UTC+00:00) 蒙羅維亞，雷克雅維克,
  Africa/Sao_Tome: (UTC+00:00) 聖多美普林西比,
  Africa/Casablanca: (UTC+01:00) 卡薩布蘭卡,
  Europe/Berlin: (UTC+01:00) 阿姆斯特丹，柏林，伯恩，羅馬，斯德哥爾摩，維也納,
  Europe/Budapest: (UTC+01:00) 貝爾格勒，布拉提斯拉瓦，布達佩斯，盧布亞納，布拉格,
  Europe/Paris: (UTC+01:00) 布魯塞爾，哥本哈根，馬德里，巴黎,
  Europe/Warsaw: (UTC+01:00) 塞拉耶佛，斯高彼亞，華沙，札格雷布,
  Africa/Lagos: (UTC+01:00) 中西非,
  Europe/Bucharest: (UTC+02:00) 雅典，布加勒斯特,
  Asia/Beirut: (UTC+02:00) 貝魯特,
  Africa/Cairo: (UTC+02:00) 開羅,
  Europe/Chisinau: (UTC+02:00) 奇西瑙,
  Asia/Damascus: (UTC+02:00) 大馬士革,
  Asia/Hebron: (UTC+02:00) 加薩，希伯侖,
  Africa/Johannesburg: (UTC+02:00) 哈拉雷，皮托里,
  Europe/Kyiv: (UTC+02:00) 赫爾辛基，凱耶夫，里加，蘇非亞，塔林，維爾紐斯,
  Asia/Jerusalem: (UTC+02:00) 耶路撒冷,
  Africa/Juba: (UTC+02:00) 朱巴,
  Europe/Kaliningrad: (UTC+02:00) 卡里寧格勒,
  Africa/Khartoum: (UTC+02:00) 喀土穆,
  Africa/Tripoli: (UTC+02:00) 的黎波里,
  Africa/Windhoek: (UTC+02:00) 溫吐克,
  Asia/Amman: (UTC+03:00) 安曼,
  Asia/Baghdad: (UTC+03:00) 巴格達,
  Europe/Istanbul: (UTC+03:00) 伊斯坦堡,
  Asia/Riyadh: (UTC+03:00) 科威特，利雅德,
  Europe/Minsk: (UTC+03:00) 明斯克,
  Europe/Moscow: (UTC+03:00) 莫斯科，聖彼得堡,
  Africa/Nairobi: (UTC+03:00) 奈洛比,
  Europe/Volgograd: (UTC+03:00) 伏爾加格勒,
  Asia/Tehran: (UTC+03:30) 德黑蘭,
  Asia/Dubai: (UTC+04:00) 阿布達比，馬斯喀特,
  Europe/Astrakhan: (UTC+04:00) 阿斯特拉罕，烏里揚諾夫斯克,
  Asia/Baku: (UTC+04:00) 巴庫,
  Europe/Samara: (UTC+04:00) 伊熱夫斯克，沙馬拉,
  Indian/Mauritius: (UTC+04:00) 路易士港,
  Europe/Saratov: (UTC+04:00) 薩拉托夫,
  Asia/Tbilisi: (UTC+04:00) 第比利斯,
  Asia/Yerevan: (UTC+04:00) 葉里溫,
  Asia/Kabul: (UTC+04:30) 喀布爾,
  Asia/Tashkent: (UTC+05:00) 阿什哈巴德，塔什干,
  Asia/Yekaterinburg: (UTC+05:00) 伊卡特林堡,
  Asia/Karachi: (UTC+05:00) 伊斯蘭馬巴德，克洛奇,
  Asia/Qyzylorda: (UTC+05:00) 克孜勒奧爾達,
  Asia/Kolkata: (UTC+05:30) 辰內，加爾各答，孟拜，新德里,
  Asia/Colombo: (UTC+05:30) 斯里哈亞華登尼普拉,
  Asia/Kathmandu: (UTC+05:45) 加德滿都,
  Asia/Almaty: (UTC+06:00) 阿斯坦納,
  Asia/Dhaka: (UTC+06:00) 達卡,
  Asia/Omsk: (UTC+06:00) 鄂木斯克,
  Asia/Yangon: (UTC+06:30) 仰光,
  Asia/Bangkok: (UTC+07:00) 曼谷，河內，雅加達,
  Asia/Barnaul: (UTC+07:00) 巴爾瑙爾，戈爾諾-阿爾泰斯克,
  Asia/Hovd: (UTC+07:00) 哈霍德,
  Asia/Krasnoyarsk: (UTC+07:00) 克拉斯諾亞爾斯克,
  Asia/Novosibirsk: (UTC+07:00) 諾曼斯比爾斯科,
  Asia/Tomsk: (UTC+07:00) 托木斯克,
  Asia/Shanghai: (UTC+08:00) 北京，重慶，香港特別行政區，烏魯木齊,
  Asia/Irkutsk: (UTC+08:00) 伊爾庫次克,
  Asia/Singapore: (UTC+08:00) 吉隆坡，新加坡,
  Australia/Perth: (UTC+08:00) 伯斯,
  Asia/Taipei: (UTC+08:00) 台北,
  Asia/Ulaanbaatar: (UTC+08:00) 庫倫,
  Australia/Eucla: (UTC+08:45) 尤克拉,
  Asia/Chita: (UTC+09:00) 赤塔,
  Asia/Tokyo: (UTC+09:00) 大阪，北海道，東京,
  Asia/Pyongyang: (UTC+09:00) 平壤,
  Asia/Seoul: (UTC+09:00) 首爾,
  Asia/Yakutsk: (UTC+09:00) 亞庫茲克,
  Australia/Adelaide: (UTC+09:30) 愛德蘭,
  Australia/Darwin: (UTC+09:30) 達爾文,
  Australia/Brisbane: (UTC+10:00) 布里斯本,
  Australia/Sydney: (UTC+10:00) 坎培拉，墨爾本，雪梨,
  Pacific/Port_Moresby: (UTC+10:00) 關島，莫爾斯貝港,
  Australia/Hobart: (UTC+10:00) 霍巴特,
  Asia/Vladivostok: (UTC+10:00) 海參威,
  Australia/Lord_Howe: (UTC+10:30) 羅豪島,
  Pacific/Bougainville: (UTC+11:00) 布干維爾島,
  Asia/Srednekolymsk: (UTC+11:00) 喬庫爾達赫,
  Asia/Magadan: (UTC+11:00) 馬加丹,
  Pacific/Norfolk: (UTC+11:00) 諾福克島,
  Asia/Sakhalin: (UTC+11:00) 庫頁島,
  Pacific/Guadalcanal: (UTC+11:00) 索羅門群島，新喀里多尼亞群島,
  Asia/Kamchatka: (UTC+12:00) 阿納底，彼得保羅夫斯克-堪察加斯克,
  Pacific/Auckland: (UTC+12:00) 奧克蘭，威靈頓,
  Etc/GMT-12: (UTC+12:00) 國際標準時間+12,
  Pacific/Fiji: (UTC+12:00) 斐濟,
  Pacific/Chatham: (UTC+12:45) 查塔姆群島,
  Etc/GMT-13: (UTC+13:00) 國際標準時間+13,
  Pacific/Tongatapu: (UTC+13:00) 努瓜婁發,
  Pacific/Apia: (UTC+13:00) 薩摩亞,
  Pacific/Kiritimati: (UTC+14:00) 刻里提瑪斯島
}