{
  Etc/GMT+12: (UTC-12:00) Ligne de date internationale (Ouest),
  Etc/GMT+11: (UTC-11:00) Temps universel coordonné-11,
  America/Adak: (UTC-10:00) Îles Aléoutiennes,
  Pacific/Honolulu: (UTC-10:00) Hawaii,
  Pacific/Marquesas: (UTC-09:30) Îles Marquises,
  America/Anchorage: (UTC-09:00) Alaska,
  Etc/GMT+9: (UTC-09:00) Temps universel coordonné-09,
  America/Tijuana: (UTC-08:00) Basse Californie,
  Etc/GMT+8: (UTC-08:00) Temps universel coordonné-08,
  America/Los_Angeles: (UTC-08:00) Pacifique (É.-U. et Canada),
  America/Phoenix: (UTC-07:00) Arizona,
  America/Mazatlan: (UTC-07:00) Chihuahua, La Paz, Mazatlan,
  America/Denver: (UTC-07:00) Montagnes Rocheuses (É.-U. et Canada),
  America/Whitehorse: (UTC-07:00) Yukon,
  America/Guatemala: (UTC-06:00) Amérique centrale,
  America/Chicago: (UTC-06:00) Centre (É.-U. et Canada),
  Pacific/Easter: (UTC-06:00) Île de Pâques,
  America/Mexico_City: (UTC-06:00) Guadalajara, Mexico, Monterrey,
  America/Regina: (UTC-06:00) Saskatchewan,
  America/Bogota: (UTC-05:00) Bogota, Lima, Quito, Rio Branco,
  America/Cancun: (UTC-05:00) Chetumal,
  America/New_York: (UTC-05:00) Est (É.-U. et Canada),
  America/Port-au-Prince: (UTC-05:00) Haïti,
  America/Havana: (UTC-05:00) Havane (La),
  America/Indiana/Indianapolis: (UTC-05:00) Indiana (Est),
  America/Grand_Turk: (UTC-05:00) Îles Turques-et-Caïques,
  America/Asuncion: (UTC-04:00) Asunción,
  America/Halifax: (UTC-04:00) Heure Atlantique (Canada),
  America/Caracas: (UTC-04:00) Caracas,
  America/Cuiaba: (UTC-04:00) Cuiaba,
  America/La_Paz: (UTC-04:00) Georgetown, La Paz, Manaus, San Juan,
  America/Santiago: (UTC-04:00) Santiago,
  America/St_Johns: (UTC-03:30) Terre-Neuve-et-Labrador,
  America/Araguaina: (UTC-03:00) Araguaína,
  America/Sao_Paulo: (UTC-03:00) Brasilia,
  America/Cayenne: (UTC-03:00) Cayenne, Fortaleza,
  America/Argentina/Buenos_Aires: (UTC-03:00) Buenos Aires,
  America/Nuuk: (UTC-03:00) Groenland,
  America/Montevideo: (UTC-03:00) Montevideo,
  America/Punta_Arenas: (UTC-03:00) Punta Arenas,
  America/Miquelon: (UTC-03:00) Saint-Pierre-et-Miquelon,
  America/Bahia: (UTC-03:00) Salvador,
  Etc/GMT+2: (UTC-02:00) Temps universel coordonné-02,
  Atlantic/Azores: (UTC-01:00) Les Açores,
  Atlantic/Cape_Verde: (UTC-01:00) Îles de Cabo Verde,
  Etc/UTC: (UTC) Temps universel coordonné,
  Europe/London: (UTC+00:00) Dublin, Édimbourg, Lisbonne, Londres,
  Africa/Abidjan: (UTC+00:00) Monrovia, Reykjavik,
  Africa/Sao_Tome: (UTC+00:00) São Tomé,
  Africa/Casablanca: (UTC+01:00) Casablanca,
  Europe/Berlin: (UTC+01:00) Amsterdam, Berlin, Berne, Rome, Stockholm, Vienne,
  Europe/Budapest: (UTC+01:00) Belgrade, Bratislava, Budapest, Ljubljana, Prague,
  Europe/Paris: (UTC+01:00) Bruxelles, Copenhague, Madrid, Paris,
  Europe/Warsaw: (UTC+01:00) Sarajevo, Skopje, Varsovie, Zagreb,
  Africa/Lagos: (UTC+01:00) Afrique centrale - Ouest,
  Europe/Bucharest: (UTC+02:00) Athènes, Bucarest,
  Asia/Beirut: (UTC+02:00) Beyrouth,
  Africa/Cairo: (UTC+02:00) Le Caire,
  Europe/Chisinau: (UTC+02:00) Chisinau,
  Asia/Damascus: (UTC+02:00) Damas,
  Asia/Hebron: (UTC+02:00) Gaza, Hébron,
  Africa/Johannesburg: (UTC+02:00) Harare, Pretoria,
  Europe/Kyiv: (UTC+02:00) Helsinki, Kiev, Riga, Sofia, Tallinn, Vilnius,
  Asia/Jerusalem: (UTC+02:00) Jérusalem,
  Africa/Juba: (UTC+02:00) Juba,
  Europe/Kaliningrad: (UTC+02:00) Kaliningrad,
  Africa/Khartoum: (UTC+02:00) Khartoum,
  Africa/Tripoli: (UTC+02:00) Tripoli,
  Africa/Windhoek: (UTC+02:00) Windhoek,
  Asia/Amman: (UTC+03:00) Amman,
  Asia/Baghdad: (UTC+03:00) Bagdad,
  Europe/Istanbul: (UTC+03:00) Istanbul,
  Asia/Riyadh: (UTC+03:00) Koweït, Riyad,
  Europe/Minsk: (UTC+03:00) Minsk,
  Europe/Moscow: (UTC+03:00) Moscou, Saint-Pétersbourg,
  Africa/Nairobi: (UTC+03:00) Nairobi,
  Europe/Volgograd: (UTC+03:00) Volgograd,
  Asia/Tehran: (UTC+03:30) Téhéran,
  Asia/Dubai: (UTC+04:00) Abu Dhabi, Muscat,
  Europe/Astrakhan: (UTC+04:00) Astrakhan, Oulianovsk,
  Asia/Baku: (UTC+04:00) Bakou,
  Europe/Samara: (UTC+04:00) Izhevsk, Samara,
  Indian/Mauritius: (UTC+04:00) Port Louis,
  Europe/Saratov: (UTC+04:00) Saratov,
  Asia/Tbilisi: (UTC+04:00) Tbilissi,
  Asia/Yerevan: (UTC+04:00) Erevan,
  Asia/Kabul: (UTC+04:30) Kaboul,
  Asia/Tashkent: (UTC+05:00) Achgabat, Tachkent,
  Asia/Yekaterinburg: (UTC+05:00) Iekaterinbourg,
  Asia/Karachi: (UTC+05:00) Islamabad, Karachi,
  Asia/Qyzylorda: (UTC+05:00) Kyzylorda,
  Asia/Kolkata: (UTC+05:30) Chennai, Kolkata, Mumbai, New Delhi,
  Asia/Colombo: (UTC+05:30) Sri Jayawardenepura,
  Asia/Kathmandu: (UTC+05:45) Katmandou,
  Asia/Almaty: (UTC+06:00) Astana,
  Asia/Dhaka: (UTC+06:00) Dhaka,
  Asia/Omsk: (UTC+06:00) Omsk,
  Asia/Yangon: (UTC+06:30) Rangoon,
  Asia/Bangkok: (UTC+07:00) Bangkok, Hanoi, Djakarta,
  Asia/Barnaul: (UTC+07:00) Barnaoul, Gorno-Altaïsk,
  Asia/Hovd: (UTC+07:00) Hovd,
  Asia/Krasnoyarsk: (UTC+07:00) Krasnoïarsk,
  Asia/Novosibirsk: (UTC+07:00) Novossibirsk,
  Asia/Tomsk: (UTC+07:00) Tomsk,
  Asia/Shanghai: (UTC+08:00) Beijing, Chongqing, Hong Kong (R.A.S.), Urumqi,
  Asia/Irkutsk: (UTC+08:00) Irkoutsk,
  Asia/Singapore: (UTC+08:00) Kuala Lumpur, Singapour,
  Australia/Perth: (UTC+08:00) Perth,
  Asia/Taipei: (UTC+08:00) Taipei,
  Asia/Ulaanbaatar: (UTC+08:00) Oulan-Bator,
  Australia/Eucla: (UTC+08:45) Eucla,
  Asia/Chita: (UTC+09:00) Chita,
  Asia/Tokyo: (UTC+09:00) Osaka, Sapporo, Tokyo,
  Asia/Pyongyang: (UTC+09:00) Pyongyang,
  Asia/Seoul: (UTC+09:00) Séoul,
  Asia/Yakutsk: (UTC+09:00) Yakoutsk,
  Australia/Adelaide: (UTC+09:30) Adélaïde,
  Australia/Darwin: (UTC+09:30) Darwin,
  Australia/Brisbane: (UTC+10:00) Brisbane,
  Australia/Sydney: (UTC+10:00) Canberra, Melbourne, Sydney,
  Pacific/Port_Moresby: (UTC+10:00) Guam, Port Moresby,
  Australia/Hobart: (UTC+10:00) Hobart,
  Asia/Vladivostok: (UTC+10:00) Vladivostok,
  Australia/Lord_Howe: (UTC+10:30) Île Lord Howe,
  Pacific/Bougainville: (UTC+11:00) Île Bougainville,
  Asia/Srednekolymsk: (UTC+11:00) Chokurdakh,
  Asia/Magadan: (UTC+11:00) Magadan,
  Pacific/Norfolk: (UTC+11:00) Île Norfolk,
  Asia/Sakhalin: (UTC+11:00) Sakhaline,
  Pacific/Guadalcanal: (UTC+11:00) Îles Salomon, Nouvelle-Calédonie,
  Asia/Kamchatka: (UTC+12:00) Anadyr, Petropavlovsk-Kamtchatski,
  Pacific/Auckland: (UTC+12:00) Auckland, Wellington,
  Etc/GMT-12: (UTC+12:00) Temps universel coordonné+12,
  Pacific/Fiji: (UTC+12:00) Fidji,
  Pacific/Chatham: (UTC+12:45) Îles Chatham,
  Etc/GMT-13: (UTC+13:00) Temps universel coordonné+13,
  Pacific/Tongatapu: (UTC+13:00) Nuku’alofa,
  Pacific/Apia: (UTC+13:00) Samoa,
  Pacific/Kiritimati: (UTC+14:00) Kiritimati, Île
}