{
  Etc/GMT+12: (UTC-12:00) Línia internacional de canvi de data de l'oest,
  Etc/GMT+11: (UTC-11:00) Temps universal coordinat-11,
  America/Adak: (UTC-10:00) Illes Aleutianes,
  Pacific/Honolulu: (UTC-10:00) Hawaii,
  Pacific/Marquesas: (UTC-09:30) Illes Marqueses,
  America/Anchorage: (UTC-09:00) Alaska,
  Etc/GMT+9: (UTC-09:00) Temps universal coordinat-09,
  America/Tijuana: (UTC-08:00) Baixa Califòrnia,
  Etc/GMT+8: (UTC-08:00) Temps universal coordinat-08,
  America/Los_Angeles: (UTC-08:00) Pacífic (EUA i Canadà),
  America/Phoenix: (UTC-07:00) Arizona,
  America/Mazatlan: (UTC-07:00) La Paz, Mazatlán,
  America/Denver: (UTC-07:00) Muntanyes (EUA i Canadà),
  America/Whitehorse: (UTC-07:00) Yukon,
  America/Guatemala: (UTC-06:00) Amèrica Central,
  America/Chicago: (UTC-06:00) Central (EUA i Canadà),
  Pacific/Easter: (UTC-06:00) Illa de Pasqua,
  America/Mexico_City: (UTC-06:00) Guadalajara, Ciutat de Mèxic, Monterrey,
  America/Regina: (UTC-06:00) Saskatchewan,
  America/Bogota: (UTC-05:00) Bogotà, Lima, Quito, Rio Branco,
  America/Cancun: (UTC-05:00) Chetumal,
  America/New_York: (UTC-05:00) Est (EUA i Canadà),
  America/Port-au-Prince: (UTC-05:00) Haití,
  America/Havana: (UTC-05:00) L'Havana,
  America/Indiana/Indianapolis: (UTC-05:00) Indiana (est),
  America/Grand_Turk: (UTC-05:00) Illes Turks i Caicos,
  America/Halifax: (UTC-04:00) Atlàntic (Canadà),
  America/Caracas: (UTC-04:00) Caracas,
  America/Cuiaba: (UTC-04:00) Cuiabá,
  America/La_Paz: (UTC-04:00) Georgetown, La Paz, Manaus, San Juan,
  America/Santiago: (UTC-04:00) Santiago,
  America/St_Johns: (UTC-03:30) Terranova,
  America/Araguaina: (UTC-03:00) Araguaina,
  America/Asuncion: (UTC-03:00) Asunción,
  America/Sao_Paulo: (UTC-03:00) Brasília,
  America/Cayenne: (UTC-03:00) Caiena, Fortaleza,
  America/Argentina/Buenos_Aires: (UTC-03:00) Ciutat de Buenos Aires,
  America/Montevideo: (UTC-03:00) Montevideo,
  America/Punta_Arenas: (UTC-03:00) Punta Arenas,
  America/Miquelon: (UTC-03:00) Saint-Pierre-et-Miquelon,
  America/Bahia: (UTC-03:00) Salvador,
  Etc/GMT+2: (UTC-02:00) Temps universal coordinat-02,
  America/Nuuk: (UTC-02:00) Groenlàndia,
  Atlantic/Azores: (UTC-01:00) Açores,
  Atlantic/Cape_Verde: (UTC-01:00) Illes Cabo Verde,
  Etc/UTC: (UTC) Temps universal coordinat,
  Atlantic/Canary: (UTC+00:00) Dublín, Edimburg, Lisboa, Londres,
  Africa/Abidjan: (UTC+00:00) Monròvia, Reykjavík,
  Africa/Sao_Tome: (UTC+00:00) São Tomé,
  Africa/Casablanca: (UTC+01:00) Casablanca,
  Europe/Berlin: (UTC+01:00) Amsterdam, Berlín, Berna, Roma, Estocolm, Viena,
  Europe/Budapest: (UTC+01:00) Belgrad, Bratislava, Budapest, Ljubljana, Praga,
  Europe/Madrid: (UTC+01:00) Barcelona, Copenhaguen, Madrid, París,
  Europe/Warsaw: (UTC+01:00) Sarajevo, Skopje, Varsòvia, Zagreb,
  Africa/Lagos: (UTC+01:00) Àfrica central occidental,
  Europe/Bucharest: (UTC+02:00) Atenes, Bucarest,
  Asia/Beirut: (UTC+02:00) Beirut,
  Africa/Cairo: (UTC+02:00) El Caire,
  Europe/Chisinau: (UTC+02:00) Chisinau,
  Asia/Hebron: (UTC+02:00) Gaza, Hebron,
  Africa/Johannesburg: (UTC+02:00) Harare, Pretòria,
  Europe/Kyiv: (UTC+02:00) Hèlsinki, Kíev, Riga, Sofia, Tallinn, Vílnius,
  Asia/Jerusalem: (UTC+02:00) Jerusalem,
  Africa/Juba: (UTC+02:00) Juba,
  Europe/Kaliningrad: (UTC+02:00) Kaliningrad,
  Africa/Khartoum: (UTC+02:00) Khartum,
  Africa/Tripoli: (UTC+02:00) Trípoli,
  Africa/Windhoek: (UTC+02:00) Windhoek,
  Asia/Amman: (UTC+03:00) Amman,
  Asia/Baghdad: (UTC+03:00) Bagdad,
  Asia/Damascus: (UTC+03:00) Damasc,
  Europe/Istanbul: (UTC+03:00) Istanbul,
  Asia/Riyadh: (UTC+03:00) Kuwait, Riyadh,
  Europe/Minsk: (UTC+03:00) Minsk,
  Europe/Moscow: (UTC+03:00) Moscou, St. Petersburg,
  Africa/Nairobi: (UTC+03:00) Nairobi,
  Europe/Volgograd: (UTC+03:00) Volgograd,
  Asia/Tehran: (UTC+03:30) Teheran,
  Asia/Dubai: (UTC+04:00) Abu Dhabi, Masqat,
  Europe/Astrakhan: (UTC+04:00) Àstrakhan, Uliànovsk,
  Asia/Baku: (UTC+04:00) Bakú,
  Europe/Samara: (UTC+04:00) Izhevsk, Samara,
  Indian/Mauritius: (UTC+04:00) Port Louis,
  Europe/Saratov: (UTC+04:00) Saràtov,
  Asia/Tbilisi: (UTC+04:00) Tbilisi,
  Asia/Yerevan: (UTC+04:00) Erevan,
  Asia/Kabul: (UTC+04:30) Kabul,
  Asia/Tashkent: (UTC+05:00) Ashgabat, Taixkent,
  Asia/Qyzylorda: (UTC+05:00) Astana,
  Asia/Yekaterinburg: (UTC+05:00) Ekaterinburg,
  Asia/Karachi: (UTC+05:00) Islamabad, Karachi,
  Asia/Kolkata: (UTC+05:30) Chennai, Calcuta, Bombai, Nova Delhi,
  Asia/Colombo: (UTC+05:30) Sri Jayawardenepura,
  Asia/Kathmandu: (UTC+05:45) Katmandú,
  Asia/Bishkek: (UTC+06:00) Bishkek,
  Asia/Dhaka: (UTC+06:00) Dhaka,
  Asia/Omsk: (UTC+06:00) Omsk,
  Asia/Yangon: (UTC+06:30) Yangon (Rangun),
  Asia/Bangkok: (UTC+07:00) Bangkok, Hanoi, Jakarta,
  Asia/Barnaul: (UTC+07:00) Barnaül, Gorno-Altaisk,
  Asia/Hovd: (UTC+07:00) Hovd,
  Asia/Krasnoyarsk: (UTC+07:00) Krasnoyarsk,
  Asia/Novosibirsk: (UTC+07:00) Novosibirsk,
  Asia/Tomsk: (UTC+07:00) Tomsk,
  Asia/Shanghai: (UTC+08:00) Pequín, Chongqing, Hong Kong, Urumchi,
  Asia/Irkutsk: (UTC+08:00) Irkutsk,
  Asia/Singapore: (UTC+08:00) Kuala Lumpur, Singapur,
  Australia/Perth: (UTC+08:00) Perth,
  Asia/Taipei: (UTC+08:00) Taipei,
  Asia/Ulaanbaatar: (UTC+08:00) Ulan Bator,
  Australia/Eucla: (UTC+08:45) Eucla,
  Asia/Chita: (UTC+09:00) Txità,
  Asia/Tokyo: (UTC+09:00) Osaka, Sapporo, Tòquio,
  Asia/Pyongyang: (UTC+09:00) Pyongyang,
  Asia/Seoul: (UTC+09:00) Seül,
  Asia/Yakutsk: (UTC+09:00) Iakutsk,
  Australia/Adelaide: (UTC+09:30) Adelaide,
  Australia/Darwin: (UTC+09:30) Darwin,
  Australia/Brisbane: (UTC+10:00) Brisbane,
  Australia/Sydney: (UTC+10:00) Canberra, Melbourne, Sydney,
  Pacific/Port_Moresby: (UTC+10:00) Guam, Port Moresby,
  Australia/Hobart: (UTC+10:00) Hobart,
  Asia/Vladivostok: (UTC+10:00) Vladivostok,
  Australia/Lord_Howe: (UTC+10:30) Illa de Lord Howe,
  Pacific/Bougainville: (UTC+11:00) Illa de Bougainville,
  Asia/Srednekolymsk: (UTC+11:00) Chokurdakh,
  Asia/Magadan: (UTC+11:00) Magadan,
  Pacific/Norfolk: (UTC+11:00) Illa Norfolk,
  Asia/Sakhalin: (UTC+11:00) Sakhalín,
  Pacific/Guadalcanal: (UTC+11:00) Illes Salomó, Nova Caledònia,
  Asia/Kamchatka: (UTC+12:00) Anàdir, Petropavlovsk de Kamtxatka,
  Pacific/Auckland: (UTC+12:00) Auckland, Wellington,
  Etc/GMT-12: (UTC+12:00) Temps universal coordinat+12,
  Pacific/Fiji: (UTC+12:00) Illes Fiji,
  Pacific/Chatham: (UTC+12:45) Illes Chatham,
  Etc/GMT-13: (UTC+13:00) Temps universal coordinat+13,
  Pacific/Tongatapu: (UTC+13:00) Nuku'alofa,
  Pacific/Apia: (UTC+13:00) Samoa,
  Pacific/Kiritimati: (UTC+14:00) Illa Kiritimati
}