{
  Etc/GMT+12: (UTC-12:00) Międzynarodowa linia zmiany daty — Zachód,
  Etc/GMT+11: (UTC-11:00) Uniwersalny czas koordynowany – 11,
  America/Adak: (UTC-10:00) Wyspy Aleuckie,
  Pacific/Honolulu: (UTC-10:00) Hawaje,
  Pacific/Marquesas: (UTC-09:30) Wyspy Markizy,
  America/Anchorage: (UTC-09:00) Alaska,
  Etc/GMT+9: (UTC-09:00) Uniwersalny czas koordynowany – 09,
  America/Tijuana: (UTC-08:00) Kalifornia Dolna,
  Etc/GMT+8: (UTC-08:00) Uniwersalny czas koordynowany – 08,
  America/Los_Angeles: (UTC-08:00) Czas pacyficzny (Stany Zjednoczone i Kanada),
  America/Phoenix: (UTC-07:00) Arizona,
  America/Mazatlan: (UTC-07:00) La Paz, Mazatlan,
  America/Denver: (UTC-07:00) Stany Zjednoczone i Kanada (czas górski),
  America/Whitehorse: (UTC-07:00) Jukon,
  America/Guatemala: (UTC-06:00) Ameryka Środkowa,
  America/Chicago: (UTC-06:00) Stany Zjednoczone i Kanada (czas środkowy),
  Pacific/Easter: (UTC-06:00) Wyspa Wielkanocna,
  America/Mexico_City: (UTC-06:00) Guadalajara, Meksyk, Monterrey,
  America/Regina: (UTC-06:00) Saskatchewan,
  America/Bogota: (UTC-05:00) Bogota, Lima, Quito, Rio Branco,
  America/Cancun: (UTC-05:00) Chetumal,
  America/New_York: (UTC-05:00) Stany Zjednoczone i Kanada (czas wschodni),
  America/Port-au-Prince: (UTC-05:00) Haiti,
  America/Havana: (UTC-05:00) Hawana,
  America/Indiana/Indianapolis: (UTC-05:00) Indiana (Wschód),
  America/Grand_Turk: (UTC-05:00) Turks i Caicos,
  America/Halifax: (UTC-04:00) Czas atlantycki (Kanada),
  America/Caracas: (UTC-04:00) Caracas,
  America/Cuiaba: (UTC-04:00) Cuiaba,
  America/La_Paz: (UTC-04:00) Georgetown, La Paz, Manaus, San Juan,
  America/Santiago: (UTC-04:00) Santiago,
  America/St_Johns: (UTC-03:30) Nowa Funlandia,
  America/Araguaina: (UTC-03:00) Araguaina,
  America/Asuncion: (UTC-03:00) Asuncion,
  America/Sao_Paulo: (UTC-03:00) Brazylia,
  America/Cayenne: (UTC-03:00) Kajenna, Fortaleza,
  America/Argentina/Buenos_Aires: (UTC-03:00) Buenos Aires,
  America/Montevideo: (UTC-03:00) Montevideo,
  America/Punta_Arenas: (UTC-03:00) Punta Arenas,
  America/Miquelon: (UTC-03:00) Saint-Pierre i Miquelon,
  America/Bahia: (UTC-03:00) Salwador,
  Etc/GMT+2: (UTC-02:00) Uniwersalny czas koordynowany – 02,
  America/Nuuk: (UTC-02:00) Grenlandia,
  Atlantic/Azores: (UTC-01:00) Azory,
  Atlantic/Cape_Verde: (UTC-01:00) Cabo Verde,
  Etc/UTC: (UTC) Uniwersalny czas koordynowany,
  Europe/London: (UTC+00:00) Dublin, Edynburg, Lizbona, Londyn,
  Africa/Abidjan: (UTC+00:00) Monrovia, Reykjavik,
  Africa/Sao_Tome: (UTC+00:00) Sao Tome,
  Africa/Casablanca: (UTC+01:00) Casablanca,
  Europe/Berlin: (UTC+01:00) Amsterdam, Berlin, Berno, Rzym, Sztokholm, Wiedeń,
  Europe/Budapest: (UTC+01:00) Belgrad, Bratysława, Budapeszt, Lublana, Praga,
  Europe/Paris: (UTC+01:00) Bruksela, Kopenhaga, Madryt, Paryż,
  Europe/Warsaw: (UTC+01:00) Sarajewo, Skopie, Warszawa, Zagrzeb,
  Africa/Lagos: (UTC+01:00) Afryka Środkowozachodnia,
  Europe/Bucharest: (UTC+02:00) Ateny, Bukareszt,
  Asia/Beirut: (UTC+02:00) Bejrut,
  Africa/Cairo: (UTC+02:00) Kair,
  Europe/Chisinau: (UTC+02:00) Kiszyniów,
  Asia/Hebron: (UTC+02:00) Gaza, Hebron,
  Africa/Johannesburg: (UTC+02:00) Harare, Pretoria,
  Europe/Kyiv: (UTC+02:00) Helsinki, Kijów, Ryga, Sofia, Tallin, Wilno,
  Asia/Jerusalem: (UTC+02:00) Jerozolima,
  Africa/Juba: (UTC+02:00) Dżuba,
  Europe/Kaliningrad: (UTC+02:00) Kaliningrad,
  Africa/Khartoum: (UTC+02:00) Chartum,
  Africa/Tripoli: (UTC+02:00) Trypolis,
  Africa/Windhoek: (UTC+02:00) Windhuk,
  Asia/Amman: (UTC+03:00) Amman,
  Asia/Baghdad: (UTC+03:00) Bagdad,
  Asia/Damascus: (UTC+03:00) Damaszek,
  Europe/Istanbul: (UTC+03:00) Stambuł,
  Asia/Riyadh: (UTC+03:00) Kuwejt, Rijad,
  Europe/Minsk: (UTC+03:00) Mińsk,
  Europe/Moscow: (UTC+03:00) Moskwa, Petersburg,
  Africa/Nairobi: (UTC+03:00) Nairobi,
  Europe/Volgograd: (UTC+03:00) Wołgograd,
  Asia/Tehran: (UTC+03:30) Teheran,
  Asia/Dubai: (UTC+04:00) Abu Zabi, Maskat,
  Europe/Astrakhan: (UTC+04:00) Astrachań, Uljanowsk,
  Asia/Baku: (UTC+04:00) Baku,
  Europe/Samara: (UTC+04:00) Iżewsk, Samara,
  Indian/Mauritius: (UTC+04:00) Port Louis,
  Europe/Saratov: (UTC+04:00) Saratów,
  Asia/Tbilisi: (UTC+04:00) Tbilisi,
  Asia/Yerevan: (UTC+04:00) Erywań,
  Asia/Kabul: (UTC+04:30) Kabul,
  Asia/Tashkent: (UTC+05:00) Aszchabad, Taszkient,
  Asia/Qyzylorda: (UTC+05:00) Astana,
  Asia/Yekaterinburg: (UTC+05:00) Jekaterynburg,
  Asia/Karachi: (UTC+05:00) Islamabad, Karaczi,
  Asia/Kolkata: (UTC+05:30) Chennai, Kolkata, Mumbaj, Nowe Delhi,
  Asia/Colombo: (UTC+05:30) Sri Jayawardenepura,
  Asia/Kathmandu: (UTC+05:45) Katmandu,
  Asia/Bishkek: (UTC+06:00) Biszkek,
  Asia/Dhaka: (UTC+06:00) Dhaka,
  Asia/Omsk: (UTC+06:00) Omsk,
  Asia/Yangon: (UTC+06:30) Yangon (Rangun),
  Asia/Bangkok: (UTC+07:00) Bangkok, Hanoi, Dżakarta,
  Asia/Barnaul: (UTC+07:00) Barnauł, Gornoałtajsk,
  Asia/Hovd: (UTC+07:00) Ajmak kobdoski,
  Asia/Krasnoyarsk: (UTC+07:00) Krasnojarsk,
  Asia/Novosibirsk: (UTC+07:00) Nowosybirsk,
  Asia/Tomsk: (UTC+07:00) Tomsk,
  Asia/Shanghai: (UTC+08:00) Pekin, Chongping, Hongkong, Urumqi,
  Asia/Irkutsk: (UTC+08:00) Irkuck,
  Asia/Singapore: (UTC+08:00) Kuala Lumpur, Singapur,
  Australia/Perth: (UTC+08:00) Perth,
  Asia/Taipei: (UTC+08:00) Tajpej,
  Asia/Ulaanbaatar: (UTC+08:00) Ułan Bator,
  Australia/Eucla: (UTC+08:45) Eucla,
  Asia/Chita: (UTC+09:00) Czyta,
  Asia/Tokyo: (UTC+09:00) Osaka, Sapporo, Tokio,
  Asia/Pyongyang: (UTC+09:00) Phenian,
  Asia/Seoul: (UTC+09:00) Seul,
  Asia/Yakutsk: (UTC+09:00) Jakuck,
  Australia/Adelaide: (UTC+09:30) Adelajda,
  Australia/Darwin: (UTC+09:30) Darwin,
  Australia/Brisbane: (UTC+10:00) Brisbane,
  Australia/Sydney: (UTC+10:00) Canberra, Melbourne, Sydney,
  Pacific/Port_Moresby: (UTC+10:00) Guam, Port Moresby,
  Australia/Hobart: (UTC+10:00) Hobart,
  Asia/Vladivostok: (UTC+10:00) Władywostok,
  Australia/Lord_Howe: (UTC+10:30) Wyspa Lord Howe,
  Pacific/Bougainville: (UTC+11:00) Wyspa Bougainville,
  Asia/Srednekolymsk: (UTC+11:00) Czokurdach,
  Asia/Magadan: (UTC+11:00) Magadan,
  Pacific/Norfolk: (UTC+11:00) Wyspa Norfolk,
  Asia/Sakhalin: (UTC+11:00) Sachalin,
  Pacific/Guadalcanal: (UTC+11:00) Wyspy Salomona, Nowa Kaledonia,
  Asia/Kamchatka: (UTC+12:00) Anadyr, Pietropawłowsk Kamczacki,
  Pacific/Auckland: (UTC+12:00) Auckland, Wellington,
  Etc/GMT-12: (UTC+12:00) Uniwersalny czas koordynowany + 12,
  Pacific/Fiji: (UTC+12:00) Fidżi,
  Pacific/Chatham: (UTC+12:45) Wyspy Chatham,
  Etc/GMT-13: (UTC+13:00) Uniwersalny czas koordynowany + 13,
  Pacific/Tongatapu: (UTC+13:00) Nuku'alofa,
  Pacific/Apia: (UTC+13:00) Samoa,
  Pacific/Kiritimati: (UTC+14:00) Wyspa Kiritimati
}