{
  Etc/GMT+12: (UTC-12:00) Internasjonal datolinje, vest,
  Etc/GMT+11: (UTC-11:00) Coordinated Universal Time-11,
  America/Adak: (UTC-10:00) Aleutian-øyer,
  Pacific/Honolulu: (UTC-10:00) Hawaii,
  Pacific/Marquesas: (UTC-09:30) Marquesa-øyer,
  America/Anchorage: (UTC-09:00) Alaska,
  Etc/GMT+9: (UTC-09:00) Coordinated Universal Time-09,
  America/Tijuana: (UTC-08:00) Baja California,
  Etc/GMT+8: (UTC-08:00) Coordinated Universal Time-08,
  America/Los_Angeles: (UTC-08:00) Stillehavskysten (USA og Canada),
  America/Phoenix: (UTC-07:00) Arizona,
  America/Mazatlan: (UTC-07:00) Chihuahua, La Paz, Mazatlan,
  America/Denver: (UTC-07:00) Rocky Mountains (USA og Canada),
  America/Whitehorse: (UTC-07:00) Yukon,
  America/Guatemala: (UTC-06:00) Sentral-Amerika,
  America/Chicago: (UTC-06:00) Midtvesten (USA og Canada),
  Pacific/Easter: (UTC-06:00) Påskeøya,
  America/Mexico_City: (UTC-06:00) Guadalajara, Mexico by, Monterrey,
  America/Regina: (UTC-06:00) Saskatchewan,
  America/Bogota: (UTC-05:00) Bogotá, Lima, Quito, Rio Branco,
  America/Cancun: (UTC-05:00) Chetumal,
  America/New_York: (UTC-05:00) Østkysten (USA og Canada),
  America/Port-au-Prince: (UTC-05:00) Haiti,
  America/Havana: (UTC-05:00) Havana,
  America/Indiana/Indianapolis: (UTC-05:00) Indiana (øst),
  America/Grand_Turk: (UTC-05:00) Turks- og Caicosøyene,
  America/Asuncion: (UTC-04:00) Asuncion,
  America/Halifax: (UTC-04:00) Atlanterhavskysten (Canada),
  America/Caracas: (UTC-04:00) Caracas,
  America/Cuiaba: (UTC-04:00) Cuiaba,
  America/La_Paz: (UTC-04:00) Georgetown, La Paz, Manaus, San Juan,
  America/Santiago: (UTC-04:00) Santiago,
  America/St_Johns: (UTC-03:30) Newfoundland,
  America/Araguaina: (UTC-03:00) Araguaina,
  America/Sao_Paulo: (UTC-03:00) Brasilia,
  America/Cayenne: (UTC-03:00) Cayenne, Fortaleza,
  America/Argentina/Buenos_Aires: (UTC-03:00) Buenos Aires,
  America/Nuuk: (UTC-03:00) Grønland,
  America/Montevideo: (UTC-03:00) Montevideo,
  America/Punta_Arenas: (UTC-03:00) Punta Arenas,
  America/Miquelon: (UTC-03:00) Saint-Pierre-et-Miquelon,
  America/Bahia: (UTC-03:00) Salvador,
  Etc/GMT+2: (UTC-02:00) Coordinated Universal Time-02,
  Atlantic/Azores: (UTC-01:00) Asorene,
  Atlantic/Cape_Verde: (UTC-01:00) Kapp Verdeøyene,
  Etc/UTC: (UTC) Coordinated Universal Time,
  Europe/London: (UTC+00:00) Dublin, Edinburgh, Lisboa, London,
  Africa/Abidjan: (UTC+00:00) Monrovia, Reykjavik,
  Africa/Sao_Tome: (UTC+00:00) São Tomé,
  Africa/Casablanca: (UTC+01:00) Casablanca,
  Europe/Oslo: (UTC+01:00) Amsterdam, Berlin, Bern, Oslo, Roma, Wien,
  Europe/Budapest: (UTC+01:00) Beograd, Bratislava, Budapest, Ljubljana, Praha,
  Europe/Paris: (UTC+01:00) Brussel, København, Madrid, Paris,
  Europe/Warsaw: (UTC+01:00) Sarajevo, Skopje, Warszawa, Zagreb,
  Africa/Lagos: (UTC+01:00) Vestlige Sentral-Afrika,
  Europe/Bucharest: (UTC+02:00) Aten, Bucuresti,
  Asia/Beirut: (UTC+02:00) Beirut,
  Africa/Cairo: (UTC+02:00) Kairo,
  Europe/Chisinau: (UTC+02:00) Chisinau,
  Asia/Damascus: (UTC+02:00) Damascus,
  Asia/Hebron: (UTC+02:00) Gaza, Hebron,
  Africa/Johannesburg: (UTC+02:00) Harare, Pretoria,
  Europe/Kyiv: (UTC+02:00) Helsinki, Kiev, Riga, Sofia, Tallin, Vilnius,
  Asia/Jerusalem: (UTC+02:00) Jerusalem,
  Africa/Juba: (UTC+02:00) Juba,
  Europe/Kaliningrad: (UTC+02:00) Kaliningrad,
  Africa/Khartoum: (UTC+02:00) Khartoum,
  Africa/Tripoli: (UTC+02:00) Tripoli,
  Africa/Windhoek: (UTC+02:00) Windhoek,
  Asia/Amman: (UTC+03:00) Amman,
  Asia/Baghdad: (UTC+03:00) Bagdad,
  Europe/Istanbul: (UTC+03:00) Istanbul,
  Asia/Riyadh: (UTC+03:00) Kuwait, Riyadh,
  Europe/Minsk: (UTC+03:00) Minsk,
  Europe/Moscow: (UTC+03:00) Moskva, St. Petersburg,
  Africa/Nairobi: (UTC+03:00) Nairobi,
  Europe/Volgograd: (UTC+03:00) Volgograd,
  Asia/Tehran: (UTC+03:30) Teheran,
  Asia/Dubai: (UTC+04:00) Abu Dhabi, Muscat,
  Europe/Astrakhan: (UTC+04:00) Astrakhan, Uljanovsk,
  Asia/Baku: (UTC+04:00) Baku,
  Europe/Samara: (UTC+04:00) Izjevsk, Samara,
  Indian/Mauritius: (UTC+04:00) Port Louis,
  Europe/Saratov: (UTC+04:00) Saratov,
  Asia/Tbilisi: (UTC+04:00) Tbilisi,
  Asia/Yerevan: (UTC+04:00) Jerevan,
  Asia/Kabul: (UTC+04:30) Kabul,
  Asia/Tashkent: (UTC+05:00) Asjkhabad, Tasjkent,
  Asia/Yekaterinburg: (UTC+05:00) Jekaterinburg,
  Asia/Karachi: (UTC+05:00) Islamabad, Karachi,
  Asia/Qyzylorda: (UTC+05:00) Qyzylorda,
  Asia/Kolkata: (UTC+05:30) Chennai, Kolkata, Mumbai, New Delhi,
  Asia/Colombo: (UTC+05:30) Sri Jayawardenepura,
  Asia/Kathmandu: (UTC+05:45) Katmandu,
  Asia/Almaty: (UTC+06:00) Astana,
  Asia/Dhaka: (UTC+06:00) Dhaka,
  Asia/Omsk: (UTC+06:00) Omsk,
  Asia/Yangon: (UTC+06:30) Yangon (Rangoon),
  Asia/Bangkok: (UTC+07:00) Bangkok, Hanoi, Djakarta,
  Asia/Barnaul: (UTC+07:00) Barnaul, Gorno-Altajsk,
  Asia/Hovd: (UTC+07:00) Hovd,
  Asia/Krasnoyarsk: (UTC+07:00) Krasnojarsk,
  Asia/Novosibirsk: (UTC+07:00) Novosibirsk,
  Asia/Tomsk: (UTC+07:00) Tomsk,
  Asia/Shanghai: (UTC+08:00) Beijing, Chongqing, Hongkong, Ürümqi,
  Asia/Irkutsk: (UTC+08:00) Irkutsk,
  Asia/Singapore: (UTC+08:00) Kuala Lumpur, Singapore,
  Australia/Perth: (UTC+08:00) Perth,
  Asia/Taipei: (UTC+08:00) Taipei,
  Asia/Ulaanbaatar: (UTC+08:00) Ulan Bator,
  Australia/Eucla: (UTC+08:45) Eucla,
  Asia/Chita: (UTC+09:00) Tsjita,
  Asia/Tokyo: (UTC+09:00) Osaka, Sapporo, Tokyo,
  Asia/Pyongyang: (UTC+09:00) Pyongyang,
  Asia/Seoul: (UTC+09:00) Seoul,
  Asia/Yakutsk: (UTC+09:00) Jakutsk,
  Australia/Adelaide: (UTC+09:30) Adelaide,
  Australia/Darwin: (UTC+09:30) Darwin,
  Australia/Brisbane: (UTC+10:00) Brisbane,
  Australia/Sydney: (UTC+10:00) Canberra, Melbourne, Sydney,
  Pacific/Port_Moresby: (UTC+10:00) Guam, Port Moresby,
  Australia/Hobart: (UTC+10:00) Hobart,
  Asia/Vladivostok: (UTC+10:00) Vladivostok,
  Australia/Lord_Howe: (UTC+10:30) Lord Howe-øya,
  Pacific/Bougainville: (UTC+11:00) Bougainville-øya,
  Asia/Srednekolymsk: (UTC+11:00) Chokurdakh,
  Asia/Magadan: (UTC+11:00) Magadan,
  Pacific/Norfolk: (UTC+11:00) Norfolkøya,
  Asia/Sakhalin: (UTC+11:00) Sakhalin,
  Pacific/Guadalcanal: (UTC+11:00) Salomonøyene, Ny Caledonia,
  Asia/Kamchatka: (UTC+12:00) Anadyr, Petropavlovsk-Kamtsjatskij,
  Pacific/Auckland: (UTC+12:00) Auckland, Wellington,
  Etc/GMT-12: (UTC+12:00) Coordinated Universal Time+12,
  Pacific/Fiji: (UTC+12:00) Fiji,
  Pacific/Chatham: (UTC+12:45) Chatham-øyer,
  Etc/GMT-13: (UTC+13:00) Coordinated Universal Time+13,
  Pacific/Tongatapu: (UTC+13:00) Nuku'alofa,
  Pacific/Apia: (UTC+13:00) Samoa,
  Pacific/Kiritimati: (UTC+14:00) Kiritimati-øya
}