{
  Etc/GMT+12: (UTC-12:00) Internationale Datumsgrenze (Westen),
  Etc/GMT+11: (UTC-11:00) Koordinierte Weltzeit-11,
  America/Adak: (UTC-10:00) Aleuten-Inseln,
  Pacific/Honolulu: (UTC-10:00) Hawaii,
  Pacific/Marquesas: (UTC-09:30) Marquesas-Inseln,
  America/Anchorage: (UTC-09:00) Alaska,
  Etc/GMT+9: (UTC-09:00) Koordinierte Weltzeit-09,
  America/Tijuana: (UTC-08:00) Niederkalifornien,
  Etc/GMT+8: (UTC-08:00) Koordinierte Weltzeit-08,
  America/Los_Angeles: (UTC-08:00) Pacific Zeit (USA & Kanada),
  America/Phoenix: (UTC-07:00) Arizona,
  America/Mazatlan: (UTC-07:00) Chihuahua, La Paz, Mazatlan,
  America/Denver: (UTC-07:00) Mountain Zeit (USA & Kanada),
  America/Whitehorse: (UTC-07:00) Yukon,
  America/Guatemala: (UTC-06:00) Mittelamerika,
  America/Chicago: (UTC-06:00) Central Zeit (USA & Kanada),
  Pacific/Easter: (UTC-06:00) Osterinsel,
  America/Mexico_City: (UTC-06:00) Guadalajara, Mexiko-Stadt, Monterrey,
  America/Regina: (UTC-06:00) Saskatchewan,
  America/Bogota: (UTC-05:00) Bogotá, Lima, Quito, Rio Branco,
  America/Cancun: (UTC-05:00) Chetumal,
  America/New_York: (UTC-05:00) Eastern Zeit (USA & Kanada),
  America/Port-au-Prince: (UTC-05:00) Haiti,
  America/Havana: (UTC-05:00) Havanna,
  America/Indiana/Indianapolis: (UTC-05:00) Indiana (Ost),
  America/Grand_Turk: (UTC-05:00) Turks- und Caicosinseln,
  America/Asuncion: (UTC-04:00) Asuncion,
  America/Halifax: (UTC-04:00) Atlantic (Kanada),
  America/Caracas: (UTC-04:00) Caracas,
  America/Cuiaba: (UTC-04:00) Cuiaba,
  America/La_Paz: (UTC-04:00) Georgetown, La Paz, Manaus, San Juan,
  America/Santiago: (UTC-04:00) Santiago,
  America/St_Johns: (UTC-03:30) Neufundland,
  America/Araguaina: (UTC-03:00) Araguaína,
  America/Sao_Paulo: (UTC-03:00) Brasilia,
  America/Cayenne: (UTC-03:00) Cayenne, Fortaleza,
  America/Argentina/Buenos_Aires: (UTC-03:00) Buenos Aires,
  America/Nuuk: (UTC-03:00) Grönland,
  America/Montevideo: (UTC-03:00) Montevideo,
  America/Punta_Arenas: (UTC-03:00) Punta Arenas,
  America/Miquelon: (UTC-03:00) St. Pierre und Miquelon,
  America/Bahia: (UTC-03:00) Salvador,
  Etc/GMT+2: (UTC-02:00) Koordinierte Weltzeit-02,
  Atlantic/Azores: (UTC-01:00) Azoren,
  Atlantic/Cape_Verde: (UTC-01:00) Cabo Verde,
  Etc/UTC: (UTC) Koordinierte Weltzeit,
  Europe/London: (UTC+00:00) Dublin, Edinburgh, Lissabon, London,
  Africa/Abidjan: (UTC+00:00) Monrovia, Reykjavik,
  Africa/Sao_Tome: (UTC+00:00) São Tomé,
  Africa/Casablanca: (UTC+01:00) Casablanca,
  Europe/Berlin: (UTC+01:00) Amsterdam, Berlin, Bern, Rom, Stockholm, Wien,
  Europe/Budapest: (UTC+01:00) Belgrad, Bratislava (Pressburg), Budapest, Ljubljana, Prag,
  Europe/Paris: (UTC+01:00) Brüssel, Kopenhagen, Madrid, Paris,
  Europe/Warsaw: (UTC+01:00) Sarajevo, Skopje, Warschau, Zagreb,
  Africa/Lagos: (UTC+01:00) West-Zentralafrika,
  Europe/Bucharest: (UTC+02:00) Athen, Bukarest,
  Asia/Beirut: (UTC+02:00) Beirut,
  Africa/Cairo: (UTC+02:00) Kairo,
  Europe/Chisinau: (UTC+02:00) Chisinau,
  Asia/Damascus: (UTC+02:00) Damaskus,
  Asia/Hebron: (UTC+02:00) Gaza, Hebron,
  Africa/Johannesburg: (UTC+02:00) Harare, Pretoria,
  Europe/Kyiv: (UTC+02:00) Helsinki, Kiew, Riga, Sofia, Tallinn, Wilna,
  Asia/Jerusalem: (UTC+02:00) Jerusalem,
  Africa/Juba: (UTC+02:00) Juba,
  Europe/Kaliningrad: (UTC+02:00) Kaliningrad,
  Africa/Khartoum: (UTC+02:00) Khartum,
  Africa/Tripoli: (UTC+02:00) Tripolis,
  Africa/Windhoek: (UTC+02:00) Windhuk,
  Asia/Amman: (UTC+03:00) Amman,
  Asia/Baghdad: (UTC+03:00) Bagdad,
  Europe/Istanbul: (UTC+03:00) Istanbul,
  Asia/Riyadh: (UTC+03:00) Kuwait, Riad,
  Europe/Minsk: (UTC+03:00) Minsk,
  Europe/Moscow: (UTC+03:00) Moskau, St. Petersburg,
  Africa/Nairobi: (UTC+03:00) Nairobi,
  Europe/Volgograd: (UTC+03:00) Wolgograd,
  Asia/Tehran: (UTC+03:30) Teheran,
  Asia/Dubai: (UTC+04:00) Abu Dhabi, Muskat,
  Europe/Astrakhan: (UTC+04:00) Astrachan, Uljanowsk,
  Asia/Baku: (UTC+04:00) Baku,
  Europe/Samara: (UTC+04:00) Ischewsk, Samara,
  Indian/Mauritius: (UTC+04:00) Port Louis,
  Europe/Saratov: (UTC+04:00) Saratov,
  Asia/Tbilisi: (UTC+04:00) Tiflis,
  Asia/Yerevan: (UTC+04:00) Eriwan,
  Asia/Kabul: (UTC+04:30) Kabul,
  Asia/Tashkent: (UTC+05:00) Aschgabat, Taschkent,
  Asia/Yekaterinburg: (UTC+05:00) Jekaterinburg,
  Asia/Karachi: (UTC+05:00) Islamabad, Karatschi,
  Asia/Qyzylorda: (UTC+05:00) Qysylorda,
  Asia/Kolkata: (UTC+05:30) Chennai, Kolkata, Mumbai, New Delhi,
  Asia/Colombo: (UTC+05:30) Sri Jayawardenepura,
  Asia/Kathmandu: (UTC+05:45) Katmandu,
  Asia/Almaty: (UTC+06:00) Astana,
  Asia/Dhaka: (UTC+06:00) Dakka,
  Asia/Omsk: (UTC+06:00) Omsk,
  Asia/Yangon: (UTC+06:30) Yangon (Rangun),
  Asia/Bangkok: (UTC+07:00) Bangkok, Hanoi, Jakarta,
  Asia/Barnaul: (UTC+07:00) Barnaul, Gorno-Altaisk,
  Asia/Hovd: (UTC+07:00) Hovd,
  Asia/Krasnoyarsk: (UTC+07:00) Krasnojarsk,
  Asia/Novosibirsk: (UTC+07:00) Nowosibirsk,
  Asia/Tomsk: (UTC+07:00) Tomsk,
  Asia/Shanghai: (UTC+08:00) Peking, Chongqing, Hongkong (SAR), Urumchi,
  Asia/Irkutsk: (UTC+08:00) Irkutsk,
  Asia/Singapore: (UTC+08:00) Kuala Lumpur, Singapur,
  Australia/Perth: (UTC+08:00) Perth,
  Asia/Taipei: (UTC+08:00) Taipeh,
  Asia/Ulaanbaatar: (UTC+08:00) Ulan-Bator,
  Australia/Eucla: (UTC+08:45) Eucla,
  Asia/Chita: (UTC+09:00) Chita,
  Asia/Tokyo: (UTC+09:00) Osaka, Sapporo, Tokio,
  Asia/Pyongyang: (UTC+09:00) Pjöngjang,
  Asia/Seoul: (UTC+09:00) Seoul,
  Asia/Yakutsk: (UTC+09:00) Jakutsk,
  Australia/Adelaide: (UTC+09:30) Adelaide,
  Australia/Darwin: (UTC+09:30) Darwin,
  Australia/Brisbane: (UTC+10:00) Brisbane,
  Australia/Sydney: (UTC+10:00) Canberra, Melbourne, Sydney,
  Pacific/Port_Moresby: (UTC+10:00) Guam, Port Moresby,
  Australia/Hobart: (UTC+10:00) Hobart,
  Asia/Vladivostok: (UTC+10:00) Wladiwostok,
  Australia/Lord_Howe: (UTC+10:30) Lord-Howe-Insel,
  Pacific/Bougainville: (UTC+11:00) Bougainville-Insel,
  Asia/Srednekolymsk: (UTC+11:00) Tschokurdach,
  Asia/Magadan: (UTC+11:00) Magadan,
  Pacific/Norfolk: (UTC+11:00) Norfolkinsel,
  Asia/Sakhalin: (UTC+11:00) Sachalin,
  Pacific/Guadalcanal: (UTC+11:00) Salomonen, Neu-Kaledonien,
  Asia/Kamchatka: (UTC+12:00) Anadyr, Petropawlowsk-Kamtschatski,
  Pacific/Auckland: (UTC+12:00) Auckland, Wellington,
  Etc/GMT-12: (UTC+12:00) Koordinierte Weltzeit+12,
  Pacific/Fiji: (UTC+12:00) Fidschi,
  Pacific/Chatham: (UTC+12:45) Chatham-Inseln,
  Etc/GMT-13: (UTC+13:00) Koordinierte Weltzeit+13,
  Pacific/Tongatapu: (UTC+13:00) Nuku'alofa,
  Pacific/Apia: (UTC+13:00) Samoa,
  Pacific/Kiritimati: (UTC+14:00) Insel Kiritimati
}