{
  Etc/GMT+12: (UTC-12:00) Rahvusvaheline kuupäevajoon: lääs,
  Etc/GMT+11: (UTC-11:00) Maailmaaeg - 11:00,
  America/Adak: (UTC-10:00) Aleuudid,
  Pacific/Honolulu: (UTC-10:00) Hawaii,
  Pacific/Marquesas: (UTC-09:30) Markiisaared,
  America/Anchorage: (UTC-09:00) Alaska,
  Etc/GMT+9: (UTC-09:00) Maailmaaeg - 09:00,
  America/Tijuana: (UTC-08:00) Baja California,
  Etc/GMT+8: (UTC-08:00) Maailmaaeg - 08:00,
  America/Los_Angeles: (UTC-08:00) Vaikse ookeani aeg (USA ja Kanada),
  America/Phoenix: (UTC-07:00) Arizona,
  America/Chihuahua: (UTC-07:00) Chihuahua, La Paz, Mazatlan,
  America/Denver: (UTC-07:00) Kaljumäestiku aeg (USA ja Kanada),
  America/Whitehorse: (UTC-07:00) Yukon,
  America/Guatemala: (UTC-06:00) Kesk-Ameerika,
  America/Chicago: (UTC-06:00) Kesk-Ameerika aeg (USA ja Kanada),
  Pacific/Easter: (UTC-06:00) Lihavõttesaar,
  America/Mexico_City: (UTC-06:00) Guadalajara, México, Monterrey,
  America/Regina: (UTC-06:00) Saskatchewan,
  America/Bogota: (UTC-05:00) Bogota, Lima, Quito, Rio Branco,
  America/Cancun: (UTC-05:00) Chetumal,
  America/New_York: (UTC-05:00) Ida-Ameerika aeg (USA ja Kanada),
  America/Port-au-Prince: (UTC-05:00) Haiti,
  America/Havana: (UTC-05:00) Havanna,
  America/Indiana/Indianapolis: (UTC-05:00) Indiana (Ida),
  America/Grand_Turk: (UTC-05:00) Turks ja Caicos,
  America/Asuncion: (UTC-04:00) Asuncion,
  America/Halifax: (UTC-04:00) Atlandi ookeani aeg (Kanada),
  America/Caracas: (UTC-04:00) Caracas,
  America/Cuiaba: (UTC-04:00) Cuiaba,
  America/La_Paz: (UTC-04:00) Georgetown, La Paz, Manaus, San Juan,
  America/Santiago: (UTC-04:00) Santiago,
  America/St_Johns: (UTC-03:30) Newfoundland,
  America/Araguaina: (UTC-03:00) Araguaina,
  America/Sao_Paulo: (UTC-03:00) Brasiilia,
  America/Cayenne: (UTC-03:00) Cayenne, Fortaleza,
  America/Argentina/Buenos_Aires: (UTC-03:00) Buenos Aires,
  America/Nuuk: (UTC-03:00) Gröönimaa,
  America/Montevideo: (UTC-03:00) Montevideo,
  America/Punta_Arenas: (UTC-03:00) Punta Arenas,
  America/Miquelon: (UTC-03:00) Saint-Pierre ja Miquelon,
  America/Bahia: (UTC-03:00) Salvador,
  Etc/GMT+2: (UTC-02:00) Maailmaaeg - 02:00,
  Atlantic/Azores: (UTC-01:00) Azores,
  Atlantic/Cape_Verde: (UTC-01:00) Cabo Verde,
  Etc/UTC: (UTC) Maailmaaeg,
  Europe/London: (UTC+00:00) Dublin, Edinburgh, Lissabon, London,
  Africa/Abidjan: (UTC+00:00) Monrovia, Reykjavik,
  Africa/Sao_Tome: (UTC+00:00) Sao Tome,
  Africa/Casablanca: (UTC+01:00) Casablanca,
  Europe/Berlin: (UTC+01:00) Amsterdam, Berliin, Bern, Rooma, Stockholm, Viin,
  Europe/Budapest: (UTC+01:00) Belgrad, Bratislava, Budapest, Ljubljana, Praha,
  Europe/Paris: (UTC+01:00) Brüssel, Kopenhaagen, Madriid, Pariis,
  Europe/Warsaw: (UTC+01:00) Sarajevo, Skopje, Varssavi, Zagreb,
  Africa/Lagos: (UTC+01:00) Kesk-Aafrika lääneosa,
  Europe/Bucharest: (UTC+02:00) Ateena, Bukarest,
  Asia/Beirut: (UTC+02:00) Beirut,
  Africa/Cairo: (UTC+02:00) Kairo,
  Europe/Chisinau: (UTC+02:00) Chisinau,
  Asia/Damascus: (UTC+02:00) Damaskus,
  Asia/Hebron: (UTC+02:00) Gaza, Hebron,
  Africa/Johannesburg: (UTC+02:00) Harare, Pretoria,
  Europe/Tallinn: (UTC+02:00) Helsingi, Kiiev, Riia, Sofia, Tallinn, Vilnius,
  Asia/Jerusalem: (UTC+02:00) Jeruusalemm,
  Africa/Juba: (UTC+02:00) Juba,
  Europe/Kaliningrad: (UTC+02:00) Kaliningrad,
  Africa/Khartoum: (UTC+02:00) Hartum,
  Africa/Tripoli: (UTC+02:00) Tripoli,
  Africa/Windhoek: (UTC+02:00) Windhoek,
  Asia/Amman: (UTC+03:00) Amman,
  Asia/Baghdad: (UTC+03:00) Bagdad,
  Europe/Istanbul: (UTC+03:00) Istanbul,
  Asia/Riyadh: (UTC+03:00) Kuveit, Ar-Riyad,
  Europe/Minsk: (UTC+03:00) Minsk,
  Europe/Moscow: (UTC+03:00) Moskva, Peterburi,
  Africa/Nairobi: (UTC+03:00) Nairobi,
  Europe/Volgograd: (UTC+03:00) Volgograd,
  Asia/Tehran: (UTC+03:30) Teheran,
  Asia/Dubai: (UTC+04:00) Abu Dhabi, Muscat,
  Europe/Astrakhan: (UTC+04:00) Astrakhan, Ulyanovsk,
  Asia/Baku: (UTC+04:00) Bakuu,
  Europe/Samara: (UTC+04:00) Izhevsk, Samara,
  Indian/Mauritius: (UTC+04:00) Port Louis,
  Europe/Saratov: (UTC+04:00) Saratov,
  Asia/Tbilisi: (UTC+04:00) Thbilisi,
  Asia/Yerevan: (UTC+04:00) Jerevan,
  Asia/Kabul: (UTC+04:30) Kabul,
  Asia/Tashkent: (UTC+05:00) Ashgabat, Taškent,
  Asia/Yekaterinburg: (UTC+05:00) Jekaterinburg,
  Asia/Karachi: (UTC+05:00) Islamabad, Karachi,
  Asia/Qyzylorda: (UTC+05:00) Kõzõlorda,
  Asia/Kolkata: (UTC+05:30) Chennai, Kolkata, Mumbai, New Delhi,
  Asia/Colombo: (UTC+05:30) Sri Jayawardenepura,
  Asia/Kathmandu: (UTC+05:45) Katmandu,
  Asia/Almaty: (UTC+06:00) Astana,
  Asia/Dhaka: (UTC+06:00) Dhaka,
  Asia/Omsk: (UTC+06:00) Omsk,
  Asia/Yangon: (UTC+06:30) Yangon (Rangoon),
  Asia/Bangkok: (UTC+07:00) Bangkok, Hanoi, Jakarta,
  Asia/Barnaul: (UTC+07:00) Barnaul, Gorno-Altaisk,
  Asia/Hovd: (UTC+07:00) Hovd,
  Asia/Krasnoyarsk: (UTC+07:00) Krasnojarsk,
  Asia/Novosibirsk: (UTC+07:00) Novosibirsk,
  Asia/Tomsk: (UTC+07:00) Tomsk,
  Asia/Shanghai: (UTC+08:00) Peking, Chongqing, Hongkong, Urumqi,
  Asia/Irkutsk: (UTC+08:00) Irkutsk,
  Asia/Singapore: (UTC+08:00) Kuala Lumpur, Singapur,
  Australia/Perth: (UTC+08:00) Perth,
  Asia/Taipei: (UTC+08:00) Taibei,
  Asia/Ulaanbaatar: (UTC+08:00) Ulaanbaatar,
  Australia/Eucla: (UTC+08:45) Eucla,
  Asia/Chita: (UTC+09:00) Chita,
  Asia/Tokyo: (UTC+09:00) Osaka, Sapporo, Tōkyō,
  Asia/Pyongyang: (UTC+09:00) Pyongyang,
  Asia/Seoul: (UTC+09:00) Seoul,
  Asia/Yakutsk: (UTC+09:00) Jakutsk,
  Australia/Adelaide: (UTC+09:30) Adelaide,
  Australia/Darwin: (UTC+09:30) Darwin,
  Australia/Brisbane: (UTC+10:00) Brisbane,
  Australia/Sydney: (UTC+10:00) Canberra, Melbourne, Sydney,
  Pacific/Port_Moresby: (UTC+10:00) Guam, Port Moresby,
  Australia/Hobart: (UTC+10:00) Hobart,
  Asia/Vladivostok: (UTC+10:00) Vladivostok,
  Australia/Lord_Howe: (UTC+10:30) Lord Howe'i saar,
  Pacific/Bougainville: (UTC+11:00) Bougainville'i saar,
  Asia/Srednekolymsk: (UTC+11:00) Chokurdakh,
  Asia/Magadan: (UTC+11:00) Magadan,
  Pacific/Norfolk: (UTC+11:00) Norfolki saar,
  Asia/Sakhalin: (UTC+11:00) Sahhalini,
  Pacific/Guadalcanal: (UTC+11:00) Saalomoni Saared, Uus-Kaledoonia,
  Asia/Kamchatka: (UTC+12:00) Anadyr, Petropavlovsk-Kamchatsky,
  Pacific/Auckland: (UTC+12:00) Auckland, Wellington,
  Etc/GMT-12: (UTC+12:00) Maailmaaeg + 12:00,
  Pacific/Fiji: (UTC+12:00) Fidži,
  Pacific/Chatham: (UTC+12:45) Chathami saared,
  Etc/GMT-13: (UTC+13:00) Maailmaaeg + 13:00,
  Pacific/Tongatapu: (UTC+13:00) Nuku'alofa,
  Pacific/Apia: (UTC+13:00) Samoa,
  Pacific/Kiritimati: (UTC+14:00) Kiritimati saar
}