{
  Etc/GMT+12: (UTC-12:00) Starptautiskās datumu maiņas līnijas rietumi,
  Etc/GMT+11: (UTC-11:00) Universālais koordinētais laiks - 11,
  America/Adak: (UTC-10:00) Aleutu salas,
  Pacific/Honolulu: (UTC-10:00) Havajas,
  Pacific/Marquesas: (UTC-09:30) Marķīza salas,
  America/Anchorage: (UTC-09:00) Aļaska,
  Etc/GMT+9: (UTC-09:00) Universālais koordinētais laiks - 09,
  America/Tijuana: (UTC-08:00) Lejaskalifornija,
  Etc/GMT+8: (UTC-08:00) Universālais koordinētais laiks - 08,
  America/Los_Angeles: (UTC-08:00) Rietumkrasta laiks (ASV, Kanāda),
  America/Phoenix: (UTC-07:00) Arizona,
  America/Mazatlan: (UTC-07:00) Lapasa, Masatlana,
  America/Denver: (UTC-07:00) Ziemas laika josla (ASV, Kanāda),
  America/Whitehorse: (UTC-07:00) Jukona,
  America/Guatemala: (UTC-06:00) Centrālamerika,
  America/Chicago: (UTC-06:00) Centrālais laiks (ASV, Kanāda),
  Pacific/Easter: (UTC-06:00) Lieldienu sala,
  America/Mexico_City: (UTC-06:00) Gvadalahara, Mehiko, Montereja,
  America/Regina: (UTC-06:00) Saskačevana,
  America/Bogota: (UTC-05:00) Bogota, Lima, Kito, Riobranko,
  America/Cancun: (UTC-05:00) Četumala,
  America/New_York: (UTC-05:00) Austrumkrasta laiks (ASV, Kanāda),
  America/Port-au-Prince: (UTC-05:00) Haiti,
  America/Havana: (UTC-05:00) Havanna,
  America/Indiana/Indianapolis: (UTC-05:00) Indiāna (austrumi),
  America/Grand_Turk: (UTC-05:00) Tērksa un Kaikosa,
  America/Halifax: (UTC-04:00) Atlantijas joslas laiks (Kanāda),
  America/Caracas: (UTC-04:00) Karakasa,
  America/Cuiaba: (UTC-04:00) Kujaba,
  America/La_Paz: (UTC-04:00) Džordžtauna, Lapasa, Manausa, Sanhuana,
  America/Santiago: (UTC-04:00) Santjago,
  America/St_Johns: (UTC-03:30) Ņūfaundlenda,
  America/Araguaina: (UTC-03:00) Aragvaina,
  America/Asuncion: (UTC-03:00) Asunsjona,
  America/Sao_Paulo: (UTC-03:00) Brazīlija,
  America/Cayenne: (UTC-03:00) Kajenna, Fortaleza,
  America/Argentina/Buenos_Aires: (UTC-03:00) Buenosairesa,
  America/Montevideo: (UTC-03:00) Montevideo,
  America/Punta_Arenas: (UTC-03:00) Puntaarenasa,
  America/Miquelon: (UTC-03:00) Senpjēra un Mikelona,
  America/Bahia: (UTC-03:00) Salvadora,
  Etc/GMT+2: (UTC-02:00) Universālais koordinētais laiks - 02,
  America/Nuuk: (UTC-02:00) Grenlande,
  Atlantic/Azores: (UTC-01:00) Azoru salas,
  Atlantic/Cape_Verde: (UTC-01:00) Kaboverdes salas,
  Etc/UTC: (UTC) Universālais koordinētais laiks,
  Europe/London: (UTC+00:00) Dublina, Edinburga, Lisabona, Londona,
  Africa/Abidjan: (UTC+00:00) Monrovija, Reikjavīka,
  Africa/Sao_Tome: (UTC+00:00) Santome,
  Africa/Casablanca: (UTC+01:00) Kasablanka,
  Europe/Berlin: (UTC+01:00) Amsterdama, Berlīne, Berne, Roma, Stokholma, Vīne,
  Europe/Budapest: (UTC+01:00) Belgrada, Bratislava, Budapešta, Ļubļana, Prāga,
  Europe/Paris: (UTC+01:00) Brisele, Kopenhāgena, Madride, Parīze,
  Europe/Warsaw: (UTC+01:00) Sarajeva, Skopje, Varšava, Zagreba,
  Africa/Lagos: (UTC+01:00) Centrālāfrikas rietumdaļa,
  Europe/Bucharest: (UTC+02:00) Atēnas, Bukareste,
  Asia/Beirut: (UTC+02:00) Beiruta,
  Africa/Cairo: (UTC+02:00) Kaira,
  Europe/Chisinau: (UTC+02:00) Kišiņeva,
  Asia/Hebron: (UTC+02:00) Gaza, Hebrona,
  Africa/Johannesburg: (UTC+02:00) Harare, Pretorija,
  Europe/Riga: (UTC+02:00) Helsinki, Kijiva, Rīga, Sofija, Tallina, Viļņa,
  Asia/Jerusalem: (UTC+02:00) Jeruzaleme,
  Africa/Juba: (UTC+02:00) Džuba,
  Europe/Kaliningrad: (UTC+02:00) Kaļiņingrada,
  Africa/Khartoum: (UTC+02:00) Hartūma,
  Africa/Tripoli: (UTC+02:00) Tripole,
  Africa/Windhoek: (UTC+02:00) Vindhūka,
  Asia/Amman: (UTC+03:00) Ammāna,
  Asia/Baghdad: (UTC+03:00) Bagdāde,
  Asia/Damascus: (UTC+03:00) Damaska,
  Europe/Istanbul: (UTC+03:00) Stambula,
  Asia/Riyadh: (UTC+03:00) Kuveita, Rijāda,
  Europe/Minsk: (UTC+03:00) Minska,
  Europe/Moscow: (UTC+03:00) Maskava, Sanktpēterburga,
  Africa/Nairobi: (UTC+03:00) Nairobi,
  Europe/Volgograd: (UTC+03:00) Volgograda,
  Asia/Tehran: (UTC+03:30) Teherāna,
  Asia/Dubai: (UTC+04:00) Abū Dabī, Maskata,
  Europe/Astrakhan: (UTC+04:00) Astrahaņa, Uljanovska,
  Asia/Baku: (UTC+04:00) Baku,
  Europe/Samara: (UTC+04:00) Iževska, Samara,
  Indian/Mauritius: (UTC+04:00) Portluija,
  Europe/Saratov: (UTC+04:00) Saratova,
  Asia/Tbilisi: (UTC+04:00) Tbilisi,
  Asia/Yerevan: (UTC+04:00) Erevāna,
  Asia/Kabul: (UTC+04:30) Kabula,
  Asia/Tashkent: (UTC+05:00) Ašhabada, Taškenta,
  Asia/Qyzylorda: (UTC+05:00) Astana,
  Asia/Yekaterinburg: (UTC+05:00) Jekaterinburga,
  Asia/Karachi: (UTC+05:00) Islamabada, Karači,
  Asia/Kolkata: (UTC+05:30) Čenaja, Kalkuta, Mumbaja, Ņūdeli,
  Asia/Colombo: (UTC+05:30) Šri Džajavardenepūra,
  Asia/Kathmandu: (UTC+05:45) Katmandu,
  Asia/Bishkek: (UTC+06:00) Biškeka,
  Asia/Dhaka: (UTC+06:00) Daka,
  Asia/Omsk: (UTC+06:00) Omska,
  Asia/Yangon: (UTC+06:30) Jangona (Ranguna),
  Asia/Bangkok: (UTC+07:00) Bangkoka, Hanoja, Džakarta,
  Asia/Barnaul: (UTC+07:00) Barnaula, Gornoaltaiska,
  Asia/Hovd: (UTC+07:00) Hovda,
  Asia/Krasnoyarsk: (UTC+07:00) Krasnojarska,
  Asia/Novosibirsk: (UTC+07:00) Novosibirska,
  Asia/Tomsk: (UTC+07:00) Tomska,
  Asia/Shanghai: (UTC+08:00) Pekina, Čuncina, Honkonga, Urumči,
  Asia/Irkutsk: (UTC+08:00) Irkutska,
  Asia/Singapore: (UTC+08:00) Kualalumpura, Singapūra,
  Australia/Perth: (UTC+08:00) Pērta,
  Asia/Taipei: (UTC+08:00) Taipeja,
  Asia/Ulaanbaatar: (UTC+08:00) Ulanbatora,
  Australia/Eucla: (UTC+08:45) Jukla,
  Asia/Chita: (UTC+09:00) Čita,
  Asia/Tokyo: (UTC+09:00) Osaka, Saporo, Tokija,
  Asia/Pyongyang: (UTC+09:00) Phenjana,
  Asia/Seoul: (UTC+09:00) Seula,
  Asia/Yakutsk: (UTC+09:00) Jakutska,
  Australia/Adelaide: (UTC+09:30) Adelaida,
  Australia/Darwin: (UTC+09:30) Darvina,
  Australia/Brisbane: (UTC+10:00) Brisbena,
  Australia/Sydney: (UTC+10:00) Kanbera, Melburna, Sidneja,
  Pacific/Port_Moresby: (UTC+10:00) Guama, Portmorsbija,
  Australia/Hobart: (UTC+10:00) Hobārta,
  Asia/Vladivostok: (UTC+10:00) Vladivostoka,
  Australia/Lord_Howe: (UTC+10:30) Lorda Hava sala,
  Pacific/Bougainville: (UTC+11:00) Bugenvila sala,
  Asia/Srednekolymsk: (UTC+11:00) Čokurdaha,
  Asia/Magadan: (UTC+11:00) Magadana,
  Pacific/Norfolk: (UTC+11:00) Norfolkas sala,
  Asia/Sakhalin: (UTC+11:00) Sahalīna,
  Pacific/Guadalcanal: (UTC+11:00) Zālamana salas, Jaunkaledonija,
  Asia/Kamchatka: (UTC+12:00) Anadira, Petropavlovska-Kamčatska,
  Pacific/Auckland: (UTC+12:00) Oklenda, Velingtona,
  Etc/GMT-12: (UTC+12:00) Universālais koordinētais laiks + 12,
  Pacific/Fiji: (UTC+12:00) Fidži,
  Pacific/Chatham: (UTC+12:45) Četema salas,
  Etc/GMT-13: (UTC+13:00) Universālais koordinētais laiks + 13,
  Pacific/Tongatapu: (UTC+13:00) Nukualofa,
  Pacific/Apia: (UTC+13:00) Samoa,
  Pacific/Kiritimati: (UTC+14:00) Kiritimati sala
}