{
  Africa/Abidjan: {
    Generic: Greenwich Mean Time,
    Standard: Greenwich Mean Time,
    Daylight: Greenwich Mean Time
  },
  Africa/Accra: {
    Generic: Greenwich Mean Time,
    Standard: Greenwich Mean Time,
    Daylight: Greenwich Mean Time
  },
  Africa/Addis_Ababa: {
    Generic: Addis Ababa Nako,
    Standard: Addis Ababa Nako ya Tlwaelo,
    Daylight: Addis Ababa Nako ya Motshehare
  },
  Africa/Algiers: {
    Generic: Algiers Nako,
    Standard: Algiers Nako ya Tlwaelo,
    Daylight: Algiers Nako ya Motshehare
  },
  Africa/Asmara: {
    Generic: Asmera Nako,
    Standard: Asmera Nako ya Tlwaelo,
    Daylight: Asmera Nako ya Motshehare
  },
  Africa/Asmera: {
    Generic: Asmera Nako,
    Standard: Asmera Nako ya Tlwaelo,
    Daylight: Asmera Nako ya Motshehare
  },
  Africa/Bamako: {
    Generic: Greenwich Mean Time,
    Standard: Greenwich Mean Time,
    Daylight: Greenwich Mean Time
  },
  Africa/Bangui: {
    Generic: Bangui Nako,
    Standard: Bangui Nako ya Tlwaelo,
    Daylight: Bangui Nako ya Motshehare
  },
  Africa/Banjul: {
    Generic: Greenwich Mean Time,
    Standard: Greenwich Mean Time,
    Daylight: Greenwich Mean Time
  },
  Africa/Bissau: {
    Generic: Greenwich Mean Time,
    Standard: Greenwich Mean Time,
    Daylight: Greenwich Mean Time
  },
  Africa/Blantyre: {
    Generic: Blantyre Nako,
    Standard: Blantyre Nako ya Tlwaelo,
    Daylight: Blantyre Nako ya Motshehare
  },
  Africa/Brazzaville: {
    Generic: Brazzaville Nako,
    Standard: Brazzaville Nako ya Tlwaelo,
    Daylight: Brazzaville Nako ya Motshehare
  },
  Africa/Bujumbura: {
    Generic: Bujumbura Nako,
    Standard: Bujumbura Nako ya Tlwaelo,
    Daylight: Bujumbura Nako ya Motshehare
  },
  Africa/Cairo: {
    Generic: Cairo Nako,
    Standard: Cairo Nako ya Tlwaelo,
    Daylight: Cairo Nako ya Motshehare
  },
  Africa/Casablanca: {
    Generic: Casablanca Nako,
    Standard: Casablanca Nako ya Tlwaelo,
    Daylight: Casablanca Nako ya Motshehare
  },
  Africa/Ceuta: {
    Generic: Ceuta Nako,
    Standard: Ceuta Nako ya Tlwaelo,
    Daylight: Ceuta Nako ya Motshehare
  },
  Africa/Conakry: {
    Generic: Greenwich Mean Time,
    Standard: Greenwich Mean Time,
    Daylight: Greenwich Mean Time
  },
  Africa/Dakar: {
    Generic: Greenwich Mean Time,
    Standard: Greenwich Mean Time,
    Daylight: Greenwich Mean Time
  },
  Africa/Dar_es_Salaam: {
    Generic: Dar es Salaam Nako,
    Standard: Dar es Salaam Nako ya Tlwaelo,
    Daylight: Dar es Salaam Nako ya Motshehare
  },
  Africa/Djibouti: {
    Generic: Djibouti Nako,
    Standard: Djibouti Nako ya Tlwaelo,
    Daylight: Djibouti Nako ya Motshehare
  },
  Africa/Douala: {
    Generic: Douala Nako,
    Standard: Douala Nako ya Tlwaelo,
    Daylight: Douala Nako ya Motshehare
  },
  Africa/El_Aaiun: {
    Generic: El Aaiun Nako,
    Standard: El Aaiun Nako ya Tlwaelo,
    Daylight: El Aaiun Nako ya Motshehare
  },
  Africa/Freetown: {
    Generic: Greenwich Mean Time,
    Standard: Greenwich Mean Time,
    Daylight: Greenwich Mean Time
  },
  Africa/Gaborone: {
    Generic: Gaborone Nako,
    Standard: Gaborone Nako ya Tlwaelo,
    Daylight: Gaborone Nako ya Motshehare
  },
  Africa/Harare: {
    Generic: Harare Nako,
    Standard: Harare Nako ya Tlwaelo,
    Daylight: Harare Nako ya Motshehare
  },
  Africa/Johannesburg: {
    Generic: Afrika Borwa Nako,
    Standard: Afrika Borwa Nako ya Tlwaelo,
    Daylight: Afrika Borwa Nako ya Motshehare
  },
  Africa/Juba: {
    Generic: Juba Nako,
    Standard: Juba Nako ya Tlwaelo,
    Daylight: Juba Nako ya Motshehare
  },
  Africa/Kampala: {
    Generic: Kampala Nako,
    Standard: Kampala Nako ya Tlwaelo,
    Daylight: Kampala Nako ya Motshehare
  },
  Africa/Khartoum: {
    Generic: Khartoum Nako,
    Standard: Khartoum Nako ya Tlwaelo,
    Daylight: Khartoum Nako ya Motshehare
  },
  Africa/Kigali: {
    Generic: Kigali Nako,
    Standard: Kigali Nako ya Tlwaelo,
    Daylight: Kigali Nako ya Motshehare
  },
  Africa/Kinshasa: {
    Generic: Kinshasa Nako,
    Standard: Kinshasa Nako ya Tlwaelo,
    Daylight: Kinshasa Nako ya Motshehare
  },
  Africa/Lagos: {
    Generic: Lagos Nako,
    Standard: Lagos Nako ya Tlwaelo,
    Daylight: Lagos Nako ya Motshehare
  },
  Africa/Libreville: {
    Generic: Libreville Nako,
    Standard: Libreville Nako ya Tlwaelo,
    Daylight: Libreville Nako ya Motshehare
  },
  Africa/Lome: {
    Generic: Greenwich Mean Time,
    Standard: Greenwich Mean Time,
    Daylight: Greenwich Mean Time
  },
  Africa/Luanda: {
    Generic: Luanda Nako,
    Standard: Luanda Nako ya Tlwaelo,
    Daylight: Luanda Nako ya Motshehare
  },
  Africa/Lubumbashi: {
    Generic: Lubumbashi Nako,
    Standard: Lubumbashi Nako ya Tlwaelo,
    Daylight: Lubumbashi Nako ya Motshehare
  },
  Africa/Lusaka: {
    Generic: Lusaka Nako,
    Standard: Lusaka Nako ya Tlwaelo,
    Daylight: Lusaka Nako ya Motshehare
  },
  Africa/Malabo: {
    Generic: Malabo Nako,
    Standard: Malabo Nako ya Tlwaelo,
    Daylight: Malabo Nako ya Motshehare
  },
  Africa/Maputo: {
    Generic: Maputo Nako,
    Standard: Maputo Nako ya Tlwaelo,
    Daylight: Maputo Nako ya Motshehare
  },
  Africa/Maseru: {
    Generic: Lesotho Nako,
    Standard: Lesotho Nako ya Tlwaelo,
    Daylight: Lesotho Nako ya Motshehare
  },
  Africa/Mbabane: {
    Generic: Mbabane Nako,
    Standard: Mbabane Nako ya Tlwaelo,
    Daylight: Mbabane Nako ya Motshehare
  },
  Africa/Mogadishu: {
    Generic: Mogadishu Nako,
    Standard: Mogadishu Nako ya Tlwaelo,
    Daylight: Mogadishu Nako ya Motshehare
  },
  Africa/Monrovia: {
    Generic: Greenwich Mean Time,
    Standard: Greenwich Mean Time,
    Daylight: Greenwich Mean Time
  },
  Africa/Nairobi: {
    Generic: Nairobi Nako,
    Standard: Nairobi Nako ya Tlwaelo,
    Daylight: Nairobi Nako ya Motshehare
  },
  Africa/Ndjamena: {
    Generic: Ndjamena Nako,
    Standard: Ndjamena Nako ya Tlwaelo,
    Daylight: Ndjamena Nako ya Motshehare
  },
  Africa/Niamey: {
    Generic: Niamey Nako,
    Standard: Niamey Nako ya Tlwaelo,
    Daylight: Niamey Nako ya Motshehare
  },
  Africa/Nouakchott: {
    Generic: Greenwich Mean Time,
    Standard: Greenwich Mean Time,
    Daylight: Greenwich Mean Time
  },
  Africa/Ouagadougou: {
    Generic: Greenwich Mean Time,
    Standard: Greenwich Mean Time,
    Daylight: Greenwich Mean Time
  },
  Africa/Porto-Novo: {
    Generic: Porto-Novo Nako,
    Standard: Porto-Novo Nako ya Tlwaelo,
    Daylight: Porto-Novo Nako ya Motshehare
  },
  Africa/Sao_Tome: {
    Generic: Greenwich Mean Time,
    Standard: Greenwich Mean Time,
    Daylight: Greenwich Mean Time
  },
  Africa/Timbuktu: {
    Generic: Greenwich Mean Time,
    Standard: Greenwich Mean Time,
    Daylight: Greenwich Mean Time
  },
  Africa/Tripoli: {
    Generic: Tripoli Nako,
    Standard: Tripoli Nako ya Tlwaelo,
    Daylight: Tripoli Nako ya Motshehare
  },
  Africa/Tunis: {
    Generic: Tunis Nako,
    Standard: Tunis Nako ya Tlwaelo,
    Daylight: Tunis Nako ya Motshehare
  },
  Africa/Windhoek: {
    Generic: Windhoek Nako,
    Standard: Windhoek Nako ya Tlwaelo,
    Daylight: Windhoek Nako ya Motshehare
  },
  America/Adak: {
    Generic: Adak Nako,
    Standard: Adak Nako ya Tlwaelo,
    Daylight: Adak Nako ya Motshehare
  },
  America/Anchorage: {
    Generic: Anchorage Nako,
    Standard: Anchorage Nako ya Tlwaelo,
    Daylight: Anchorage Nako ya Motshehare
  },
  America/Anguilla: {
    Generic: Anguilla Nako,
    Standard: Anguilla Nako ya Tlwaelo,
    Daylight: Anguilla Nako ya Motshehare
  },
  America/Antigua: {
    Generic: Antigua Nako,
    Standard: Antigua Nako ya Tlwaelo,
    Daylight: Antigua Nako ya Motshehare
  },
  America/Araguaina: {
    Generic: Araguaina Nako,
    Standard: Araguaina Nako ya Tlwaelo,
    Daylight: Araguaina Nako ya Motshehare
  },
  America/Argentina/Buenos_Aires: {
    Generic: Buenos Aires Nako,
    Standard: Buenos Aires Nako ya Tlwaelo,
    Daylight: Buenos Aires Nako ya Motshehare
  },
  America/Argentina/Catamarca: {
    Generic: Catamarca Nako,
    Standard: Catamarca Nako ya Tlwaelo,
    Daylight: Catamarca Nako ya Motshehare
  },
  America/Argentina/ComodRivadavia: {
    Generic: Catamarca Nako,
    Standard: Catamarca Nako ya Tlwaelo,
    Daylight: Catamarca Nako ya Motshehare
  },
  America/Argentina/Cordoba: {
    Generic: Cordoba Nako,
    Standard: Cordoba Nako ya Tlwaelo,
    Daylight: Cordoba Nako ya Motshehare
  },
  America/Argentina/Jujuy: {
    Generic: Jujuy Nako,
    Standard: Jujuy Nako ya Tlwaelo,
    Daylight: Jujuy Nako ya Motshehare
  },
  America/Argentina/La_Rioja: {
    Generic: La Rioja Nako,
    Standard: La Rioja Nako ya Tlwaelo,
    Daylight: La Rioja Nako ya Motshehare
  },
  America/Argentina/Mendoza: {
    Generic: Mendoza Nako,
    Standard: Mendoza Nako ya Tlwaelo,
    Daylight: Mendoza Nako ya Motshehare
  },
  America/Argentina/Rio_Gallegos: {
    Generic: Rio Gallegos Nako,
    Standard: Rio Gallegos Nako ya Tlwaelo,
    Daylight: Rio Gallegos Nako ya Motshehare
  },
  America/Argentina/Salta: {
    Generic: Salta Nako,
    Standard: Salta Nako ya Tlwaelo,
    Daylight: Salta Nako ya Motshehare
  },
  America/Argentina/San_Juan: {
    Generic: San Juan Nako,
    Standard: San Juan Nako ya Tlwaelo,
    Daylight: San Juan Nako ya Motshehare
  },
  America/Argentina/San_Luis: {
    Generic: San Luis Nako,
    Standard: San Luis Nako ya Tlwaelo,
    Daylight: San Luis Nako ya Motshehare
  },
  America/Argentina/Tucuman: {
    Generic: Tucuman Nako,
    Standard: Tucuman Nako ya Tlwaelo,
    Daylight: Tucuman Nako ya Motshehare
  },
  America/Argentina/Ushuaia: {
    Generic: Ushuaia Nako,
    Standard: Ushuaia Nako ya Tlwaelo,
    Daylight: Ushuaia Nako ya Motshehare
  },
  America/Aruba: {
    Generic: Aruba Nako,
    Standard: Aruba Nako ya Tlwaelo,
    Daylight: Aruba Nako ya Motshehare
  },
  America/Asuncion: {
    Generic: Asuncion Nako,
    Standard: Asuncion Nako ya Tlwaelo,
    Daylight: Asuncion Nako ya Motshehare
  },
  America/Atikokan: {
    Generic: Coral Harbour Nako,
    Standard: Coral Harbour Nako ya Tlwaelo,
    Daylight: Coral Harbour Nako ya Motshehare
  },
  America/Atka: {
    Generic: Adak Nako,
    Standard: Adak Nako ya Tlwaelo,
    Daylight: Adak Nako ya Motshehare
  },
  America/Bahia: {
    Generic: Bahia Nako,
    Standard: Bahia Nako ya Tlwaelo,
    Daylight: Bahia Nako ya Motshehare
  },
  America/Bahia_Banderas: {
    Generic: Bahia Banderas Nako,
    Standard: Bahia Banderas Nako ya Tlwaelo,
    Daylight: Bahia Banderas Nako ya Motshehare
  },
  America/Barbados: {
    Generic: Barbados Nako,
    Standard: Barbados Nako ya Tlwaelo,
    Daylight: Barbados Nako ya Motshehare
  },
  America/Belem: {
    Generic: Belem Nako,
    Standard: Belem Nako ya Tlwaelo,
    Daylight: Belem Nako ya Motshehare
  },
  America/Belize: {
    Generic: Belize Nako,
    Standard: Belize Nako ya Tlwaelo,
    Daylight: Belize Nako ya Motshehare
  },
  America/Blanc-Sablon: {
    Generic: Blanc-Sablon Nako,
    Standard: Blanc-Sablon Nako ya Tlwaelo,
    Daylight: Blanc-Sablon Nako ya Motshehare
  },
  America/Boa_Vista: {
    Generic: Boa Vista Nako,
    Standard: Boa Vista Nako ya Tlwaelo,
    Daylight: Boa Vista Nako ya Motshehare
  },
  America/Bogota: {
    Generic: Bogota Nako,
    Standard: Bogota Nako ya Tlwaelo,
    Daylight: Bogota Nako ya Motshehare
  },
  America/Boise: {
    Generic: Boise Nako,
    Standard: Boise Nako ya Tlwaelo,
    Daylight: Boise Nako ya Motshehare
  },
  America/Buenos_Aires: {
    Generic: Buenos Aires Nako,
    Standard: Buenos Aires Nako ya Tlwaelo,
    Daylight: Buenos Aires Nako ya Motshehare
  },
  America/Cambridge_Bay: {
    Generic: Cambridge Bay Nako,
    Standard: Cambridge Bay Nako ya Tlwaelo,
    Daylight: Cambridge Bay Nako ya Motshehare
  },
  America/Campo_Grande: {
    Generic: Campo Grande Nako,
    Standard: Campo Grande Nako ya Tlwaelo,
    Daylight: Campo Grande Nako ya Motshehare
  },
  America/Cancun: {
    Generic: Cancun Nako,
    Standard: Cancun Nako ya Tlwaelo,
    Daylight: Cancun Nako ya Motshehare
  },
  America/Caracas: {
    Generic: Caracas Nako,
    Standard: Caracas Nako ya Tlwaelo,
    Daylight: Caracas Nako ya Motshehare
  },
  America/Catamarca: {
    Generic: Catamarca Nako,
    Standard: Catamarca Nako ya Tlwaelo,
    Daylight: Catamarca Nako ya Motshehare
  },
  America/Cayenne: {
    Generic: Cayenne Nako,
    Standard: Cayenne Nako ya Tlwaelo,
    Daylight: Cayenne Nako ya Motshehare
  },
  America/Cayman: {
    Generic: Cayman Nako,
    Standard: Cayman Nako ya Tlwaelo,
    Daylight: Cayman Nako ya Motshehare
  },
  America/Chicago: {
    Generic: Chicago Nako,
    Standard: Chicago Nako ya Tlwaelo,
    Daylight: Chicago Nako ya Motshehare
  },
  America/Chihuahua: {
    Generic: Chihuahua Nako,
    Standard: Chihuahua Nako ya Tlwaelo,
    Daylight: Chihuahua Nako ya Motshehare
  },
  America/Ciudad_Juarez: {
    Generic: Ciudad Juarez Nako,
    Standard: Ciudad Juarez Nako ya Tlwaelo,
    Daylight: Ciudad Juarez Nako ya Motshehare
  },
  America/Coral_Harbour: {
    Generic: Coral Harbour Nako,
    Standard: Coral Harbour Nako ya Tlwaelo,
    Daylight: Coral Harbour Nako ya Motshehare
  },
  America/Cordoba: {
    Generic: Cordoba Nako,
    Standard: Cordoba Nako ya Tlwaelo,
    Daylight: Cordoba Nako ya Motshehare
  },
  America/Costa_Rica: {
    Generic: Costa Rica Nako,
    Standard: Costa Rica Nako ya Tlwaelo,
    Daylight: Costa Rica Nako ya Motshehare
  },
  America/Coyhaique: {
    Generic: Coyhaique Nako,
    Standard: Coyhaique Nako ya Tlwaelo,
    Daylight: Coyhaique Nako ya Motshehare
  },
  America/Creston: {
    Generic: Creston Nako,
    Standard: Creston Nako ya Tlwaelo,
    Daylight: Creston Nako ya Motshehare
  },
  America/Cuiaba: {
    Generic: Cuiaba Nako,
    Standard: Cuiaba Nako ya Tlwaelo,
    Daylight: Cuiaba Nako ya Motshehare
  },
  America/Curacao: {
    Generic: Curacao Nako,
    Standard: Curacao Nako ya Tlwaelo,
    Daylight: Curacao Nako ya Motshehare
  },
  America/Danmarkshavn: {
    Generic: Greenwich Mean Time,
    Standard: Greenwich Mean Time,
    Daylight: Greenwich Mean Time
  },
  America/Dawson: {
    Generic: Dawson Nako,
    Standard: Dawson Nako ya Tlwaelo,
    Daylight: Dawson Nako ya Motshehare
  },
  America/Dawson_Creek: {
    Generic: Dawson Creek Nako,
    Standard: Dawson Creek Nako ya Tlwaelo,
    Daylight: Dawson Creek Nako ya Motshehare
  },
  America/Denver: {
    Generic: Denver Nako,
    Standard: Denver Nako ya Tlwaelo,
    Daylight: Denver Nako ya Motshehare
  },
  America/Detroit: {
    Generic: Detroit Nako,
    Standard: Detroit Nako ya Tlwaelo,
    Daylight: Detroit Nako ya Motshehare
  },
  America/Dominica: {
    Generic: Dominica Nako,
    Standard: Dominica Nako ya Tlwaelo,
    Daylight: Dominica Nako ya Motshehare
  },
  America/Edmonton: {
    Generic: Edmonton Nako,
    Standard: Edmonton Nako ya Tlwaelo,
    Daylight: Edmonton Nako ya Motshehare
  },
  America/Eirunepe: {
    Generic: Eirunepe Nako,
    Standard: Eirunepe Nako ya Tlwaelo,
    Daylight: Eirunepe Nako ya Motshehare
  },
  America/El_Salvador: {
    Generic: El Salvador Nako,
    Standard: El Salvador Nako ya Tlwaelo,
    Daylight: El Salvador Nako ya Motshehare
  },
  America/Ensenada: {
    Generic: Tijuana Nako,
    Standard: Tijuana Nako ya Tlwaelo,
    Daylight: Tijuana Nako ya Motshehare
  },
  America/Fort_Nelson: {
    Generic: Fort Nelson Nako,
    Standard: Fort Nelson Nako ya Tlwaelo,
    Daylight: Fort Nelson Nako ya Motshehare
  },
  America/Fort_Wayne: {
    Generic: Indianapolis Nako,
    Standard: Indianapolis Nako ya Tlwaelo,
    Daylight: Indianapolis Nako ya Motshehare
  },
  America/Fortaleza: {
    Generic: Fortaleza Nako,
    Standard: Fortaleza Nako ya Tlwaelo,
    Daylight: Fortaleza Nako ya Motshehare
  },
  America/Glace_Bay: {
    Generic: Glace Bay Nako,
    Standard: Glace Bay Nako ya Tlwaelo,
    Daylight: Glace Bay Nako ya Motshehare
  },
  America/Godthab: {
    Generic: Godthab Nako,
    Standard: Godthab Nako ya Tlwaelo,
    Daylight: Godthab Nako ya Motshehare
  },
  America/Goose_Bay: {
    Generic: Goose Bay Nako,
    Standard: Goose Bay Nako ya Tlwaelo,
    Daylight: Goose Bay Nako ya Motshehare
  },
  America/Grand_Turk: {
    Generic: Grand Turk Nako,
    Standard: Grand Turk Nako ya Tlwaelo,
    Daylight: Grand Turk Nako ya Motshehare
  },
  America/Grenada: {
    Generic: Grenada Nako,
    Standard: Grenada Nako ya Tlwaelo,
    Daylight: Grenada Nako ya Motshehare
  },
  America/Guadeloupe: {
    Generic: Guadeloupe Nako,
    Standard: Guadeloupe Nako ya Tlwaelo,
    Daylight: Guadeloupe Nako ya Motshehare
  },
  America/Guatemala: {
    Generic: Guatemala Nako,
    Standard: Guatemala Nako ya Tlwaelo,
    Daylight: Guatemala Nako ya Motshehare
  },
  America/Guayaquil: {
    Generic: Guayaquil Nako,
    Standard: Guayaquil Nako ya Tlwaelo,
    Daylight: Guayaquil Nako ya Motshehare
  },
  America/Guyana: {
    Generic: Guyana Nako,
    Standard: Guyana Nako ya Tlwaelo,
    Daylight: Guyana Nako ya Motshehare
  },
  America/Halifax: {
    Generic: Halifax Nako,
    Standard: Halifax Nako ya Tlwaelo,
    Daylight: Halifax Nako ya Motshehare
  },
  America/Havana: {
    Generic: Havana Nako,
    Standard: Havana Nako ya Tlwaelo,
    Daylight: Havana Nako ya Motshehare
  },
  America/Hermosillo: {
    Generic: Hermosillo Nako,
    Standard: Hermosillo Nako ya Tlwaelo,
    Daylight: Hermosillo Nako ya Motshehare
  },
  America/Indiana/Indianapolis: {
    Generic: Indianapolis Nako,
    Standard: Indianapolis Nako ya Tlwaelo,
    Daylight: Indianapolis Nako ya Motshehare
  },
  America/Indiana/Knox: {
    Generic: Knox Nako,
    Standard: Knox Nako ya Tlwaelo,
    Daylight: Knox Nako ya Motshehare
  },
  America/Indiana/Marengo: {
    Generic: Marengo Nako,
    Standard: Marengo Nako ya Tlwaelo,
    Daylight: Marengo Nako ya Motshehare
  },
  America/Indiana/Petersburg: {
    Generic: Petersburg Nako,
    Standard: Petersburg Nako ya Tlwaelo,
    Daylight: Petersburg Nako ya Motshehare
  },
  America/Indiana/Tell_City: {
    Generic: Tell City Nako,
    Standard: Tell City Nako ya Tlwaelo,
    Daylight: Tell City Nako ya Motshehare
  },
  America/Indiana/Vevay: {
    Generic: Vevay Nako,
    Standard: Vevay Nako ya Tlwaelo,
    Daylight: Vevay Nako ya Motshehare
  },
  America/Indiana/Vincennes: {
    Generic: Vincennes Nako,
    Standard: Vincennes Nako ya Tlwaelo,
    Daylight: Vincennes Nako ya Motshehare
  },
  America/Indiana/Winamac: {
    Generic: Winamac Nako,
    Standard: Winamac Nako ya Tlwaelo,
    Daylight: Winamac Nako ya Motshehare
  },
  America/Indianapolis: {
    Generic: Indianapolis Nako,
    Standard: Indianapolis Nako ya Tlwaelo,
    Daylight: Indianapolis Nako ya Motshehare
  },
  America/Inuvik: {
    Generic: Inuvik Nako,
    Standard: Inuvik Nako ya Tlwaelo,
    Daylight: Inuvik Nako ya Motshehare
  },
  America/Iqaluit: {
    Generic: Iqaluit Nako,
    Standard: Iqaluit Nako ya Tlwaelo,
    Daylight: Iqaluit Nako ya Motshehare
  },
  America/Jamaica: {
    Generic: Jamaica Nako,
    Standard: Jamaica Nako ya Tlwaelo,
    Daylight: Jamaica Nako ya Motshehare
  },
  America/Jujuy: {
    Generic: Jujuy Nako,
    Standard: Jujuy Nako ya Tlwaelo,
    Daylight: Jujuy Nako ya Motshehare
  },
  America/Juneau: {
    Generic: Juneau Nako,
    Standard: Juneau Nako ya Tlwaelo,
    Daylight: Juneau Nako ya Motshehare
  },
  America/Kentucky/Louisville: {
    Generic: Louisville Nako,
    Standard: Louisville Nako ya Tlwaelo,
    Daylight: Louisville Nako ya Motshehare
  },
  America/Kentucky/Monticello: {
    Generic: Monticello Nako,
    Standard: Monticello Nako ya Tlwaelo,
    Daylight: Monticello Nako ya Motshehare
  },
  America/Knox_IN: {
    Generic: Knox Nako,
    Standard: Knox Nako ya Tlwaelo,
    Daylight: Knox Nako ya Motshehare
  },
  America/Kralendijk: {
    Generic: Kralendijk Nako,
    Standard: Kralendijk Nako ya Tlwaelo,
    Daylight: Kralendijk Nako ya Motshehare
  },
  America/La_Paz: {
    Generic: La Paz Nako,
    Standard: La Paz Nako ya Tlwaelo,
    Daylight: La Paz Nako ya Motshehare
  },
  America/Lima: {
    Generic: Lima Nako,
    Standard: Lima Nako ya Tlwaelo,
    Daylight: Lima Nako ya Motshehare
  },
  America/Los_Angeles: {
    Generic: Los Angeles Nako,
    Standard: Los Angeles Nako ya Tlwaelo,
    Daylight: Los Angeles Nako ya Motshehare
  },
  America/Louisville: {
    Generic: Louisville Nako,
    Standard: Louisville Nako ya Tlwaelo,
    Daylight: Louisville Nako ya Motshehare
  },
  America/Lower_Princes: {
    Generic: Lower Princes Nako,
    Standard: Lower Princes Nako ya Tlwaelo,
    Daylight: Lower Princes Nako ya Motshehare
  },
  America/Maceio: {
    Generic: Maceio Nako,
    Standard: Maceio Nako ya Tlwaelo,
    Daylight: Maceio Nako ya Motshehare
  },
  America/Managua: {
    Generic: Managua Nako,
    Standard: Managua Nako ya Tlwaelo,
    Daylight: Managua Nako ya Motshehare
  },
  America/Manaus: {
    Generic: Manaus Nako,
    Standard: Manaus Nako ya Tlwaelo,
    Daylight: Manaus Nako ya Motshehare
  },
  America/Marigot: {
    Generic: Marigot Nako,
    Standard: Marigot Nako ya Tlwaelo,
    Daylight: Marigot Nako ya Motshehare
  },
  America/Martinique: {
    Generic: Martinique Nako,
    Standard: Martinique Nako ya Tlwaelo,
    Daylight: Martinique Nako ya Motshehare
  },
  America/Matamoros: {
    Generic: Matamoros Nako,
    Standard: Matamoros Nako ya Tlwaelo,
    Daylight: Matamoros Nako ya Motshehare
  },
  America/Mazatlan: {
    Generic: Mazatlan Nako,
    Standard: Mazatlan Nako ya Tlwaelo,
    Daylight: Mazatlan Nako ya Motshehare
  },
  America/Mendoza: {
    Generic: Mendoza Nako,
    Standard: Mendoza Nako ya Tlwaelo,
    Daylight: Mendoza Nako ya Motshehare
  },
  America/Menominee: {
    Generic: Menominee Nako,
    Standard: Menominee Nako ya Tlwaelo,
    Daylight: Menominee Nako ya Motshehare
  },
  America/Merida: {
    Generic: Merida Nako,
    Standard: Merida Nako ya Tlwaelo,
    Daylight: Merida Nako ya Motshehare
  },
  America/Metlakatla: {
    Generic: Metlakatla Nako,
    Standard: Metlakatla Nako ya Tlwaelo,
    Daylight: Metlakatla Nako ya Motshehare
  },
  America/Mexico_City: {
    Generic: Mexico City Nako,
    Standard: Mexico City Nako ya Tlwaelo,
    Daylight: Mexico City Nako ya Motshehare
  },
  America/Miquelon: {
    Generic: Miquelon Nako,
    Standard: Miquelon Nako ya Tlwaelo,
    Daylight: Miquelon Nako ya Motshehare
  },
  America/Moncton: {
    Generic: Moncton Nako,
    Standard: Moncton Nako ya Tlwaelo,
    Daylight: Moncton Nako ya Motshehare
  },
  America/Monterrey: {
    Generic: Monterrey Nako,
    Standard: Monterrey Nako ya Tlwaelo,
    Daylight: Monterrey Nako ya Motshehare
  },
  America/Montevideo: {
    Generic: Montevideo Nako,
    Standard: Montevideo Nako ya Tlwaelo,
    Daylight: Montevideo Nako ya Motshehare
  },
  America/Montreal: {
    Generic: Toronto Nako,
    Standard: Toronto Nako ya Tlwaelo,
    Daylight: Toronto Nako ya Motshehare
  },
  America/Montserrat: {
    Generic: Montserrat Nako,
    Standard: Montserrat Nako ya Tlwaelo,
    Daylight: Montserrat Nako ya Motshehare
  },
  America/Nassau: {
    Generic: Nassau Nako,
    Standard: Nassau Nako ya Tlwaelo,
    Daylight: Nassau Nako ya Motshehare
  },
  America/New_York: {
    Generic: New York Nako,
    Standard: New York Nako ya Tlwaelo,
    Daylight: New York Nako ya Motshehare
  },
  America/Nipigon: {
    Generic: Toronto Nako,
    Standard: Toronto Nako ya Tlwaelo,
    Daylight: Toronto Nako ya Motshehare
  },
  America/Nome: {
    Generic: Nome Nako,
    Standard: Nome Nako ya Tlwaelo,
    Daylight: Nome Nako ya Motshehare
  },
  America/Noronha: {
    Generic: Noronha Nako,
    Standard: Noronha Nako ya Tlwaelo,
    Daylight: Noronha Nako ya Motshehare
  },
  America/North_Dakota/Beulah: {
    Generic: Beulah Nako,
    Standard: Beulah Nako ya Tlwaelo,
    Daylight: Beulah Nako ya Motshehare
  },
  America/North_Dakota/Center: {
    Generic: Center Nako,
    Standard: Center Nako ya Tlwaelo,
    Daylight: Center Nako ya Motshehare
  },
  America/North_Dakota/New_Salem: {
    Generic: New Salem Nako,
    Standard: New Salem Nako ya Tlwaelo,
    Daylight: New Salem Nako ya Motshehare
  },
  America/Nuuk: {
    Generic: Godthab Nako,
    Standard: Godthab Nako ya Tlwaelo,
    Daylight: Godthab Nako ya Motshehare
  },
  America/Ojinaga: {
    Generic: Ojinaga Nako,
    Standard: Ojinaga Nako ya Tlwaelo,
    Daylight: Ojinaga Nako ya Motshehare
  },
  America/Panama: {
    Generic: Panama Nako,
    Standard: Panama Nako ya Tlwaelo,
    Daylight: Panama Nako ya Motshehare
  },
  America/Pangnirtung: {
    Generic: Iqaluit Nako,
    Standard: Iqaluit Nako ya Tlwaelo,
    Daylight: Iqaluit Nako ya Motshehare
  },
  America/Paramaribo: {
    Generic: Paramaribo Nako,
    Standard: Paramaribo Nako ya Tlwaelo,
    Daylight: Paramaribo Nako ya Motshehare
  },
  America/Phoenix: {
    Generic: Phoenix Nako,
    Standard: Phoenix Nako ya Tlwaelo,
    Daylight: Phoenix Nako ya Motshehare
  },
  America/Port-au-Prince: {
    Generic: Port-au-Prince Nako,
    Standard: Port-au-Prince Nako ya Tlwaelo,
    Daylight: Port-au-Prince Nako ya Motshehare
  },
  America/Port_of_Spain: {
    Generic: Port of Spain Nako,
    Standard: Port of Spain Nako ya Tlwaelo,
    Daylight: Port of Spain Nako ya Motshehare
  },
  America/Porto_Acre: {
    Generic: Rio Branco Nako,
    Standard: Rio Branco Nako ya Tlwaelo,
    Daylight: Rio Branco Nako ya Motshehare
  },
  America/Porto_Velho: {
    Generic: Porto Velho Nako,
    Standard: Porto Velho Nako ya Tlwaelo,
    Daylight: Porto Velho Nako ya Motshehare
  },
  America/Puerto_Rico: {
    Generic: Puerto Rico Nako,
    Standard: Puerto Rico Nako ya Tlwaelo,
    Daylight: Puerto Rico Nako ya Motshehare
  },
  America/Punta_Arenas: {
    Generic: Punta Arenas Nako,
    Standard: Punta Arenas Nako ya Tlwaelo,
    Daylight: Punta Arenas Nako ya Motshehare
  },
  America/Rainy_River: {
    Generic: Winnipeg Nako,
    Standard: Winnipeg Nako ya Tlwaelo,
    Daylight: Winnipeg Nako ya Motshehare
  },
  America/Rankin_Inlet: {
    Generic: Rankin Inlet Nako,
    Standard: Rankin Inlet Nako ya Tlwaelo,
    Daylight: Rankin Inlet Nako ya Motshehare
  },
  America/Recife: {
    Generic: Recife Nako,
    Standard: Recife Nako ya Tlwaelo,
    Daylight: Recife Nako ya Motshehare
  },
  America/Regina: {
    Generic: Regina Nako,
    Standard: Regina Nako ya Tlwaelo,
    Daylight: Regina Nako ya Motshehare
  },
  America/Resolute: {
    Generic: Resolute Nako,
    Standard: Resolute Nako ya Tlwaelo,
    Daylight: Resolute Nako ya Motshehare
  },
  America/Rio_Branco: {
    Generic: Rio Branco Nako,
    Standard: Rio Branco Nako ya Tlwaelo,
    Daylight: Rio Branco Nako ya Motshehare
  },
  America/Rosario: {
    Generic: Cordoba Nako,
    Standard: Cordoba Nako ya Tlwaelo,
    Daylight: Cordoba Nako ya Motshehare
  },
  America/Santa_Isabel: {
    Generic: Tijuana Nako,
    Standard: Tijuana Nako ya Tlwaelo,
    Daylight: Tijuana Nako ya Motshehare
  },
  America/Santarem: {
    Generic: Santarem Nako,
    Standard: Santarem Nako ya Tlwaelo,
    Daylight: Santarem Nako ya Motshehare
  },
  America/Santiago: {
    Generic: Santiago Nako,
    Standard: Santiago Nako ya Tlwaelo,
    Daylight: Santiago Nako ya Motshehare
  },
  America/Santo_Domingo: {
    Generic: Santo Domingo Nako,
    Standard: Santo Domingo Nako ya Tlwaelo,
    Daylight: Santo Domingo Nako ya Motshehare
  },
  America/Sao_Paulo: {
    Generic: Sao Paulo Nako,
    Standard: Sao Paulo Nako ya Tlwaelo,
    Daylight: Sao Paulo Nako ya Motshehare
  },
  America/Scoresbysund: {
    Generic: Scoresbysund Nako,
    Standard: Scoresbysund Nako ya Tlwaelo,
    Daylight: Scoresbysund Nako ya Motshehare
  },
  America/Shiprock: {
    Generic: Denver Nako,
    Standard: Denver Nako ya Tlwaelo,
    Daylight: Denver Nako ya Motshehare
  },
  America/Sitka: {
    Generic: Sitka Nako,
    Standard: Sitka Nako ya Tlwaelo,
    Daylight: Sitka Nako ya Motshehare
  },
  America/St_Barthelemy: {
    Generic: St Barthelemy Nako,
    Standard: St Barthelemy Nako ya Tlwaelo,
    Daylight: St Barthelemy Nako ya Motshehare
  },
  America/St_Johns: {
    Generic: St Johns Nako,
    Standard: St Johns Nako ya Tlwaelo,
    Daylight: St Johns Nako ya Motshehare
  },
  America/St_Kitts: {
    Generic: St Kitts Nako,
    Standard: St Kitts Nako ya Tlwaelo,
    Daylight: St Kitts Nako ya Motshehare
  },
  America/St_Lucia: {
    Generic: St Lucia Nako,
    Standard: St Lucia Nako ya Tlwaelo,
    Daylight: St Lucia Nako ya Motshehare
  },
  America/St_Thomas: {
    Generic: St Thomas Nako,
    Standard: St Thomas Nako ya Tlwaelo,
    Daylight: St Thomas Nako ya Motshehare
  },
  America/St_Vincent: {
    Generic: St Vincent Nako,
    Standard: St Vincent Nako ya Tlwaelo,
    Daylight: St Vincent Nako ya Motshehare
  },
  America/Swift_Current: {
    Generic: Swift Current Nako,
    Standard: Swift Current Nako ya Tlwaelo,
    Daylight: Swift Current Nako ya Motshehare
  },
  America/Tegucigalpa: {
    Generic: Tegucigalpa Nako,
    Standard: Tegucigalpa Nako ya Tlwaelo,
    Daylight: Tegucigalpa Nako ya Motshehare
  },
  America/Thule: {
    Generic: Thule Nako,
    Standard: Thule Nako ya Tlwaelo,
    Daylight: Thule Nako ya Motshehare
  },
  America/Thunder_Bay: {
    Generic: Toronto Nako,
    Standard: Toronto Nako ya Tlwaelo,
    Daylight: Toronto Nako ya Motshehare
  },
  America/Tijuana: {
    Generic: Tijuana Nako,
    Standard: Tijuana Nako ya Tlwaelo,
    Daylight: Tijuana Nako ya Motshehare
  },
  America/Toronto: {
    Generic: Toronto Nako,
    Standard: Toronto Nako ya Tlwaelo,
    Daylight: Toronto Nako ya Motshehare
  },
  America/Tortola: {
    Generic: Tortola Nako,
    Standard: Tortola Nako ya Tlwaelo,
    Daylight: Tortola Nako ya Motshehare
  },
  America/Vancouver: {
    Generic: Vancouver Nako,
    Standard: Vancouver Nako ya Tlwaelo,
    Daylight: Vancouver Nako ya Motshehare
  },
  America/Virgin: {
    Generic: St Thomas Nako,
    Standard: St Thomas Nako ya Tlwaelo,
    Daylight: St Thomas Nako ya Motshehare
  },
  America/Whitehorse: {
    Generic: Whitehorse Nako,
    Standard: Whitehorse Nako ya Tlwaelo,
    Daylight: Whitehorse Nako ya Motshehare
  },
  America/Winnipeg: {
    Generic: Winnipeg Nako,
    Standard: Winnipeg Nako ya Tlwaelo,
    Daylight: Winnipeg Nako ya Motshehare
  },
  America/Yakutat: {
    Generic: Yakutat Nako,
    Standard: Yakutat Nako ya Tlwaelo,
    Daylight: Yakutat Nako ya Motshehare
  },
  America/Yellowknife: {
    Generic: Edmonton Nako,
    Standard: Edmonton Nako ya Tlwaelo,
    Daylight: Edmonton Nako ya Motshehare
  },
  Antarctica/Casey: {
    Generic: Casey Nako,
    Standard: Casey Nako ya Tlwaelo,
    Daylight: Casey Nako ya Motshehare
  },
  Antarctica/Davis: {
    Generic: Davis Nako,
    Standard: Davis Nako ya Tlwaelo,
    Daylight: Davis Nako ya Motshehare
  },
  Antarctica/DumontDUrville: {
    Generic: DumontDUrville Nako,
    Standard: DumontDUrville Nako ya Tlwaelo,
    Daylight: DumontDUrville Nako ya Motshehare
  },
  Antarctica/Macquarie: {
    Generic: Macquarie Nako,
    Standard: Macquarie Nako ya Tlwaelo,
    Daylight: Macquarie Nako ya Motshehare
  },
  Antarctica/Mawson: {
    Generic: Mawson Nako,
    Standard: Mawson Nako ya Tlwaelo,
    Daylight: Mawson Nako ya Motshehare
  },
  Antarctica/McMurdo: {
    Generic: McMurdo Nako,
    Standard: McMurdo Nako ya Tlwaelo,
    Daylight: McMurdo Nako ya Motshehare
  },
  Antarctica/Palmer: {
    Generic: Palmer Nako,
    Standard: Palmer Nako ya Tlwaelo,
    Daylight: Palmer Nako ya Motshehare
  },
  Antarctica/Rothera: {
    Generic: Rothera Nako,
    Standard: Rothera Nako ya Tlwaelo,
    Daylight: Rothera Nako ya Motshehare
  },
  Antarctica/South_Pole: {
    Generic: McMurdo Nako,
    Standard: McMurdo Nako ya Tlwaelo,
    Daylight: McMurdo Nako ya Motshehare
  },
  Antarctica/Syowa: {
    Generic: Syowa Nako,
    Standard: Syowa Nako ya Tlwaelo,
    Daylight: Syowa Nako ya Motshehare
  },
  Antarctica/Troll: {
    Generic: Greenwich Mean Time,
    Standard: Greenwich Mean Time,
    Daylight: Greenwich Mean Time
  },
  Antarctica/Vostok: {
    Generic: Vostok Nako,
    Standard: Vostok Nako ya Tlwaelo,
    Daylight: Vostok Nako ya Motshehare
  },
  Arctic/Longyearbyen: {
    Generic: Longyearbyen Nako,
    Standard: Longyearbyen Nako ya Tlwaelo,
    Daylight: Longyearbyen Nako ya Motshehare
  },
  Asia/Aden: {
    Generic: Aden Nako,
    Standard: Aden Nako ya Tlwaelo,
    Daylight: Aden Nako ya Motshehare
  },
  Asia/Almaty: {
    Generic: Almaty Nako,
    Standard: Almaty Nako ya Tlwaelo,
    Daylight: Almaty Nako ya Motshehare
  },
  Asia/Amman: {
    Generic: Amman Nako,
    Standard: Amman Nako ya Tlwaelo,
    Daylight: Amman Nako ya Motshehare
  },
  Asia/Anadyr: {
    Generic: Anadyr Nako,
    Standard: Anadyr Nako ya Tlwaelo,
    Daylight: Anadyr Nako ya Motshehare
  },
  Asia/Aqtau: {
    Generic: Aqtau Nako,
    Standard: Aqtau Nako ya Tlwaelo,
    Daylight: Aqtau Nako ya Motshehare
  },
  Asia/Aqtobe: {
    Generic: Aqtobe Nako,
    Standard: Aqtobe Nako ya Tlwaelo,
    Daylight: Aqtobe Nako ya Motshehare
  },
  Asia/Ashgabat: {
    Generic: Ashgabat Nako,
    Standard: Ashgabat Nako ya Tlwaelo,
    Daylight: Ashgabat Nako ya Motshehare
  },
  Asia/Ashkhabad: {
    Generic: Ashgabat Nako,
    Standard: Ashgabat Nako ya Tlwaelo,
    Daylight: Ashgabat Nako ya Motshehare
  },
  Asia/Atyrau: {
    Generic: Atyrau Nako,
    Standard: Atyrau Nako ya Tlwaelo,
    Daylight: Atyrau Nako ya Motshehare
  },
  Asia/Baghdad: {
    Generic: Baghdad Nako,
    Standard: Baghdad Nako ya Tlwaelo,
    Daylight: Baghdad Nako ya Motshehare
  },
  Asia/Bahrain: {
    Generic: Bahrain Nako,
    Standard: Bahrain Nako ya Tlwaelo,
    Daylight: Bahrain Nako ya Motshehare
  },
  Asia/Baku: {
    Generic: Baku Nako,
    Standard: Baku Nako ya Tlwaelo,
    Daylight: Baku Nako ya Motshehare
  },
  Asia/Bangkok: {
    Generic: Bangkok Nako,
    Standard: Bangkok Nako ya Tlwaelo,
    Daylight: Bangkok Nako ya Motshehare
  },
  Asia/Barnaul: {
    Generic: Barnaul Nako,
    Standard: Barnaul Nako ya Tlwaelo,
    Daylight: Barnaul Nako ya Motshehare
  },
  Asia/Beirut: {
    Generic: Beirut Nako,
    Standard: Beirut Nako ya Tlwaelo,
    Daylight: Beirut Nako ya Motshehare
  },
  Asia/Bishkek: {
    Generic: Bishkek Nako,
    Standard: Bishkek Nako ya Tlwaelo,
    Daylight: Bishkek Nako ya Motshehare
  },
  Asia/Brunei: {
    Generic: Brunei Nako,
    Standard: Brunei Nako ya Tlwaelo,
    Daylight: Brunei Nako ya Motshehare
  },
  Asia/Calcutta: {
    Generic: Calcutta Nako,
    Standard: Calcutta Nako ya Tlwaelo,
    Daylight: Calcutta Nako ya Motshehare
  },
  Asia/Chita: {
    Generic: Chita Nako,
    Standard: Chita Nako ya Tlwaelo,
    Daylight: Chita Nako ya Motshehare
  },
  Asia/Choibalsan: {
    Generic: Ulaanbaatar Nako,
    Standard: Ulaanbaatar Nako ya Tlwaelo,
    Daylight: Ulaanbaatar Nako ya Motshehare
  },
  Asia/Chongqing: {
    Generic: Shanghai Nako,
    Standard: Shanghai Nako ya Tlwaelo,
    Daylight: Shanghai Nako ya Motshehare
  },
  Asia/Chungking: {
    Generic: Shanghai Nako,
    Standard: Shanghai Nako ya Tlwaelo,
    Daylight: Shanghai Nako ya Motshehare
  },
  Asia/Colombo: {
    Generic: Colombo Nako,
    Standard: Colombo Nako ya Tlwaelo,
    Daylight: Colombo Nako ya Motshehare
  },
  Asia/Dacca: {
    Generic: Dhaka Nako,
    Standard: Dhaka Nako ya Tlwaelo,
    Daylight: Dhaka Nako ya Motshehare
  },
  Asia/Damascus: {
    Generic: Damascus Nako,
    Standard: Damascus Nako ya Tlwaelo,
    Daylight: Damascus Nako ya Motshehare
  },
  Asia/Dhaka: {
    Generic: Dhaka Nako,
    Standard: Dhaka Nako ya Tlwaelo,
    Daylight: Dhaka Nako ya Motshehare
  },
  Asia/Dili: {
    Generic: Dili Nako,
    Standard: Dili Nako ya Tlwaelo,
    Daylight: Dili Nako ya Motshehare
  },
  Asia/Dubai: {
    Generic: Dubai Nako,
    Standard: Dubai Nako ya Tlwaelo,
    Daylight: Dubai Nako ya Motshehare
  },
  Asia/Dushanbe: {
    Generic: Dushanbe Nako,
    Standard: Dushanbe Nako ya Tlwaelo,
    Daylight: Dushanbe Nako ya Motshehare
  },
  Asia/Famagusta: {
    Generic: Famagusta Nako,
    Standard: Famagusta Nako ya Tlwaelo,
    Daylight: Famagusta Nako ya Motshehare
  },
  Asia/Gaza: {
    Generic: Gaza Nako,
    Standard: Gaza Nako ya Tlwaelo,
    Daylight: Gaza Nako ya Motshehare
  },
  Asia/Harbin: {
    Generic: Shanghai Nako,
    Standard: Shanghai Nako ya Tlwaelo,
    Daylight: Shanghai Nako ya Motshehare
  },
  Asia/Hebron: {
    Generic: Hebron Nako,
    Standard: Hebron Nako ya Tlwaelo,
    Daylight: Hebron Nako ya Motshehare
  },
  Asia/Ho_Chi_Minh: {
    Generic: Saigon Nako,
    Standard: Saigon Nako ya Tlwaelo,
    Daylight: Saigon Nako ya Motshehare
  },
  Asia/Hong_Kong: {
    Generic: Hong Kong Nako,
    Standard: Hong Kong Nako ya Tlwaelo,
    Daylight: Hong Kong Nako ya Motshehare
  },
  Asia/Hovd: {
    Generic: Hovd Nako,
    Standard: Hovd Nako ya Tlwaelo,
    Daylight: Hovd Nako ya Motshehare
  },
  Asia/Irkutsk: {
    Generic: Irkutsk Nako,
    Standard: Irkutsk Nako ya Tlwaelo,
    Daylight: Irkutsk Nako ya Motshehare
  },
  Asia/Istanbul: {
    Generic: Istanbul Nako,
    Standard: Istanbul Nako ya Tlwaelo,
    Daylight: Istanbul Nako ya Motshehare
  },
  Asia/Jakarta: {
    Generic: Jakarta Nako,
    Standard: Jakarta Nako ya Tlwaelo,
    Daylight: Jakarta Nako ya Motshehare
  },
  Asia/Jayapura: {
    Generic: Jayapura Nako,
    Standard: Jayapura Nako ya Tlwaelo,
    Daylight: Jayapura Nako ya Motshehare
  },
  Asia/Jerusalem: {
    Generic: Jerusalem Nako,
    Standard: Jerusalem Nako ya Tlwaelo,
    Daylight: Jerusalem Nako ya Motshehare
  },
  Asia/Kabul: {
    Generic: Kabul Nako,
    Standard: Kabul Nako ya Tlwaelo,
    Daylight: Kabul Nako ya Motshehare
  },
  Asia/Kamchatka: {
    Generic: Kamchatka Nako,
    Standard: Kamchatka Nako ya Tlwaelo,
    Daylight: Kamchatka Nako ya Motshehare
  },
  Asia/Karachi: {
    Generic: Karachi Nako,
    Standard: Karachi Nako ya Tlwaelo,
    Daylight: Karachi Nako ya Motshehare
  },
  Asia/Kashgar: {
    Generic: Urumqi Nako,
    Standard: Urumqi Nako ya Tlwaelo,
    Daylight: Urumqi Nako ya Motshehare
  },
  Asia/Kathmandu: {
    Generic: Katmandu Nako,
    Standard: Katmandu Nako ya Tlwaelo,
    Daylight: Katmandu Nako ya Motshehare
  },
  Asia/Katmandu: {
    Generic: Katmandu Nako,
    Standard: Katmandu Nako ya Tlwaelo,
    Daylight: Katmandu Nako ya Motshehare
  },
  Asia/Khandyga: {
    Generic: Khandyga Nako,
    Standard: Khandyga Nako ya Tlwaelo,
    Daylight: Khandyga Nako ya Motshehare
  },
  Asia/Kolkata: {
    Generic: Calcutta Nako,
    Standard: Calcutta Nako ya Tlwaelo,
    Daylight: Calcutta Nako ya Motshehare
  },
  Asia/Krasnoyarsk: {
    Generic: Krasnoyarsk Nako,
    Standard: Krasnoyarsk Nako ya Tlwaelo,
    Daylight: Krasnoyarsk Nako ya Motshehare
  },
  Asia/Kuala_Lumpur: {
    Generic: Kuala Lumpur Nako,
    Standard: Kuala Lumpur Nako ya Tlwaelo,
    Daylight: Kuala Lumpur Nako ya Motshehare
  },
  Asia/Kuching: {
    Generic: Kuching Nako,
    Standard: Kuching Nako ya Tlwaelo,
    Daylight: Kuching Nako ya Motshehare
  },
  Asia/Kuwait: {
    Generic: Kuwait Nako,
    Standard: Kuwait Nako ya Tlwaelo,
    Daylight: Kuwait Nako ya Motshehare
  },
  Asia/Macao: {
    Generic: Macau Nako,
    Standard: Macau Nako ya Tlwaelo,
    Daylight: Macau Nako ya Motshehare
  },
  Asia/Macau: {
    Generic: Macau Nako,
    Standard: Macau Nako ya Tlwaelo,
    Daylight: Macau Nako ya Motshehare
  },
  Asia/Magadan: {
    Generic: Magadan Nako,
    Standard: Magadan Nako ya Tlwaelo,
    Daylight: Magadan Nako ya Motshehare
  },
  Asia/Makassar: {
    Generic: Makassar Nako,
    Standard: Makassar Nako ya Tlwaelo,
    Daylight: Makassar Nako ya Motshehare
  },
  Asia/Manila: {
    Generic: Manila Nako,
    Standard: Manila Nako ya Tlwaelo,
    Daylight: Manila Nako ya Motshehare
  },
  Asia/Muscat: {
    Generic: Muscat Nako,
    Standard: Muscat Nako ya Tlwaelo,
    Daylight: Muscat Nako ya Motshehare
  },
  Asia/Nicosia: {
    Generic: Nicosia Nako,
    Standard: Nicosia Nako ya Tlwaelo,
    Daylight: Nicosia Nako ya Motshehare
  },
  Asia/Novokuznetsk: {
    Generic: Novokuznetsk Nako,
    Standard: Novokuznetsk Nako ya Tlwaelo,
    Daylight: Novokuznetsk Nako ya Motshehare
  },
  Asia/Novosibirsk: {
    Generic: Novosibirsk Nako,
    Standard: Novosibirsk Nako ya Tlwaelo,
    Daylight: Novosibirsk Nako ya Motshehare
  },
  Asia/Omsk: {
    Generic: Omsk Nako,
    Standard: Omsk Nako ya Tlwaelo,
    Daylight: Omsk Nako ya Motshehare
  },
  Asia/Oral: {
    Generic: Oral Nako,
    Standard: Oral Nako ya Tlwaelo,
    Daylight: Oral Nako ya Motshehare
  },
  Asia/Phnom_Penh: {
    Generic: Phnom Penh Nako,
    Standard: Phnom Penh Nako ya Tlwaelo,
    Daylight: Phnom Penh Nako ya Motshehare
  },
  Asia/Pontianak: {
    Generic: Pontianak Nako,
    Standard: Pontianak Nako ya Tlwaelo,
    Daylight: Pontianak Nako ya Motshehare
  },
  Asia/Pyongyang: {
    Generic: Pyongyang Nako,
    Standard: Pyongyang Nako ya Tlwaelo,
    Daylight: Pyongyang Nako ya Motshehare
  },
  Asia/Qatar: {
    Generic: Qatar Nako,
    Standard: Qatar Nako ya Tlwaelo,
    Daylight: Qatar Nako ya Motshehare
  },
  Asia/Qostanay: {
    Generic: Qostanay Nako,
    Standard: Qostanay Nako ya Tlwaelo,
    Daylight: Qostanay Nako ya Motshehare
  },
  Asia/Qyzylorda: {
    Generic: Qyzylorda Nako,
    Standard: Qyzylorda Nako ya Tlwaelo,
    Daylight: Qyzylorda Nako ya Motshehare
  },
  Asia/Rangoon: {
    Generic: Rangoon Nako,
    Standard: Rangoon Nako ya Tlwaelo,
    Daylight: Rangoon Nako ya Motshehare
  },
  Asia/Riyadh: {
    Generic: Riyadh Nako,
    Standard: Riyadh Nako ya Tlwaelo,
    Daylight: Riyadh Nako ya Motshehare
  },
  Asia/Saigon: {
    Generic: Saigon Nako,
    Standard: Saigon Nako ya Tlwaelo,
    Daylight: Saigon Nako ya Motshehare
  },
  Asia/Sakhalin: {
    Generic: Sakhalin Nako,
    Standard: Sakhalin Nako ya Tlwaelo,
    Daylight: Sakhalin Nako ya Motshehare
  },
  Asia/Samarkand: {
    Generic: Samarkand Nako,
    Standard: Samarkand Nako ya Tlwaelo,
    Daylight: Samarkand Nako ya Motshehare
  },
  Asia/Seoul: {
    Generic: Seoul Nako,
    Standard: Seoul Nako ya Tlwaelo,
    Daylight: Seoul Nako ya Motshehare
  },
  Asia/Shanghai: {
    Generic: Shanghai Nako,
    Standard: Shanghai Nako ya Tlwaelo,
    Daylight: Shanghai Nako ya Motshehare
  },
  Asia/Singapore: {
    Generic: Singapore Nako,
    Standard: Singapore Nako ya Tlwaelo,
    Daylight: Singapore Nako ya Motshehare
  },
  Asia/Srednekolymsk: {
    Generic: Srednekolymsk Nako,
    Standard: Srednekolymsk Nako ya Tlwaelo,
    Daylight: Srednekolymsk Nako ya Motshehare
  },
  Asia/Taipei: {
    Generic: Taipei Nako,
    Standard: Taipei Nako ya Tlwaelo,
    Daylight: Taipei Nako ya Motshehare
  },
  Asia/Tashkent: {
    Generic: Tashkent Nako,
    Standard: Tashkent Nako ya Tlwaelo,
    Daylight: Tashkent Nako ya Motshehare
  },
  Asia/Tbilisi: {
    Generic: Tbilisi Nako,
    Standard: Tbilisi Nako ya Tlwaelo,
    Daylight: Tbilisi Nako ya Motshehare
  },
  Asia/Tehran: {
    Generic: Tehran Nako,
    Standard: Tehran Nako ya Tlwaelo,
    Daylight: Tehran Nako ya Motshehare
  },
  Asia/Tel_Aviv: {
    Generic: Jerusalem Nako,
    Standard: Jerusalem Nako ya Tlwaelo,
    Daylight: Jerusalem Nako ya Motshehare
  },
  Asia/Thimbu: {
    Generic: Thimphu Nako,
    Standard: Thimphu Nako ya Tlwaelo,
    Daylight: Thimphu Nako ya Motshehare
  },
  Asia/Thimphu: {
    Generic: Thimphu Nako,
    Standard: Thimphu Nako ya Tlwaelo,
    Daylight: Thimphu Nako ya Motshehare
  },
  Asia/Tokyo: {
    Generic: Tokyo Nako,
    Standard: Tokyo Nako ya Tlwaelo,
    Daylight: Tokyo Nako ya Motshehare
  },
  Asia/Tomsk: {
    Generic: Tomsk Nako,
    Standard: Tomsk Nako ya Tlwaelo,
    Daylight: Tomsk Nako ya Motshehare
  },
  Asia/Ujung_Pandang: {
    Generic: Makassar Nako,
    Standard: Makassar Nako ya Tlwaelo,
    Daylight: Makassar Nako ya Motshehare
  },
  Asia/Ulaanbaatar: {
    Generic: Ulaanbaatar Nako,
    Standard: Ulaanbaatar Nako ya Tlwaelo,
    Daylight: Ulaanbaatar Nako ya Motshehare
  },
  Asia/Ulan_Bator: {
    Generic: Ulaanbaatar Nako,
    Standard: Ulaanbaatar Nako ya Tlwaelo,
    Daylight: Ulaanbaatar Nako ya Motshehare
  },
  Asia/Urumqi: {
    Generic: Urumqi Nako,
    Standard: Urumqi Nako ya Tlwaelo,
    Daylight: Urumqi Nako ya Motshehare
  },
  Asia/Ust-Nera: {
    Generic: Ust-Nera Nako,
    Standard: Ust-Nera Nako ya Tlwaelo,
    Daylight: Ust-Nera Nako ya Motshehare
  },
  Asia/Vientiane: {
    Generic: Vientiane Nako,
    Standard: Vientiane Nako ya Tlwaelo,
    Daylight: Vientiane Nako ya Motshehare
  },
  Asia/Vladivostok: {
    Generic: Vladivostok Nako,
    Standard: Vladivostok Nako ya Tlwaelo,
    Daylight: Vladivostok Nako ya Motshehare
  },
  Asia/Yakutsk: {
    Generic: Yakutsk Nako,
    Standard: Yakutsk Nako ya Tlwaelo,
    Daylight: Yakutsk Nako ya Motshehare
  },
  Asia/Yangon: {
    Generic: Rangoon Nako,
    Standard: Rangoon Nako ya Tlwaelo,
    Daylight: Rangoon Nako ya Motshehare
  },
  Asia/Yekaterinburg: {
    Generic: Yekaterinburg Nako,
    Standard: Yekaterinburg Nako ya Tlwaelo,
    Daylight: Yekaterinburg Nako ya Motshehare
  },
  Asia/Yerevan: {
    Generic: Yerevan Nako,
    Standard: Yerevan Nako ya Tlwaelo,
    Daylight: Yerevan Nako ya Motshehare
  },
  Atlantic/Azores: {
    Generic: Azores Nako,
    Standard: Azores Nako ya Tlwaelo,
    Daylight: Azores Nako ya Motshehare
  },
  Atlantic/Bermuda: {
    Generic: Bermuda Nako,
    Standard: Bermuda Nako ya Tlwaelo,
    Daylight: Bermuda Nako ya Motshehare
  },
  Atlantic/Canary: {
    Generic: Canary Nako,
    Standard: Canary Nako ya Tlwaelo,
    Daylight: Canary Nako ya Motshehare
  },
  Atlantic/Cape_Verde: {
    Generic: Cape Verde Nako,
    Standard: Cape Verde Nako ya Tlwaelo,
    Daylight: Cape Verde Nako ya Motshehare
  },
  Atlantic/Faeroe: {
    Generic: Faeroe Nako,
    Standard: Faeroe Nako ya Tlwaelo,
    Daylight: Faeroe Nako ya Motshehare
  },
  Atlantic/Faroe: {
    Generic: Faeroe Nako,
    Standard: Faeroe Nako ya Tlwaelo,
    Daylight: Faeroe Nako ya Motshehare
  },
  Atlantic/Jan_Mayen: {
    Generic: Longyearbyen Nako,
    Standard: Longyearbyen Nako ya Tlwaelo,
    Daylight: Longyearbyen Nako ya Motshehare
  },
  Atlantic/Madeira: {
    Generic: Madeira Nako,
    Standard: Madeira Nako ya Tlwaelo,
    Daylight: Madeira Nako ya Motshehare
  },
  Atlantic/Reykjavik: {
    Generic: Greenwich Mean Time,
    Standard: Greenwich Mean Time,
    Daylight: Greenwich Mean Time
  },
  Atlantic/South_Georgia: {
    Generic: South Georgia Nako,
    Standard: South Georgia Nako ya Tlwaelo,
    Daylight: South Georgia Nako ya Motshehare
  },
  Atlantic/St_Helena: {
    Generic: Greenwich Mean Time,
    Standard: Greenwich Mean Time,
    Daylight: Greenwich Mean Time
  },
  Atlantic/Stanley: {
    Generic: Stanley Nako,
    Standard: Stanley Nako ya Tlwaelo,
    Daylight: Stanley Nako ya Motshehare
  },
  Australia/ACT: {
    Generic: Sydney Nako,
    Standard: Sydney Nako ya Tlwaelo,
    Daylight: Sydney Nako ya Motshehare
  },
  Australia/Adelaide: {
    Generic: Adelaide Nako,
    Standard: Adelaide Nako ya Tlwaelo,
    Daylight: Adelaide Nako ya Motshehare
  },
  Australia/Brisbane: {
    Generic: Brisbane Nako,
    Standard: Brisbane Nako ya Tlwaelo,
    Daylight: Brisbane Nako ya Motshehare
  },
  Australia/Broken_Hill: {
    Generic: Broken Hill Nako,
    Standard: Broken Hill Nako ya Tlwaelo,
    Daylight: Broken Hill Nako ya Motshehare
  },
  Australia/Canberra: {
    Generic: Sydney Nako,
    Standard: Sydney Nako ya Tlwaelo,
    Daylight: Sydney Nako ya Motshehare
  },
  Australia/Currie: {
    Generic: Hobart Nako,
    Standard: Hobart Nako ya Tlwaelo,
    Daylight: Hobart Nako ya Motshehare
  },
  Australia/Darwin: {
    Generic: Darwin Nako,
    Standard: Darwin Nako ya Tlwaelo,
    Daylight: Darwin Nako ya Motshehare
  },
  Australia/Eucla: {
    Generic: Eucla Nako,
    Standard: Eucla Nako ya Tlwaelo,
    Daylight: Eucla Nako ya Motshehare
  },
  Australia/Hobart: {
    Generic: Hobart Nako,
    Standard: Hobart Nako ya Tlwaelo,
    Daylight: Hobart Nako ya Motshehare
  },
  Australia/LHI: {
    Generic: Lord Howe Nako,
    Standard: Lord Howe Nako ya Tlwaelo,
    Daylight: Lord Howe Nako ya Motshehare
  },
  Australia/Lindeman: {
    Generic: Lindeman Nako,
    Standard: Lindeman Nako ya Tlwaelo,
    Daylight: Lindeman Nako ya Motshehare
  },
  Australia/Lord_Howe: {
    Generic: Lord Howe Nako,
    Standard: Lord Howe Nako ya Tlwaelo,
    Daylight: Lord Howe Nako ya Motshehare
  },
  Australia/Melbourne: {
    Generic: Melbourne Nako,
    Standard: Melbourne Nako ya Tlwaelo,
    Daylight: Melbourne Nako ya Motshehare
  },
  Australia/NSW: {
    Generic: Sydney Nako,
    Standard: Sydney Nako ya Tlwaelo,
    Daylight: Sydney Nako ya Motshehare
  },
  Australia/North: {
    Generic: Darwin Nako,
    Standard: Darwin Nako ya Tlwaelo,
    Daylight: Darwin Nako ya Motshehare
  },
  Australia/Perth: {
    Generic: Perth Nako,
    Standard: Perth Nako ya Tlwaelo,
    Daylight: Perth Nako ya Motshehare
  },
  Australia/Queensland: {
    Generic: Brisbane Nako,
    Standard: Brisbane Nako ya Tlwaelo,
    Daylight: Brisbane Nako ya Motshehare
  },
  Australia/South: {
    Generic: Adelaide Nako,
    Standard: Adelaide Nako ya Tlwaelo,
    Daylight: Adelaide Nako ya Motshehare
  },
  Australia/Sydney: {
    Generic: Sydney Nako,
    Standard: Sydney Nako ya Tlwaelo,
    Daylight: Sydney Nako ya Motshehare
  },
  Australia/Tasmania: {
    Generic: Hobart Nako,
    Standard: Hobart Nako ya Tlwaelo,
    Daylight: Hobart Nako ya Motshehare
  },
  Australia/Victoria: {
    Generic: Melbourne Nako,
    Standard: Melbourne Nako ya Tlwaelo,
    Daylight: Melbourne Nako ya Motshehare
  },
  Australia/West: {
    Generic: Perth Nako,
    Standard: Perth Nako ya Tlwaelo,
    Daylight: Perth Nako ya Motshehare
  },
  Australia/Yancowinna: {
    Generic: Broken Hill Nako,
    Standard: Broken Hill Nako ya Tlwaelo,
    Daylight: Broken Hill Nako ya Motshehare
  },
  Brazil/Acre: {
    Generic: Rio Branco Nako,
    Standard: Rio Branco Nako ya Tlwaelo,
    Daylight: Rio Branco Nako ya Motshehare
  },
  Brazil/DeNoronha: {
    Generic: Noronha Nako,
    Standard: Noronha Nako ya Tlwaelo,
    Daylight: Noronha Nako ya Motshehare
  },
  Brazil/East: {
    Generic: Sao Paulo Nako,
    Standard: Sao Paulo Nako ya Tlwaelo,
    Daylight: Sao Paulo Nako ya Motshehare
  },
  Brazil/West: {
    Generic: Manaus Nako,
    Standard: Manaus Nako ya Tlwaelo,
    Daylight: Manaus Nako ya Motshehare
  },
  CET: {
    Generic: Paris Nako,
    Standard: Paris Nako ya Tlwaelo,
    Daylight: Paris Nako ya Motshehare
  },
  CST6CDT: {
    Generic: Chicago Nako,
    Standard: Chicago Nako ya Tlwaelo,
    Daylight: Chicago Nako ya Motshehare
  },
  Canada/Atlantic: {
    Generic: Halifax Nako,
    Standard: Halifax Nako ya Tlwaelo,
    Daylight: Halifax Nako ya Motshehare
  },
  Canada/Central: {
    Generic: Winnipeg Nako,
    Standard: Winnipeg Nako ya Tlwaelo,
    Daylight: Winnipeg Nako ya Motshehare
  },
  Canada/Eastern: {
    Generic: Toronto Nako,
    Standard: Toronto Nako ya Tlwaelo,
    Daylight: Toronto Nako ya Motshehare
  },
  Canada/Mountain: {
    Generic: Edmonton Nako,
    Standard: Edmonton Nako ya Tlwaelo,
    Daylight: Edmonton Nako ya Motshehare
  },
  Canada/Newfoundland: {
    Generic: St Johns Nako,
    Standard: St Johns Nako ya Tlwaelo,
    Daylight: St Johns Nako ya Motshehare
  },
  Canada/Pacific: {
    Generic: Vancouver Nako,
    Standard: Vancouver Nako ya Tlwaelo,
    Daylight: Vancouver Nako ya Motshehare
  },
  Canada/Saskatchewan: {
    Generic: Regina Nako,
    Standard: Regina Nako ya Tlwaelo,
    Daylight: Regina Nako ya Motshehare
  },
  Canada/Yukon: {
    Generic: Whitehorse Nako,
    Standard: Whitehorse Nako ya Tlwaelo,
    Daylight: Whitehorse Nako ya Motshehare
  },
  Chile/Continental: {
    Generic: Santiago Nako,
    Standard: Santiago Nako ya Tlwaelo,
    Daylight: Santiago Nako ya Motshehare
  },
  Chile/EasterIsland: {
    Generic: Easter Nako,
    Standard: Easter Nako ya Tlwaelo,
    Daylight: Easter Nako ya Motshehare
  },
  Cuba: {
    Generic: Havana Nako,
    Standard: Havana Nako ya Tlwaelo,
    Daylight: Havana Nako ya Motshehare
  },
  EET: {
    Generic: Bucharest Nako,
    Standard: Bucharest Nako ya Tlwaelo,
    Daylight: Bucharest Nako ya Motshehare
  },
  EST: {
    Generic: Panama Nako,
    Standard: Panama Nako ya Tlwaelo,
    Daylight: Panama Nako ya Motshehare
  },
  EST5EDT: {
    Generic: New York Nako,
    Standard: New York Nako ya Tlwaelo,
    Daylight: New York Nako ya Motshehare
  },
  Egypt: {
    Generic: Cairo Nako,
    Standard: Cairo Nako ya Tlwaelo,
    Daylight: Cairo Nako ya Motshehare
  },
  Eire: {
    Generic: Greenwich Mean Time,
    Standard: Greenwich Mean Time,
    Daylight: Greenwich Mean Time
  },
  Etc/GMT: {
    Generic: Greenwich Mean Time,
    Standard: Greenwich Mean Time,
    Daylight: Greenwich Mean Time
  },
  Etc/GMT+0: {
    Generic: Greenwich Mean Time,
    Standard: Greenwich Mean Time,
    Daylight: Greenwich Mean Time
  },
  Etc/GMT+1: {
    Generic: UTC Nako -1,
    Standard: UTC Nako ya Tlwaelo -1,
    Daylight: UTC Nako ya Motshehare -1
  },
  Etc/GMT+10: {
    Generic: UTC Nako -10,
    Standard: UTC Nako ya Tlwaelo -10,
    Daylight: UTC Nako ya Motshehare -10
  },
  Etc/GMT+11: {
    Generic: UTC Nako -11,
    Standard: UTC Nako ya Tlwaelo -11,
    Daylight: UTC Nako ya Motshehare -11
  },
  Etc/GMT+12: {
    Generic: UTC Nako -12,
    Standard: UTC Nako ya Tlwaelo -12,
    Daylight: UTC Nako ya Motshehare -12
  },
  Etc/GMT+2: {
    Generic: UTC Nako -2,
    Standard: UTC Nako ya Tlwaelo -2,
    Daylight: UTC Nako ya Motshehare -2
  },
  Etc/GMT+3: {
    Generic: UTC Nako -3,
    Standard: UTC Nako ya Tlwaelo -3,
    Daylight: UTC Nako ya Motshehare -3
  },
  Etc/GMT+4: {
    Generic: UTC Nako -4,
    Standard: UTC Nako ya Tlwaelo -4,
    Daylight: UTC Nako ya Motshehare -4
  },
  Etc/GMT+5: {
    Generic: UTC Nako -5,
    Standard: UTC Nako ya Tlwaelo -5,
    Daylight: UTC Nako ya Motshehare -5
  },
  Etc/GMT+6: {
    Generic: UTC Nako -6,
    Standard: UTC Nako ya Tlwaelo -6,
    Daylight: UTC Nako ya Motshehare -6
  },
  Etc/GMT+7: {
    Generic: UTC Nako -7,
    Standard: UTC Nako ya Tlwaelo -7,
    Daylight: UTC Nako ya Motshehare -7
  },
  Etc/GMT+8: {
    Generic: UTC Nako -8,
    Standard: UTC Nako ya Tlwaelo -8,
    Daylight: UTC Nako ya Motshehare -8
  },
  Etc/GMT+9: {
    Generic: UTC Nako -9,
    Standard: UTC Nako ya Tlwaelo -9,
    Daylight: UTC Nako ya Motshehare -9
  },
  Etc/GMT-0: {
    Generic: Greenwich Mean Time,
    Standard: Greenwich Mean Time,
    Daylight: Greenwich Mean Time
  },
  Etc/GMT-1: {
    Generic: UTC Nako +1,
    Standard: UTC Nako ya Tlwaelo +1,
    Daylight: UTC Nako ya Motshehare +1
  },
  Etc/GMT-10: {
    Generic: UTC Nako +10,
    Standard: UTC Nako ya Tlwaelo +10,
    Daylight: UTC Nako ya Motshehare +10
  },
  Etc/GMT-11: {
    Generic: UTC Nako +11,
    Standard: UTC Nako ya Tlwaelo +11,
    Daylight: UTC Nako ya Motshehare +11
  },
  Etc/GMT-12: {
    Generic: UTC Nako +12,
    Standard: UTC Nako ya Tlwaelo +12,
    Daylight: UTC Nako ya Motshehare +12
  },
  Etc/GMT-13: {
    Generic: UTC Nako +13,
    Standard: UTC Nako ya Tlwaelo +13,
    Daylight: UTC Nako ya Motshehare +13
  },
  Etc/GMT-14: {
    Generic: UTC Nako +14,
    Standard: UTC Nako ya Tlwaelo +14,
    Daylight: UTC Nako ya Motshehare +14
  },
  Etc/GMT-2: {
    Generic: UTC Nako +2,
    Standard: UTC Nako ya Tlwaelo +2,
    Daylight: UTC Nako ya Motshehare +2
  },
  Etc/GMT-3: {
    Generic: UTC Nako +3,
    Standard: UTC Nako ya Tlwaelo +3,
    Daylight: UTC Nako ya Motshehare +3
  },
  Etc/GMT-4: {
    Generic: UTC Nako +4,
    Standard: UTC Nako ya Tlwaelo +4,
    Daylight: UTC Nako ya Motshehare +4
  },
  Etc/GMT-5: {
    Generic: UTC Nako +5,
    Standard: UTC Nako ya Tlwaelo +5,
    Daylight: UTC Nako ya Motshehare +5
  },
  Etc/GMT-6: {
    Generic: UTC Nako +6,
    Standard: UTC Nako ya Tlwaelo +6,
    Daylight: UTC Nako ya Motshehare +6
  },
  Etc/GMT-7: {
    Generic: UTC Nako +7,
    Standard: UTC Nako ya Tlwaelo +7,
    Daylight: UTC Nako ya Motshehare +7
  },
  Etc/GMT-8: {
    Generic: UTC Nako +8,
    Standard: UTC Nako ya Tlwaelo +8,
    Daylight: UTC Nako ya Motshehare +8
  },
  Etc/GMT-9: {
    Generic: UTC Nako +9,
    Standard: UTC Nako ya Tlwaelo +9,
    Daylight: UTC Nako ya Motshehare +9
  },
  Etc/GMT0: {
    Generic: Greenwich Mean Time,
    Standard: Greenwich Mean Time,
    Daylight: Greenwich Mean Time
  },
  Etc/Greenwich: {
    Generic: Greenwich Mean Time,
    Standard: Greenwich Mean Time,
    Daylight: Greenwich Mean Time
  },
  Etc/UCT: {
    Generic: UTC Nako,
    Standard: UTC Nako ya Tlwaelo,
    Daylight: UTC Nako ya Motshehare
  },
  Etc/UTC: {
    Generic: UTC Nako,
    Standard: UTC Nako ya Tlwaelo,
    Daylight: UTC Nako ya Motshehare
  },
  Etc/Universal: {
    Generic: UTC Nako,
    Standard: UTC Nako ya Tlwaelo,
    Daylight: UTC Nako ya Motshehare
  },
  Etc/Zulu: {
    Generic: UTC Nako,
    Standard: UTC Nako ya Tlwaelo,
    Daylight: UTC Nako ya Motshehare
  },
  Europe/Amsterdam: {
    Generic: Amsterdam Nako,
    Standard: Amsterdam Nako ya Tlwaelo,
    Daylight: Amsterdam Nako ya Motshehare
  },
  Europe/Andorra: {
    Generic: Andorra Nako,
    Standard: Andorra Nako ya Tlwaelo,
    Daylight: Andorra Nako ya Motshehare
  },
  Europe/Astrakhan: {
    Generic: Astrakhan Nako,
    Standard: Astrakhan Nako ya Tlwaelo,
    Daylight: Astrakhan Nako ya Motshehare
  },
  Europe/Athens: {
    Generic: Athens Nako,
    Standard: Athens Nako ya Tlwaelo,
    Daylight: Athens Nako ya Motshehare
  },
  Europe/Belfast: {
    Generic: Greenwich Mean Time,
    Standard: Greenwich Mean Time,
    Daylight: Greenwich Mean Time
  },
  Europe/Belgrade: {
    Generic: Belgrade Nako,
    Standard: Belgrade Nako ya Tlwaelo,
    Daylight: Belgrade Nako ya Motshehare
  },
  Europe/Berlin: {
    Generic: Berlin Nako,
    Standard: Berlin Nako ya Tlwaelo,
    Daylight: Berlin Nako ya Motshehare
  },
  Europe/Bratislava: {
    Generic: Bratislava Nako,
    Standard: Bratislava Nako ya Tlwaelo,
    Daylight: Bratislava Nako ya Motshehare
  },
  Europe/Brussels: {
    Generic: Brussels Nako,
    Standard: Brussels Nako ya Tlwaelo,
    Daylight: Brussels Nako ya Motshehare
  },
  Europe/Bucharest: {
    Generic: Bucharest Nako,
    Standard: Bucharest Nako ya Tlwaelo,
    Daylight: Bucharest Nako ya Motshehare
  },
  Europe/Budapest: {
    Generic: Budapest Nako,
    Standard: Budapest Nako ya Tlwaelo,
    Daylight: Budapest Nako ya Motshehare
  },
  Europe/Busingen: {
    Generic: Busingen Nako,
    Standard: Busingen Nako ya Tlwaelo,
    Daylight: Busingen Nako ya Motshehare
  },
  Europe/Chisinau: {
    Generic: Chisinau Nako,
    Standard: Chisinau Nako ya Tlwaelo,
    Daylight: Chisinau Nako ya Motshehare
  },
  Europe/Copenhagen: {
    Generic: Copenhagen Nako,
    Standard: Copenhagen Nako ya Tlwaelo,
    Daylight: Copenhagen Nako ya Motshehare
  },
  Europe/Dublin: {
    Generic: Greenwich Mean Time,
    Standard: Greenwich Mean Time,
    Daylight: Greenwich Mean Time
  },
  Europe/Gibraltar: {
    Generic: Gibraltar Nako,
    Standard: Gibraltar Nako ya Tlwaelo,
    Daylight: Gibraltar Nako ya Motshehare
  },
  Europe/Guernsey: {
    Generic: Greenwich Mean Time,
    Standard: Greenwich Mean Time,
    Daylight: Greenwich Mean Time
  },
  Europe/Helsinki: {
    Generic: Helsinki Nako,
    Standard: Helsinki Nako ya Tlwaelo,
    Daylight: Helsinki Nako ya Motshehare
  },
  Europe/Isle_of_Man: {
    Generic: Greenwich Mean Time,
    Standard: Greenwich Mean Time,
    Daylight: Greenwich Mean Time
  },
  Europe/Istanbul: {
    Generic: Istanbul Nako,
    Standard: Istanbul Nako ya Tlwaelo,
    Daylight: Istanbul Nako ya Motshehare
  },
  Europe/Jersey: {
    Generic: Greenwich Mean Time,
    Standard: Greenwich Mean Time,
    Daylight: Greenwich Mean Time
  },
  Europe/Kaliningrad: {
    Generic: Kaliningrad Nako,
    Standard: Kaliningrad Nako ya Tlwaelo,
    Daylight: Kaliningrad Nako ya Motshehare
  },
  Europe/Kiev: {
    Generic: Kiev Nako,
    Standard: Kiev Nako ya Tlwaelo,
    Daylight: Kiev Nako ya Motshehare
  },
  Europe/Kirov: {
    Generic: Kirov Nako,
    Standard: Kirov Nako ya Tlwaelo,
    Daylight: Kirov Nako ya Motshehare
  },
  Europe/Kyiv: {
    Generic: Kiev Nako,
    Standard: Kiev Nako ya Tlwaelo,
    Daylight: Kiev Nako ya Motshehare
  },
  Europe/Lisbon: {
    Generic: Lisbon Nako,
    Standard: Lisbon Nako ya Tlwaelo,
    Daylight: Lisbon Nako ya Motshehare
  },
  Europe/Ljubljana: {
    Generic: Ljubljana Nako,
    Standard: Ljubljana Nako ya Tlwaelo,
    Daylight: Ljubljana Nako ya Motshehare
  },
  Europe/London: {
    Generic: Greenwich Mean Time,
    Standard: Greenwich Mean Time,
    Daylight: Greenwich Mean Time
  },
  Europe/Luxembourg: {
    Generic: Luxembourg Nako,
    Standard: Luxembourg Nako ya Tlwaelo,
    Daylight: Luxembourg Nako ya Motshehare
  },
  Europe/Madrid: {
    Generic: Madrid Nako,
    Standard: Madrid Nako ya Tlwaelo,
    Daylight: Madrid Nako ya Motshehare
  },
  Europe/Malta: {
    Generic: Malta Nako,
    Standard: Malta Nako ya Tlwaelo,
    Daylight: Malta Nako ya Motshehare
  },
  Europe/Mariehamn: {
    Generic: Mariehamn Nako,
    Standard: Mariehamn Nako ya Tlwaelo,
    Daylight: Mariehamn Nako ya Motshehare
  },
  Europe/Minsk: {
    Generic: Minsk Nako,
    Standard: Minsk Nako ya Tlwaelo,
    Daylight: Minsk Nako ya Motshehare
  },
  Europe/Monaco: {
    Generic: Monaco Nako,
    Standard: Monaco Nako ya Tlwaelo,
    Daylight: Monaco Nako ya Motshehare
  },
  Europe/Moscow: {
    Generic: Moscow Nako,
    Standard: Moscow Nako ya Tlwaelo,
    Daylight: Moscow Nako ya Motshehare
  },
  Europe/Nicosia: {
    Generic: Nicosia Nako,
    Standard: Nicosia Nako ya Tlwaelo,
    Daylight: Nicosia Nako ya Motshehare
  },
  Europe/Oslo: {
    Generic: Oslo Nako,
    Standard: Oslo Nako ya Tlwaelo,
    Daylight: Oslo Nako ya Motshehare
  },
  Europe/Paris: {
    Generic: Paris Nako,
    Standard: Paris Nako ya Tlwaelo,
    Daylight: Paris Nako ya Motshehare
  },
  Europe/Podgorica: {
    Generic: Podgorica Nako,
    Standard: Podgorica Nako ya Tlwaelo,
    Daylight: Podgorica Nako ya Motshehare
  },
  Europe/Prague: {
    Generic: Prague Nako,
    Standard: Prague Nako ya Tlwaelo,
    Daylight: Prague Nako ya Motshehare
  },
  Europe/Riga: {
    Generic: Riga Nako,
    Standard: Riga Nako ya Tlwaelo,
    Daylight: Riga Nako ya Motshehare
  },
  Europe/Rome: {
    Generic: Rome Nako,
    Standard: Rome Nako ya Tlwaelo,
    Daylight: Rome Nako ya Motshehare
  },
  Europe/Samara: {
    Generic: Samara Nako,
    Standard: Samara Nako ya Tlwaelo,
    Daylight: Samara Nako ya Motshehare
  },
  Europe/San_Marino: {
    Generic: San Marino Nako,
    Standard: San Marino Nako ya Tlwaelo,
    Daylight: San Marino Nako ya Motshehare
  },
  Europe/Sarajevo: {
    Generic: Sarajevo Nako,
    Standard: Sarajevo Nako ya Tlwaelo,
    Daylight: Sarajevo Nako ya Motshehare
  },
  Europe/Saratov: {
    Generic: Saratov Nako,
    Standard: Saratov Nako ya Tlwaelo,
    Daylight: Saratov Nako ya Motshehare
  },
  Europe/Simferopol: {
    Generic: Simferopol Nako,
    Standard: Simferopol Nako ya Tlwaelo,
    Daylight: Simferopol Nako ya Motshehare
  },
  Europe/Skopje: {
    Generic: Skopje Nako,
    Standard: Skopje Nako ya Tlwaelo,
    Daylight: Skopje Nako ya Motshehare
  },
  Europe/Sofia: {
    Generic: Sofia Nako,
    Standard: Sofia Nako ya Tlwaelo,
    Daylight: Sofia Nako ya Motshehare
  },
  Europe/Stockholm: {
    Generic: Stockholm Nako,
    Standard: Stockholm Nako ya Tlwaelo,
    Daylight: Stockholm Nako ya Motshehare
  },
  Europe/Tallinn: {
    Generic: Tallinn Nako,
    Standard: Tallinn Nako ya Tlwaelo,
    Daylight: Tallinn Nako ya Motshehare
  },
  Europe/Tirane: {
    Generic: Tirane Nako,
    Standard: Tirane Nako ya Tlwaelo,
    Daylight: Tirane Nako ya Motshehare
  },
  Europe/Tiraspol: {
    Generic: Chisinau Nako,
    Standard: Chisinau Nako ya Tlwaelo,
    Daylight: Chisinau Nako ya Motshehare
  },
  Europe/Ulyanovsk: {
    Generic: Ulyanovsk Nako,
    Standard: Ulyanovsk Nako ya Tlwaelo,
    Daylight: Ulyanovsk Nako ya Motshehare
  },
  Europe/Uzhgorod: {
    Generic: Kiev Nako,
    Standard: Kiev Nako ya Tlwaelo,
    Daylight: Kiev Nako ya Motshehare
  },
  Europe/Vaduz: {
    Generic: Vaduz Nako,
    Standard: Vaduz Nako ya Tlwaelo,
    Daylight: Vaduz Nako ya Motshehare
  },
  Europe/Vatican: {
    Generic: Vatican Nako,
    Standard: Vatican Nako ya Tlwaelo,
    Daylight: Vatican Nako ya Motshehare
  },
  Europe/Vienna: {
    Generic: Vienna Nako,
    Standard: Vienna Nako ya Tlwaelo,
    Daylight: Vienna Nako ya Motshehare
  },
  Europe/Vilnius: {
    Generic: Vilnius Nako,
    Standard: Vilnius Nako ya Tlwaelo,
    Daylight: Vilnius Nako ya Motshehare
  },
  Europe/Volgograd: {
    Generic: Volgograd Nako,
    Standard: Volgograd Nako ya Tlwaelo,
    Daylight: Volgograd Nako ya Motshehare
  },
  Europe/Warsaw: {
    Generic: Warsaw Nako,
    Standard: Warsaw Nako ya Tlwaelo,
    Daylight: Warsaw Nako ya Motshehare
  },
  Europe/Zagreb: {
    Generic: Zagreb Nako,
    Standard: Zagreb Nako ya Tlwaelo,
    Daylight: Zagreb Nako ya Motshehare
  },
  Europe/Zaporozhye: {
    Generic: Kiev Nako,
    Standard: Kiev Nako ya Tlwaelo,
    Daylight: Kiev Nako ya Motshehare
  },
  Europe/Zurich: {
    Generic: Zurich Nako,
    Standard: Zurich Nako ya Tlwaelo,
    Daylight: Zurich Nako ya Motshehare
  },
  GB: {
    Generic: Greenwich Mean Time,
    Standard: Greenwich Mean Time,
    Daylight: Greenwich Mean Time
  },
  GB-Eire: {
    Generic: Greenwich Mean Time,
    Standard: Greenwich Mean Time,
    Daylight: Greenwich Mean Time
  },
  GMT: {
    Generic: Greenwich Mean Time,
    Standard: Greenwich Mean Time,
    Daylight: Greenwich Mean Time
  },
  GMT+0: {
    Generic: Greenwich Mean Time,
    Standard: Greenwich Mean Time,
    Daylight: Greenwich Mean Time
  },
  GMT-0: {
    Generic: Greenwich Mean Time,
    Standard: Greenwich Mean Time,
    Daylight: Greenwich Mean Time
  },
  GMT0: {
    Generic: Greenwich Mean Time,
    Standard: Greenwich Mean Time,
    Daylight: Greenwich Mean Time
  },
  Greenwich: {
    Generic: Greenwich Mean Time,
    Standard: Greenwich Mean Time,
    Daylight: Greenwich Mean Time
  },
  HST: {
    Generic: Honolulu Nako,
    Standard: Honolulu Nako ya Tlwaelo,
    Daylight: Honolulu Nako ya Motshehare
  },
  Hongkong: {
    Generic: Hong Kong Nako,
    Standard: Hong Kong Nako ya Tlwaelo,
    Daylight: Hong Kong Nako ya Motshehare
  },
  Iceland: {
    Generic: Greenwich Mean Time,
    Standard: Greenwich Mean Time,
    Daylight: Greenwich Mean Time
  },
  Indian/Antananarivo: {
    Generic: Antananarivo Nako,
    Standard: Antananarivo Nako ya Tlwaelo,
    Daylight: Antananarivo Nako ya Motshehare
  },
  Indian/Chagos: {
    Generic: Chagos Nako,
    Standard: Chagos Nako ya Tlwaelo,
    Daylight: Chagos Nako ya Motshehare
  },
  Indian/Christmas: {
    Generic: Christmas Nako,
    Standard: Christmas Nako ya Tlwaelo,
    Daylight: Christmas Nako ya Motshehare
  },
  Indian/Cocos: {
    Generic: Cocos Nako,
    Standard: Cocos Nako ya Tlwaelo,
    Daylight: Cocos Nako ya Motshehare
  },
  Indian/Comoro: {
    Generic: Comoro Nako,
    Standard: Comoro Nako ya Tlwaelo,
    Daylight: Comoro Nako ya Motshehare
  },
  Indian/Kerguelen: {
    Generic: Kerguelen Nako,
    Standard: Kerguelen Nako ya Tlwaelo,
    Daylight: Kerguelen Nako ya Motshehare
  },
  Indian/Mahe: {
    Generic: Mahe Nako,
    Standard: Mahe Nako ya Tlwaelo,
    Daylight: Mahe Nako ya Motshehare
  },
  Indian/Maldives: {
    Generic: Maldives Nako,
    Standard: Maldives Nako ya Tlwaelo,
    Daylight: Maldives Nako ya Motshehare
  },
  Indian/Mauritius: {
    Generic: Mauritius Nako,
    Standard: Mauritius Nako ya Tlwaelo,
    Daylight: Mauritius Nako ya Motshehare
  },
  Indian/Mayotte: {
    Generic: Mayotte Nako,
    Standard: Mayotte Nako ya Tlwaelo,
    Daylight: Mayotte Nako ya Motshehare
  },
  Indian/Reunion: {
    Generic: Reunion Nako,
    Standard: Reunion Nako ya Tlwaelo,
    Daylight: Reunion Nako ya Motshehare
  },
  Iran: {
    Generic: Tehran Nako,
    Standard: Tehran Nako ya Tlwaelo,
    Daylight: Tehran Nako ya Motshehare
  },
  Israel: {
    Generic: Jerusalem Nako,
    Standard: Jerusalem Nako ya Tlwaelo,
    Daylight: Jerusalem Nako ya Motshehare
  },
  Jamaica: {
    Generic: Jamaica Nako,
    Standard: Jamaica Nako ya Tlwaelo,
    Daylight: Jamaica Nako ya Motshehare
  },
  Japan: {
    Generic: Tokyo Nako,
    Standard: Tokyo Nako ya Tlwaelo,
    Daylight: Tokyo Nako ya Motshehare
  },
  Kwajalein: {
    Generic: Kwajalein Nako,
    Standard: Kwajalein Nako ya Tlwaelo,
    Daylight: Kwajalein Nako ya Motshehare
  },
  Libya: {
    Generic: Tripoli Nako,
    Standard: Tripoli Nako ya Tlwaelo,
    Daylight: Tripoli Nako ya Motshehare
  },
  MET: {
    Generic: Berlin Nako,
    Standard: Berlin Nako ya Tlwaelo,
    Daylight: Berlin Nako ya Motshehare
  },
  MST: {
    Generic: Phoenix Nako,
    Standard: Phoenix Nako ya Tlwaelo,
    Daylight: Phoenix Nako ya Motshehare
  },
  MST7MDT: {
    Generic: Denver Nako,
    Standard: Denver Nako ya Tlwaelo,
    Daylight: Denver Nako ya Motshehare
  },
  Mexico/BajaNorte: {
    Generic: Tijuana Nako,
    Standard: Tijuana Nako ya Tlwaelo,
    Daylight: Tijuana Nako ya Motshehare
  },
  Mexico/BajaSur: {
    Generic: Mazatlan Nako,
    Standard: Mazatlan Nako ya Tlwaelo,
    Daylight: Mazatlan Nako ya Motshehare
  },
  Mexico/General: {
    Generic: Mexico City Nako,
    Standard: Mexico City Nako ya Tlwaelo,
    Daylight: Mexico City Nako ya Motshehare
  },
  NZ: {
    Generic: Auckland Nako,
    Standard: Auckland Nako ya Tlwaelo,
    Daylight: Auckland Nako ya Motshehare
  },
  NZ-CHAT: {
    Generic: Chatham Nako,
    Standard: Chatham Nako ya Tlwaelo,
    Daylight: Chatham Nako ya Motshehare
  },
  Navajo: {
    Generic: Denver Nako,
    Standard: Denver Nako ya Tlwaelo,
    Daylight: Denver Nako ya Motshehare
  },
  PRC: {
    Generic: Shanghai Nako,
    Standard: Shanghai Nako ya Tlwaelo,
    Daylight: Shanghai Nako ya Motshehare
  },
  PST8PDT: {
    Generic: Los Angeles Nako,
    Standard: Los Angeles Nako ya Tlwaelo,
    Daylight: Los Angeles Nako ya Motshehare
  },
  Pacific/Apia: {
    Generic: Apia Nako,
    Standard: Apia Nako ya Tlwaelo,
    Daylight: Apia Nako ya Motshehare
  },
  Pacific/Auckland: {
    Generic: Auckland Nako,
    Standard: Auckland Nako ya Tlwaelo,
    Daylight: Auckland Nako ya Motshehare
  },
  Pacific/Bougainville: {
    Generic: Bougainville Nako,
    Standard: Bougainville Nako ya Tlwaelo,
    Daylight: Bougainville Nako ya Motshehare
  },
  Pacific/Chatham: {
    Generic: Chatham Nako,
    Standard: Chatham Nako ya Tlwaelo,
    Daylight: Chatham Nako ya Motshehare
  },
  Pacific/Chuuk: {
    Generic: Truk Nako,
    Standard: Truk Nako ya Tlwaelo,
    Daylight: Truk Nako ya Motshehare
  },
  Pacific/Easter: {
    Generic: Easter Nako,
    Standard: Easter Nako ya Tlwaelo,
    Daylight: Easter Nako ya Motshehare
  },
  Pacific/Efate: {
    Generic: Efate Nako,
    Standard: Efate Nako ya Tlwaelo,
    Daylight: Efate Nako ya Motshehare
  },
  Pacific/Enderbury: {
    Generic: Enderbury Nako,
    Standard: Enderbury Nako ya Tlwaelo,
    Daylight: Enderbury Nako ya Motshehare
  },
  Pacific/Fakaofo: {
    Generic: Fakaofo Nako,
    Standard: Fakaofo Nako ya Tlwaelo,
    Daylight: Fakaofo Nako ya Motshehare
  },
  Pacific/Fiji: {
    Generic: Fiji Nako,
    Standard: Fiji Nako ya Tlwaelo,
    Daylight: Fiji Nako ya Motshehare
  },
  Pacific/Funafuti: {
    Generic: Funafuti Nako,
    Standard: Funafuti Nako ya Tlwaelo,
    Daylight: Funafuti Nako ya Motshehare
  },
  Pacific/Galapagos: {
    Generic: Galapagos Nako,
    Standard: Galapagos Nako ya Tlwaelo,
    Daylight: Galapagos Nako ya Motshehare
  },
  Pacific/Gambier: {
    Generic: Gambier Nako,
    Standard: Gambier Nako ya Tlwaelo,
    Daylight: Gambier Nako ya Motshehare
  },
  Pacific/Guadalcanal: {
    Generic: Guadalcanal Nako,
    Standard: Guadalcanal Nako ya Tlwaelo,
    Daylight: Guadalcanal Nako ya Motshehare
  },
  Pacific/Guam: {
    Generic: Guam Nako,
    Standard: Guam Nako ya Tlwaelo,
    Daylight: Guam Nako ya Motshehare
  },
  Pacific/Honolulu: {
    Generic: Honolulu Nako,
    Standard: Honolulu Nako ya Tlwaelo,
    Daylight: Honolulu Nako ya Motshehare
  },
  Pacific/Johnston: {
    Generic: Honolulu Nako,
    Standard: Honolulu Nako ya Tlwaelo,
    Daylight: Honolulu Nako ya Motshehare
  },
  Pacific/Kanton: {
    Generic: Enderbury Nako,
    Standard: Enderbury Nako ya Tlwaelo,
    Daylight: Enderbury Nako ya Motshehare
  },
  Pacific/Kiritimati: {
    Generic: Kiritimati Nako,
    Standard: Kiritimati Nako ya Tlwaelo,
    Daylight: Kiritimati Nako ya Motshehare
  },
  Pacific/Kosrae: {
    Generic: Kosrae Nako,
    Standard: Kosrae Nako ya Tlwaelo,
    Daylight: Kosrae Nako ya Motshehare
  },
  Pacific/Kwajalein: {
    Generic: Kwajalein Nako,
    Standard: Kwajalein Nako ya Tlwaelo,
    Daylight: Kwajalein Nako ya Motshehare
  },
  Pacific/Majuro: {
    Generic: Majuro Nako,
    Standard: Majuro Nako ya Tlwaelo,
    Daylight: Majuro Nako ya Motshehare
  },
  Pacific/Marquesas: {
    Generic: Marquesas Nako,
    Standard: Marquesas Nako ya Tlwaelo,
    Daylight: Marquesas Nako ya Motshehare
  },
  Pacific/Midway: {
    Generic: Midway Nako,
    Standard: Midway Nako ya Tlwaelo,
    Daylight: Midway Nako ya Motshehare
  },
  Pacific/Nauru: {
    Generic: Nauru Nako,
    Standard: Nauru Nako ya Tlwaelo,
    Daylight: Nauru Nako ya Motshehare
  },
  Pacific/Niue: {
    Generic: Niue Nako,
    Standard: Niue Nako ya Tlwaelo,
    Daylight: Niue Nako ya Motshehare
  },
  Pacific/Norfolk: {
    Generic: Norfolk Nako,
    Standard: Norfolk Nako ya Tlwaelo,
    Daylight: Norfolk Nako ya Motshehare
  },
  Pacific/Noumea: {
    Generic: Noumea Nako,
    Standard: Noumea Nako ya Tlwaelo,
    Daylight: Noumea Nako ya Motshehare
  },
  Pacific/Pago_Pago: {
    Generic: Pago Pago Nako,
    Standard: Pago Pago Nako ya Tlwaelo,
    Daylight: Pago Pago Nako ya Motshehare
  },
  Pacific/Palau: {
    Generic: Palau Nako,
    Standard: Palau Nako ya Tlwaelo,
    Daylight: Palau Nako ya Motshehare
  },
  Pacific/Pitcairn: {
    Generic: Pitcairn Nako,
    Standard: Pitcairn Nako ya Tlwaelo,
    Daylight: Pitcairn Nako ya Motshehare
  },
  Pacific/Pohnpei: {
    Generic: Ponape Nako,
    Standard: Ponape Nako ya Tlwaelo,
    Daylight: Ponape Nako ya Motshehare
  },
  Pacific/Ponape: {
    Generic: Ponape Nako,
    Standard: Ponape Nako ya Tlwaelo,
    Daylight: Ponape Nako ya Motshehare
  },
  Pacific/Port_Moresby: {
    Generic: Port Moresby Nako,
    Standard: Port Moresby Nako ya Tlwaelo,
    Daylight: Port Moresby Nako ya Motshehare
  },
  Pacific/Rarotonga: {
    Generic: Rarotonga Nako,
    Standard: Rarotonga Nako ya Tlwaelo,
    Daylight: Rarotonga Nako ya Motshehare
  },
  Pacific/Saipan: {
    Generic: Saipan Nako,
    Standard: Saipan Nako ya Tlwaelo,
    Daylight: Saipan Nako ya Motshehare
  },
  Pacific/Samoa: {
    Generic: Pago Pago Nako,
    Standard: Pago Pago Nako ya Tlwaelo,
    Daylight: Pago Pago Nako ya Motshehare
  },
  Pacific/Tahiti: {
    Generic: Tahiti Nako,
    Standard: Tahiti Nako ya Tlwaelo,
    Daylight: Tahiti Nako ya Motshehare
  },
  Pacific/Tarawa: {
    Generic: Tarawa Nako,
    Standard: Tarawa Nako ya Tlwaelo,
    Daylight: Tarawa Nako ya Motshehare
  },
  Pacific/Tongatapu: {
    Generic: Tongatapu Nako,
    Standard: Tongatapu Nako ya Tlwaelo,
    Daylight: Tongatapu Nako ya Motshehare
  },
  Pacific/Truk: {
    Generic: Truk Nako,
    Standard: Truk Nako ya Tlwaelo,
    Daylight: Truk Nako ya Motshehare
  },
  Pacific/Wake: {
    Generic: Wake Nako,
    Standard: Wake Nako ya Tlwaelo,
    Daylight: Wake Nako ya Motshehare
  },
  Pacific/Wallis: {
    Generic: Wallis Nako,
    Standard: Wallis Nako ya Tlwaelo,
    Daylight: Wallis Nako ya Motshehare
  },
  Pacific/Yap: {
    Generic: Truk Nako,
    Standard: Truk Nako ya Tlwaelo,
    Daylight: Truk Nako ya Motshehare
  },
  Poland: {
    Generic: Warsaw Nako,
    Standard: Warsaw Nako ya Tlwaelo,
    Daylight: Warsaw Nako ya Motshehare
  },
  Portugal: {
    Generic: Lisbon Nako,
    Standard: Lisbon Nako ya Tlwaelo,
    Daylight: Lisbon Nako ya Motshehare
  },
  ROC: {
    Generic: Taipei Nako,
    Standard: Taipei Nako ya Tlwaelo,
    Daylight: Taipei Nako ya Motshehare
  },
  ROK: {
    Generic: Seoul Nako,
    Standard: Seoul Nako ya Tlwaelo,
    Daylight: Seoul Nako ya Motshehare
  },
  Singapore: {
    Generic: Singapore Nako,
    Standard: Singapore Nako ya Tlwaelo,
    Daylight: Singapore Nako ya Motshehare
  },
  Turkey: {
    Generic: Istanbul Nako,
    Standard: Istanbul Nako ya Tlwaelo,
    Daylight: Istanbul Nako ya Motshehare
  },
  UCT: {
    Generic: UTC Nako,
    Standard: UTC Nako ya Tlwaelo,
    Daylight: UTC Nako ya Motshehare
  },
  US/Alaska: {
    Generic: Anchorage Nako,
    Standard: Anchorage Nako ya Tlwaelo,
    Daylight: Anchorage Nako ya Motshehare
  },
  US/Aleutian: {
    Generic: Adak Nako,
    Standard: Adak Nako ya Tlwaelo,
    Daylight: Adak Nako ya Motshehare
  },
  US/Arizona: {
    Generic: Phoenix Nako,
    Standard: Phoenix Nako ya Tlwaelo,
    Daylight: Phoenix Nako ya Motshehare
  },
  US/Central: {
    Generic: Chicago Nako,
    Standard: Chicago Nako ya Tlwaelo,
    Daylight: Chicago Nako ya Motshehare
  },
  US/East-Indiana: {
    Generic: Indianapolis Nako,
    Standard: Indianapolis Nako ya Tlwaelo,
    Daylight: Indianapolis Nako ya Motshehare
  },
  US/Eastern: {
    Generic: New York Nako,
    Standard: New York Nako ya Tlwaelo,
    Daylight: New York Nako ya Motshehare
  },
  US/Hawaii: {
    Generic: Honolulu Nako,
    Standard: Honolulu Nako ya Tlwaelo,
    Daylight: Honolulu Nako ya Motshehare
  },
  US/Indiana-Starke: {
    Generic: Knox Nako,
    Standard: Knox Nako ya Tlwaelo,
    Daylight: Knox Nako ya Motshehare
  },
  US/Michigan: {
    Generic: Detroit Nako,
    Standard: Detroit Nako ya Tlwaelo,
    Daylight: Detroit Nako ya Motshehare
  },
  US/Mountain: {
    Generic: Denver Nako,
    Standard: Denver Nako ya Tlwaelo,
    Daylight: Denver Nako ya Motshehare
  },
  US/Pacific: {
    Generic: Los Angeles Nako,
    Standard: Los Angeles Nako ya Tlwaelo,
    Daylight: Los Angeles Nako ya Motshehare
  },
  US/Samoa: {
    Generic: Pago Pago Nako,
    Standard: Pago Pago Nako ya Tlwaelo,
    Daylight: Pago Pago Nako ya Motshehare
  },
  UTC: {
    Generic: UTC Nako,
    Standard: UTC Nako ya Tlwaelo,
    Daylight: UTC Nako ya Motshehare
  },
  Universal: {
    Generic: UTC Nako,
    Standard: UTC Nako ya Tlwaelo,
    Daylight: UTC Nako ya Motshehare
  },
  W-SU: {
    Generic: Moscow Nako,
    Standard: Moscow Nako ya Tlwaelo,
    Daylight: Moscow Nako ya Motshehare
  },
  WET: {
    Generic: Canary Nako,
    Standard: Canary Nako ya Tlwaelo,
    Daylight: Canary Nako ya Motshehare
  },
  Zulu: {
    Generic: UTC Nako,
    Standard: UTC Nako ya Tlwaelo,
    Daylight: UTC Nako ya Motshehare
  }
}