{
  Africa/Abidjan: {
    Generic: ꋧꃅꎕꏦꄮꈉ,
    Standard: ꋧꃅꎕꏦꄮꈉ,
    Daylight: ꋧꃅꎕꏦꄮꈉ
  },
  Africa/Accra: {
    Generic: ꋧꃅꎕꏦꄮꈉ,
    Standard: ꋧꃅꎕꏦꄮꈉ,
    Daylight: ꋧꃅꎕꏦꄮꈉ
  },
  Africa/Addis_Ababa: {
    Generic: Addis Ababaꄮꈉ,
    Standard: Addis Ababaꎕꏦꄮꈉ,
    Daylight: Addis Ababaꃅꎸꄮꈉ
  },
  Africa/Algiers: {
    Generic: Algiersꄮꈉ,
    Standard: Algiersꎕꏦꄮꈉ,
    Daylight: Algiersꃅꎸꄮꈉ
  },
  Africa/Asmara: {
    Generic: Asmeraꄮꈉ,
    Standard: Asmeraꎕꏦꄮꈉ,
    Daylight: Asmeraꃅꎸꄮꈉ
  },
  Africa/Asmera: {
    Generic: Asmeraꄮꈉ,
    Standard: Asmeraꎕꏦꄮꈉ,
    Daylight: Asmeraꃅꎸꄮꈉ
  },
  Africa/Bamako: {
    Generic: ꋧꃅꎕꏦꄮꈉ,
    Standard: ꋧꃅꎕꏦꄮꈉ,
    Daylight: ꋧꃅꎕꏦꄮꈉ
  },
  Africa/Bangui: {
    Generic: Banguiꄮꈉ,
    Standard: Banguiꎕꏦꄮꈉ,
    Daylight: Banguiꃅꎸꄮꈉ
  },
  Africa/Banjul: {
    Generic: ꋧꃅꎕꏦꄮꈉ,
    Standard: ꋧꃅꎕꏦꄮꈉ,
    Daylight: ꋧꃅꎕꏦꄮꈉ
  },
  Africa/Bissau: {
    Generic: ꋧꃅꎕꏦꄮꈉ,
    Standard: ꋧꃅꎕꏦꄮꈉ,
    Daylight: ꋧꃅꎕꏦꄮꈉ
  },
  Africa/Blantyre: {
    Generic: Blantyreꄮꈉ,
    Standard: Blantyreꎕꏦꄮꈉ,
    Daylight: Blantyreꃅꎸꄮꈉ
  },
  Africa/Brazzaville: {
    Generic: Brazzavilleꄮꈉ,
    Standard: Brazzavilleꎕꏦꄮꈉ,
    Daylight: Brazzavilleꃅꎸꄮꈉ
  },
  Africa/Bujumbura: {
    Generic: Bujumburaꄮꈉ,
    Standard: Bujumburaꎕꏦꄮꈉ,
    Daylight: Bujumburaꃅꎸꄮꈉ
  },
  Africa/Cairo: {
    Generic: Cairoꄮꈉ,
    Standard: Cairoꎕꏦꄮꈉ,
    Daylight: Cairoꃅꎸꄮꈉ
  },
  Africa/Casablanca: {
    Generic: Casablancaꄮꈉ,
    Standard: Casablancaꎕꏦꄮꈉ,
    Daylight: Casablancaꃅꎸꄮꈉ
  },
  Africa/Ceuta: {
    Generic: Ceutaꄮꈉ,
    Standard: Ceutaꎕꏦꄮꈉ,
    Daylight: Ceutaꃅꎸꄮꈉ
  },
  Africa/Conakry: {
    Generic: ꋧꃅꎕꏦꄮꈉ,
    Standard: ꋧꃅꎕꏦꄮꈉ,
    Daylight: ꋧꃅꎕꏦꄮꈉ
  },
  Africa/Dakar: {
    Generic: ꋧꃅꎕꏦꄮꈉ,
    Standard: ꋧꃅꎕꏦꄮꈉ,
    Daylight: ꋧꃅꎕꏦꄮꈉ
  },
  Africa/Dar_es_Salaam: {
    Generic: Dar es Salaamꄮꈉ,
    Standard: Dar es Salaamꎕꏦꄮꈉ,
    Daylight: Dar es Salaamꃅꎸꄮꈉ
  },
  Africa/Djibouti: {
    Generic: Djiboutiꄮꈉ,
    Standard: Djiboutiꎕꏦꄮꈉ,
    Daylight: Djiboutiꃅꎸꄮꈉ
  },
  Africa/Douala: {
    Generic: Doualaꄮꈉ,
    Standard: Doualaꎕꏦꄮꈉ,
    Daylight: Doualaꃅꎸꄮꈉ
  },
  Africa/El_Aaiun: {
    Generic: El Aaiunꄮꈉ,
    Standard: El Aaiunꎕꏦꄮꈉ,
    Daylight: El Aaiunꃅꎸꄮꈉ
  },
  Africa/Freetown: {
    Generic: ꋧꃅꎕꏦꄮꈉ,
    Standard: ꋧꃅꎕꏦꄮꈉ,
    Daylight: ꋧꃅꎕꏦꄮꈉ
  },
  Africa/Gaborone: {
    Generic: Gaboroneꄮꈉ,
    Standard: Gaboroneꎕꏦꄮꈉ,
    Daylight: Gaboroneꃅꎸꄮꈉ
  },
  Africa/Harare: {
    Generic: Harareꄮꈉ,
    Standard: Harareꎕꏦꄮꈉ,
    Daylight: Harareꃅꎸꄮꈉ
  },
  Africa/Johannesburg: {
    Generic: Johannesburgꄮꈉ,
    Standard: Johannesburgꎕꏦꄮꈉ,
    Daylight: Johannesburgꃅꎸꄮꈉ
  },
  Africa/Juba: {
    Generic: Jubaꄮꈉ,
    Standard: Jubaꎕꏦꄮꈉ,
    Daylight: Jubaꃅꎸꄮꈉ
  },
  Africa/Kampala: {
    Generic: Kampalaꄮꈉ,
    Standard: Kampalaꎕꏦꄮꈉ,
    Daylight: Kampalaꃅꎸꄮꈉ
  },
  Africa/Khartoum: {
    Generic: Khartoumꄮꈉ,
    Standard: Khartoumꎕꏦꄮꈉ,
    Daylight: Khartoumꃅꎸꄮꈉ
  },
  Africa/Kigali: {
    Generic: Kigaliꄮꈉ,
    Standard: Kigaliꎕꏦꄮꈉ,
    Daylight: Kigaliꃅꎸꄮꈉ
  },
  Africa/Kinshasa: {
    Generic: Kinshasaꄮꈉ,
    Standard: Kinshasaꎕꏦꄮꈉ,
    Daylight: Kinshasaꃅꎸꄮꈉ
  },
  Africa/Lagos: {
    Generic: Lagosꄮꈉ,
    Standard: Lagosꎕꏦꄮꈉ,
    Daylight: Lagosꃅꎸꄮꈉ
  },
  Africa/Libreville: {
    Generic: Librevilleꄮꈉ,
    Standard: Librevilleꎕꏦꄮꈉ,
    Daylight: Librevilleꃅꎸꄮꈉ
  },
  Africa/Lome: {
    Generic: ꋧꃅꎕꏦꄮꈉ,
    Standard: ꋧꃅꎕꏦꄮꈉ,
    Daylight: ꋧꃅꎕꏦꄮꈉ
  },
  Africa/Luanda: {
    Generic: Luandaꄮꈉ,
    Standard: Luandaꎕꏦꄮꈉ,
    Daylight: Luandaꃅꎸꄮꈉ
  },
  Africa/Lubumbashi: {
    Generic: Lubumbashiꄮꈉ,
    Standard: Lubumbashiꎕꏦꄮꈉ,
    Daylight: Lubumbashiꃅꎸꄮꈉ
  },
  Africa/Lusaka: {
    Generic: Lusakaꄮꈉ,
    Standard: Lusakaꎕꏦꄮꈉ,
    Daylight: Lusakaꃅꎸꄮꈉ
  },
  Africa/Malabo: {
    Generic: Malaboꄮꈉ,
    Standard: Malaboꎕꏦꄮꈉ,
    Daylight: Malaboꃅꎸꄮꈉ
  },
  Africa/Maputo: {
    Generic: Maputoꄮꈉ,
    Standard: Maputoꎕꏦꄮꈉ,
    Daylight: Maputoꃅꎸꄮꈉ
  },
  Africa/Maseru: {
    Generic: Maseruꄮꈉ,
    Standard: Maseruꎕꏦꄮꈉ,
    Daylight: Maseruꃅꎸꄮꈉ
  },
  Africa/Mbabane: {
    Generic: Mbabaneꄮꈉ,
    Standard: Mbabaneꎕꏦꄮꈉ,
    Daylight: Mbabaneꃅꎸꄮꈉ
  },
  Africa/Mogadishu: {
    Generic: Mogadishuꄮꈉ,
    Standard: Mogadishuꎕꏦꄮꈉ,
    Daylight: Mogadishuꃅꎸꄮꈉ
  },
  Africa/Monrovia: {
    Generic: ꋧꃅꎕꏦꄮꈉ,
    Standard: ꋧꃅꎕꏦꄮꈉ,
    Daylight: ꋧꃅꎕꏦꄮꈉ
  },
  Africa/Nairobi: {
    Generic: Nairobiꄮꈉ,
    Standard: Nairobiꎕꏦꄮꈉ,
    Daylight: Nairobiꃅꎸꄮꈉ
  },
  Africa/Ndjamena: {
    Generic: Ndjamenaꄮꈉ,
    Standard: Ndjamenaꎕꏦꄮꈉ,
    Daylight: Ndjamenaꃅꎸꄮꈉ
  },
  Africa/Niamey: {
    Generic: Niameyꄮꈉ,
    Standard: Niameyꎕꏦꄮꈉ,
    Daylight: Niameyꃅꎸꄮꈉ
  },
  Africa/Nouakchott: {
    Generic: ꋧꃅꎕꏦꄮꈉ,
    Standard: ꋧꃅꎕꏦꄮꈉ,
    Daylight: ꋧꃅꎕꏦꄮꈉ
  },
  Africa/Ouagadougou: {
    Generic: ꋧꃅꎕꏦꄮꈉ,
    Standard: ꋧꃅꎕꏦꄮꈉ,
    Daylight: ꋧꃅꎕꏦꄮꈉ
  },
  Africa/Porto-Novo: {
    Generic: Porto-Novoꄮꈉ,
    Standard: Porto-Novoꎕꏦꄮꈉ,
    Daylight: Porto-Novoꃅꎸꄮꈉ
  },
  Africa/Sao_Tome: {
    Generic: ꋧꃅꎕꏦꄮꈉ,
    Standard: ꋧꃅꎕꏦꄮꈉ,
    Daylight: ꋧꃅꎕꏦꄮꈉ
  },
  Africa/Timbuktu: {
    Generic: ꋧꃅꎕꏦꄮꈉ,
    Standard: ꋧꃅꎕꏦꄮꈉ,
    Daylight: ꋧꃅꎕꏦꄮꈉ
  },
  Africa/Tripoli: {
    Generic: Tripoliꄮꈉ,
    Standard: Tripoliꎕꏦꄮꈉ,
    Daylight: Tripoliꃅꎸꄮꈉ
  },
  Africa/Tunis: {
    Generic: Tunisꄮꈉ,
    Standard: Tunisꎕꏦꄮꈉ,
    Daylight: Tunisꃅꎸꄮꈉ
  },
  Africa/Windhoek: {
    Generic: Windhoekꄮꈉ,
    Standard: Windhoekꎕꏦꄮꈉ,
    Daylight: Windhoekꃅꎸꄮꈉ
  },
  America/Adak: {
    Generic: ꂰꇩꄮꈉ,
    Standard: ꂰꇩꎕꏦꄮꈉ,
    Daylight: ꂰꇩꃅꎸꄮꈉ
  },
  America/Anchorage: {
    Generic: ꂰꇩꄮꈉ,
    Standard: ꂰꇩꎕꏦꄮꈉ,
    Daylight: ꂰꇩꃅꎸꄮꈉ
  },
  America/Anguilla: {
    Generic: Anguillaꄮꈉ,
    Standard: Anguillaꎕꏦꄮꈉ,
    Daylight: Anguillaꃅꎸꄮꈉ
  },
  America/Antigua: {
    Generic: Antiguaꄮꈉ,
    Standard: Antiguaꎕꏦꄮꈉ,
    Daylight: Antiguaꃅꎸꄮꈉ
  },
  America/Araguaina: {
    Generic: ꀠꑭꄮꈉ,
    Standard: ꀠꑭꎕꏦꄮꈉ,
    Daylight: ꀠꑭꃅꎸꄮꈉ
  },
  America/Argentina/Buenos_Aires: {
    Generic: Buenos Airesꄮꈉ,
    Standard: Buenos Airesꎕꏦꄮꈉ,
    Daylight: Buenos Airesꃅꎸꄮꈉ
  },
  America/Argentina/Catamarca: {
    Generic: Catamarcaꄮꈉ,
    Standard: Catamarcaꎕꏦꄮꈉ,
    Daylight: Catamarcaꃅꎸꄮꈉ
  },
  America/Argentina/ComodRivadavia: {
    Generic: Catamarcaꄮꈉ,
    Standard: Catamarcaꎕꏦꄮꈉ,
    Daylight: Catamarcaꃅꎸꄮꈉ
  },
  America/Argentina/Cordoba: {
    Generic: Cordobaꄮꈉ,
    Standard: Cordobaꎕꏦꄮꈉ,
    Daylight: Cordobaꃅꎸꄮꈉ
  },
  America/Argentina/Jujuy: {
    Generic: Jujuyꄮꈉ,
    Standard: Jujuyꎕꏦꄮꈉ,
    Daylight: Jujuyꃅꎸꄮꈉ
  },
  America/Argentina/La_Rioja: {
    Generic: La Riojaꄮꈉ,
    Standard: La Riojaꎕꏦꄮꈉ,
    Daylight: La Riojaꃅꎸꄮꈉ
  },
  America/Argentina/Mendoza: {
    Generic: Mendozaꄮꈉ,
    Standard: Mendozaꎕꏦꄮꈉ,
    Daylight: Mendozaꃅꎸꄮꈉ
  },
  America/Argentina/Rio_Gallegos: {
    Generic: Rio Gallegosꄮꈉ,
    Standard: Rio Gallegosꎕꏦꄮꈉ,
    Daylight: Rio Gallegosꃅꎸꄮꈉ
  },
  America/Argentina/Salta: {
    Generic: Saltaꄮꈉ,
    Standard: Saltaꎕꏦꄮꈉ,
    Daylight: Saltaꃅꎸꄮꈉ
  },
  America/Argentina/San_Juan: {
    Generic: San Juanꄮꈉ,
    Standard: San Juanꎕꏦꄮꈉ,
    Daylight: San Juanꃅꎸꄮꈉ
  },
  America/Argentina/San_Luis: {
    Generic: San Luisꄮꈉ,
    Standard: San Luisꎕꏦꄮꈉ,
    Daylight: San Luisꃅꎸꄮꈉ
  },
  America/Argentina/Tucuman: {
    Generic: Tucumanꄮꈉ,
    Standard: Tucumanꎕꏦꄮꈉ,
    Daylight: Tucumanꃅꎸꄮꈉ
  },
  America/Argentina/Ushuaia: {
    Generic: Ushuaiaꄮꈉ,
    Standard: Ushuaiaꎕꏦꄮꈉ,
    Daylight: Ushuaiaꃅꎸꄮꈉ
  },
  America/Aruba: {
    Generic: Arubaꄮꈉ,
    Standard: Arubaꎕꏦꄮꈉ,
    Daylight: Arubaꃅꎸꄮꈉ
  },
  America/Asuncion: {
    Generic: Asuncionꄮꈉ,
    Standard: Asuncionꎕꏦꄮꈉ,
    Daylight: Asuncionꃅꎸꄮꈉ
  },
  America/Atikokan: {
    Generic: Coral Harbourꄮꈉ,
    Standard: Coral Harbourꎕꏦꄮꈉ,
    Daylight: Coral Harbourꃅꎸꄮꈉ
  },
  America/Atka: {
    Generic: ꂰꇩꄮꈉ,
    Standard: ꂰꇩꎕꏦꄮꈉ,
    Daylight: ꂰꇩꃅꎸꄮꈉ
  },
  America/Bahia: {
    Generic: ꀠꑭꄮꈉ,
    Standard: ꀠꑭꎕꏦꄮꈉ,
    Daylight: ꀠꑭꃅꎸꄮꈉ
  },
  America/Bahia_Banderas: {
    Generic: ꃀꑭꇬꄮꈉ,
    Standard: ꃀꑭꇬꎕꏦꄮꈉ,
    Daylight: ꃀꑭꇬꃅꎸꄮꈉ
  },
  America/Barbados: {
    Generic: Barbadosꄮꈉ,
    Standard: Barbadosꎕꏦꄮꈉ,
    Daylight: Barbadosꃅꎸꄮꈉ
  },
  America/Belem: {
    Generic: ꀠꑭꄮꈉ,
    Standard: ꀠꑭꎕꏦꄮꈉ,
    Daylight: ꀠꑭꃅꎸꄮꈉ
  },
  America/Belize: {
    Generic: Belizeꄮꈉ,
    Standard: Belizeꎕꏦꄮꈉ,
    Daylight: Belizeꃅꎸꄮꈉ
  },
  America/Blanc-Sablon: {
    Generic: Blanc-Sablonꄮꈉ,
    Standard: Blanc-Sablonꎕꏦꄮꈉ,
    Daylight: Blanc-Sablonꃅꎸꄮꈉ
  },
  America/Boa_Vista: {
    Generic: ꀠꑭꄮꈉ,
    Standard: ꀠꑭꎕꏦꄮꈉ,
    Daylight: ꀠꑭꃅꎸꄮꈉ
  },
  America/Bogota: {
    Generic: Bogotaꄮꈉ,
    Standard: Bogotaꎕꏦꄮꈉ,
    Daylight: Bogotaꃅꎸꄮꈉ
  },
  America/Boise: {
    Generic: ꂰꇩꄮꈉ,
    Standard: ꂰꇩꎕꏦꄮꈉ,
    Daylight: ꂰꇩꃅꎸꄮꈉ
  },
  America/Buenos_Aires: {
    Generic: Buenos Airesꄮꈉ,
    Standard: Buenos Airesꎕꏦꄮꈉ,
    Daylight: Buenos Airesꃅꎸꄮꈉ
  },
  America/Cambridge_Bay: {
    Generic: Cambridge Bayꄮꈉ,
    Standard: Cambridge Bayꎕꏦꄮꈉ,
    Daylight: Cambridge Bayꃅꎸꄮꈉ
  },
  America/Campo_Grande: {
    Generic: ꀠꑭꄮꈉ,
    Standard: ꀠꑭꎕꏦꄮꈉ,
    Daylight: ꀠꑭꃅꎸꄮꈉ
  },
  America/Cancun: {
    Generic: ꃀꑭꇬꄮꈉ,
    Standard: ꃀꑭꇬꎕꏦꄮꈉ,
    Daylight: ꃀꑭꇬꃅꎸꄮꈉ
  },
  America/Caracas: {
    Generic: Caracasꄮꈉ,
    Standard: Caracasꎕꏦꄮꈉ,
    Daylight: Caracasꃅꎸꄮꈉ
  },
  America/Catamarca: {
    Generic: Catamarcaꄮꈉ,
    Standard: Catamarcaꎕꏦꄮꈉ,
    Daylight: Catamarcaꃅꎸꄮꈉ
  },
  America/Cayenne: {
    Generic: Cayenneꄮꈉ,
    Standard: Cayenneꎕꏦꄮꈉ,
    Daylight: Cayenneꃅꎸꄮꈉ
  },
  America/Cayman: {
    Generic: Caymanꄮꈉ,
    Standard: Caymanꎕꏦꄮꈉ,
    Daylight: Caymanꃅꎸꄮꈉ
  },
  America/Chicago: {
    Generic: ꂰꇩꄮꈉ,
    Standard: ꂰꇩꎕꏦꄮꈉ,
    Daylight: ꂰꇩꃅꎸꄮꈉ
  },
  America/Chihuahua: {
    Generic: ꃀꑭꇬꄮꈉ,
    Standard: ꃀꑭꇬꎕꏦꄮꈉ,
    Daylight: ꃀꑭꇬꃅꎸꄮꈉ
  },
  America/Ciudad_Juarez: {
    Generic: ꃀꑭꇬꄮꈉ,
    Standard: ꃀꑭꇬꎕꏦꄮꈉ,
    Daylight: ꃀꑭꇬꃅꎸꄮꈉ
  },
  America/Coral_Harbour: {
    Generic: Coral Harbourꄮꈉ,
    Standard: Coral Harbourꎕꏦꄮꈉ,
    Daylight: Coral Harbourꃅꎸꄮꈉ
  },
  America/Cordoba: {
    Generic: Cordobaꄮꈉ,
    Standard: Cordobaꎕꏦꄮꈉ,
    Daylight: Cordobaꃅꎸꄮꈉ
  },
  America/Costa_Rica: {
    Generic: Costa Ricaꄮꈉ,
    Standard: Costa Ricaꎕꏦꄮꈉ,
    Daylight: Costa Ricaꃅꎸꄮꈉ
  },
  America/Coyhaique: {
    Generic: Coyhaiqueꄮꈉ,
    Standard: Coyhaiqueꎕꏦꄮꈉ,
    Daylight: Coyhaiqueꃅꎸꄮꈉ
  },
  America/Creston: {
    Generic: Crestonꄮꈉ,
    Standard: Crestonꎕꏦꄮꈉ,
    Daylight: Crestonꃅꎸꄮꈉ
  },
  America/Cuiaba: {
    Generic: ꀠꑭꄮꈉ,
    Standard: ꀠꑭꎕꏦꄮꈉ,
    Daylight: ꀠꑭꃅꎸꄮꈉ
  },
  America/Curacao: {
    Generic: Curacaoꄮꈉ,
    Standard: Curacaoꎕꏦꄮꈉ,
    Daylight: Curacaoꃅꎸꄮꈉ
  },
  America/Danmarkshavn: {
    Generic: ꋧꃅꎕꏦꄮꈉ,
    Standard: ꋧꃅꎕꏦꄮꈉ,
    Daylight: ꋧꃅꎕꏦꄮꈉ
  },
  America/Dawson: {
    Generic: Dawsonꄮꈉ,
    Standard: Dawsonꎕꏦꄮꈉ,
    Daylight: Dawsonꃅꎸꄮꈉ
  },
  America/Dawson_Creek: {
    Generic: Dawson Creekꄮꈉ,
    Standard: Dawson Creekꎕꏦꄮꈉ,
    Daylight: Dawson Creekꃅꎸꄮꈉ
  },
  America/Denver: {
    Generic: ꂰꇩꄮꈉ,
    Standard: ꂰꇩꎕꏦꄮꈉ,
    Daylight: ꂰꇩꃅꎸꄮꈉ
  },
  America/Detroit: {
    Generic: ꂰꇩꄮꈉ,
    Standard: ꂰꇩꎕꏦꄮꈉ,
    Daylight: ꂰꇩꃅꎸꄮꈉ
  },
  America/Dominica: {
    Generic: Dominicaꄮꈉ,
    Standard: Dominicaꎕꏦꄮꈉ,
    Daylight: Dominicaꃅꎸꄮꈉ
  },
  America/Edmonton: {
    Generic: Edmontonꄮꈉ,
    Standard: Edmontonꎕꏦꄮꈉ,
    Daylight: Edmontonꃅꎸꄮꈉ
  },
  America/Eirunepe: {
    Generic: ꀠꑭꄮꈉ,
    Standard: ꀠꑭꎕꏦꄮꈉ,
    Daylight: ꀠꑭꃅꎸꄮꈉ
  },
  America/El_Salvador: {
    Generic: El Salvadorꄮꈉ,
    Standard: El Salvadorꎕꏦꄮꈉ,
    Daylight: El Salvadorꃅꎸꄮꈉ
  },
  America/Ensenada: {
    Generic: ꃀꑭꇬꄮꈉ,
    Standard: ꃀꑭꇬꎕꏦꄮꈉ,
    Daylight: ꃀꑭꇬꃅꎸꄮꈉ
  },
  America/Fort_Nelson: {
    Generic: Fort Nelsonꄮꈉ,
    Standard: Fort Nelsonꎕꏦꄮꈉ,
    Daylight: Fort Nelsonꃅꎸꄮꈉ
  },
  America/Fort_Wayne: {
    Generic: ꂰꇩꄮꈉ,
    Standard: ꂰꇩꎕꏦꄮꈉ,
    Daylight: ꂰꇩꃅꎸꄮꈉ
  },
  America/Fortaleza: {
    Generic: ꀠꑭꄮꈉ,
    Standard: ꀠꑭꎕꏦꄮꈉ,
    Daylight: ꀠꑭꃅꎸꄮꈉ
  },
  America/Glace_Bay: {
    Generic: Glace Bayꄮꈉ,
    Standard: Glace Bayꎕꏦꄮꈉ,
    Daylight: Glace Bayꃅꎸꄮꈉ
  },
  America/Godthab: {
    Generic: Godthabꄮꈉ,
    Standard: Godthabꎕꏦꄮꈉ,
    Daylight: Godthabꃅꎸꄮꈉ
  },
  America/Goose_Bay: {
    Generic: Goose Bayꄮꈉ,
    Standard: Goose Bayꎕꏦꄮꈉ,
    Daylight: Goose Bayꃅꎸꄮꈉ
  },
  America/Grand_Turk: {
    Generic: Grand Turkꄮꈉ,
    Standard: Grand Turkꎕꏦꄮꈉ,
    Daylight: Grand Turkꃅꎸꄮꈉ
  },
  America/Grenada: {
    Generic: Grenadaꄮꈉ,
    Standard: Grenadaꎕꏦꄮꈉ,
    Daylight: Grenadaꃅꎸꄮꈉ
  },
  America/Guadeloupe: {
    Generic: Guadeloupeꄮꈉ,
    Standard: Guadeloupeꎕꏦꄮꈉ,
    Daylight: Guadeloupeꃅꎸꄮꈉ
  },
  America/Guatemala: {
    Generic: Guatemalaꄮꈉ,
    Standard: Guatemalaꎕꏦꄮꈉ,
    Daylight: Guatemalaꃅꎸꄮꈉ
  },
  America/Guayaquil: {
    Generic: Guayaquilꄮꈉ,
    Standard: Guayaquilꎕꏦꄮꈉ,
    Daylight: Guayaquilꃅꎸꄮꈉ
  },
  America/Guyana: {
    Generic: Guyanaꄮꈉ,
    Standard: Guyanaꎕꏦꄮꈉ,
    Daylight: Guyanaꃅꎸꄮꈉ
  },
  America/Halifax: {
    Generic: Halifaxꄮꈉ,
    Standard: Halifaxꎕꏦꄮꈉ,
    Daylight: Halifaxꃅꎸꄮꈉ
  },
  America/Havana: {
    Generic: Havanaꄮꈉ,
    Standard: Havanaꎕꏦꄮꈉ,
    Daylight: Havanaꃅꎸꄮꈉ
  },
  America/Hermosillo: {
    Generic: ꃀꑭꇬꄮꈉ,
    Standard: ꃀꑭꇬꎕꏦꄮꈉ,
    Daylight: ꃀꑭꇬꃅꎸꄮꈉ
  },
  America/Indiana/Indianapolis: {
    Generic: ꂰꇩꄮꈉ,
    Standard: ꂰꇩꎕꏦꄮꈉ,
    Daylight: ꂰꇩꃅꎸꄮꈉ
  },
  America/Indiana/Knox: {
    Generic: ꂰꇩꄮꈉ,
    Standard: ꂰꇩꎕꏦꄮꈉ,
    Daylight: ꂰꇩꃅꎸꄮꈉ
  },
  America/Indiana/Marengo: {
    Generic: ꂰꇩꄮꈉ,
    Standard: ꂰꇩꎕꏦꄮꈉ,
    Daylight: ꂰꇩꃅꎸꄮꈉ
  },
  America/Indiana/Petersburg: {
    Generic: ꂰꇩꄮꈉ,
    Standard: ꂰꇩꎕꏦꄮꈉ,
    Daylight: ꂰꇩꃅꎸꄮꈉ
  },
  America/Indiana/Tell_City: {
    Generic: ꂰꇩꄮꈉ,
    Standard: ꂰꇩꎕꏦꄮꈉ,
    Daylight: ꂰꇩꃅꎸꄮꈉ
  },
  America/Indiana/Vevay: {
    Generic: ꂰꇩꄮꈉ,
    Standard: ꂰꇩꎕꏦꄮꈉ,
    Daylight: ꂰꇩꃅꎸꄮꈉ
  },
  America/Indiana/Vincennes: {
    Generic: ꂰꇩꄮꈉ,
    Standard: ꂰꇩꎕꏦꄮꈉ,
    Daylight: ꂰꇩꃅꎸꄮꈉ
  },
  America/Indiana/Winamac: {
    Generic: ꂰꇩꄮꈉ,
    Standard: ꂰꇩꎕꏦꄮꈉ,
    Daylight: ꂰꇩꃅꎸꄮꈉ
  },
  America/Indianapolis: {
    Generic: ꂰꇩꄮꈉ,
    Standard: ꂰꇩꎕꏦꄮꈉ,
    Daylight: ꂰꇩꃅꎸꄮꈉ
  },
  America/Inuvik: {
    Generic: Inuvikꄮꈉ,
    Standard: Inuvikꎕꏦꄮꈉ,
    Daylight: Inuvikꃅꎸꄮꈉ
  },
  America/Iqaluit: {
    Generic: Iqaluitꄮꈉ,
    Standard: Iqaluitꎕꏦꄮꈉ,
    Daylight: Iqaluitꃅꎸꄮꈉ
  },
  America/Jamaica: {
    Generic: Jamaicaꄮꈉ,
    Standard: Jamaicaꎕꏦꄮꈉ,
    Daylight: Jamaicaꃅꎸꄮꈉ
  },
  America/Jujuy: {
    Generic: Jujuyꄮꈉ,
    Standard: Jujuyꎕꏦꄮꈉ,
    Daylight: Jujuyꃅꎸꄮꈉ
  },
  America/Juneau: {
    Generic: ꂰꇩꄮꈉ,
    Standard: ꂰꇩꎕꏦꄮꈉ,
    Daylight: ꂰꇩꃅꎸꄮꈉ
  },
  America/Kentucky/Louisville: {
    Generic: ꂰꇩꄮꈉ,
    Standard: ꂰꇩꎕꏦꄮꈉ,
    Daylight: ꂰꇩꃅꎸꄮꈉ
  },
  America/Kentucky/Monticello: {
    Generic: ꂰꇩꄮꈉ,
    Standard: ꂰꇩꎕꏦꄮꈉ,
    Daylight: ꂰꇩꃅꎸꄮꈉ
  },
  America/Knox_IN: {
    Generic: ꂰꇩꄮꈉ,
    Standard: ꂰꇩꎕꏦꄮꈉ,
    Daylight: ꂰꇩꃅꎸꄮꈉ
  },
  America/Kralendijk: {
    Generic: Kralendijkꄮꈉ,
    Standard: Kralendijkꎕꏦꄮꈉ,
    Daylight: Kralendijkꃅꎸꄮꈉ
  },
  America/La_Paz: {
    Generic: La Pazꄮꈉ,
    Standard: La Pazꎕꏦꄮꈉ,
    Daylight: La Pazꃅꎸꄮꈉ
  },
  America/Lima: {
    Generic: Limaꄮꈉ,
    Standard: Limaꎕꏦꄮꈉ,
    Daylight: Limaꃅꎸꄮꈉ
  },
  America/Los_Angeles: {
    Generic: ꂰꇩꄮꈉ,
    Standard: ꂰꇩꎕꏦꄮꈉ,
    Daylight: ꂰꇩꃅꎸꄮꈉ
  },
  America/Louisville: {
    Generic: ꂰꇩꄮꈉ,
    Standard: ꂰꇩꎕꏦꄮꈉ,
    Daylight: ꂰꇩꃅꎸꄮꈉ
  },
  America/Lower_Princes: {
    Generic: Lower Princesꄮꈉ,
    Standard: Lower Princesꎕꏦꄮꈉ,
    Daylight: Lower Princesꃅꎸꄮꈉ
  },
  America/Maceio: {
    Generic: ꀠꑭꄮꈉ,
    Standard: ꀠꑭꎕꏦꄮꈉ,
    Daylight: ꀠꑭꃅꎸꄮꈉ
  },
  America/Managua: {
    Generic: Managuaꄮꈉ,
    Standard: Managuaꎕꏦꄮꈉ,
    Daylight: Managuaꃅꎸꄮꈉ
  },
  America/Manaus: {
    Generic: ꀠꑭꄮꈉ,
    Standard: ꀠꑭꎕꏦꄮꈉ,
    Daylight: ꀠꑭꃅꎸꄮꈉ
  },
  America/Marigot: {
    Generic: Marigotꄮꈉ,
    Standard: Marigotꎕꏦꄮꈉ,
    Daylight: Marigotꃅꎸꄮꈉ
  },
  America/Martinique: {
    Generic: Martiniqueꄮꈉ,
    Standard: Martiniqueꎕꏦꄮꈉ,
    Daylight: Martiniqueꃅꎸꄮꈉ
  },
  America/Matamoros: {
    Generic: ꃀꑭꇬꄮꈉ,
    Standard: ꃀꑭꇬꎕꏦꄮꈉ,
    Daylight: ꃀꑭꇬꃅꎸꄮꈉ
  },
  America/Mazatlan: {
    Generic: ꃀꑭꇬꄮꈉ,
    Standard: ꃀꑭꇬꎕꏦꄮꈉ,
    Daylight: ꃀꑭꇬꃅꎸꄮꈉ
  },
  America/Mendoza: {
    Generic: Mendozaꄮꈉ,
    Standard: Mendozaꎕꏦꄮꈉ,
    Daylight: Mendozaꃅꎸꄮꈉ
  },
  America/Menominee: {
    Generic: ꂰꇩꄮꈉ,
    Standard: ꂰꇩꎕꏦꄮꈉ,
    Daylight: ꂰꇩꃅꎸꄮꈉ
  },
  America/Merida: {
    Generic: ꃀꑭꇬꄮꈉ,
    Standard: ꃀꑭꇬꎕꏦꄮꈉ,
    Daylight: ꃀꑭꇬꃅꎸꄮꈉ
  },
  America/Metlakatla: {
    Generic: ꂰꇩꄮꈉ,
    Standard: ꂰꇩꎕꏦꄮꈉ,
    Daylight: ꂰꇩꃅꎸꄮꈉ
  },
  America/Mexico_City: {
    Generic: ꃀꑭꇬꄮꈉ,
    Standard: ꃀꑭꇬꎕꏦꄮꈉ,
    Daylight: ꃀꑭꇬꃅꎸꄮꈉ
  },
  America/Miquelon: {
    Generic: Miquelonꄮꈉ,
    Standard: Miquelonꎕꏦꄮꈉ,
    Daylight: Miquelonꃅꎸꄮꈉ
  },
  America/Moncton: {
    Generic: Monctonꄮꈉ,
    Standard: Monctonꎕꏦꄮꈉ,
    Daylight: Monctonꃅꎸꄮꈉ
  },
  America/Monterrey: {
    Generic: ꃀꑭꇬꄮꈉ,
    Standard: ꃀꑭꇬꎕꏦꄮꈉ,
    Daylight: ꃀꑭꇬꃅꎸꄮꈉ
  },
  America/Montevideo: {
    Generic: Montevideoꄮꈉ,
    Standard: Montevideoꎕꏦꄮꈉ,
    Daylight: Montevideoꃅꎸꄮꈉ
  },
  America/Montreal: {
    Generic: Torontoꄮꈉ,
    Standard: Torontoꎕꏦꄮꈉ,
    Daylight: Torontoꃅꎸꄮꈉ
  },
  America/Montserrat: {
    Generic: Montserratꄮꈉ,
    Standard: Montserratꎕꏦꄮꈉ,
    Daylight: Montserratꃅꎸꄮꈉ
  },
  America/Nassau: {
    Generic: Nassauꄮꈉ,
    Standard: Nassauꎕꏦꄮꈉ,
    Daylight: Nassauꃅꎸꄮꈉ
  },
  America/New_York: {
    Generic: ꂰꇩꄮꈉ,
    Standard: ꂰꇩꎕꏦꄮꈉ,
    Daylight: ꂰꇩꃅꎸꄮꈉ
  },
  America/Nipigon: {
    Generic: Torontoꄮꈉ,
    Standard: Torontoꎕꏦꄮꈉ,
    Daylight: Torontoꃅꎸꄮꈉ
  },
  America/Nome: {
    Generic: ꂰꇩꄮꈉ,
    Standard: ꂰꇩꎕꏦꄮꈉ,
    Daylight: ꂰꇩꃅꎸꄮꈉ
  },
  America/Noronha: {
    Generic: ꀠꑭꄮꈉ,
    Standard: ꀠꑭꎕꏦꄮꈉ,
    Daylight: ꀠꑭꃅꎸꄮꈉ
  },
  America/North_Dakota/Beulah: {
    Generic: ꂰꇩꄮꈉ,
    Standard: ꂰꇩꎕꏦꄮꈉ,
    Daylight: ꂰꇩꃅꎸꄮꈉ
  },
  America/North_Dakota/Center: {
    Generic: ꂰꇩꄮꈉ,
    Standard: ꂰꇩꎕꏦꄮꈉ,
    Daylight: ꂰꇩꃅꎸꄮꈉ
  },
  America/North_Dakota/New_Salem: {
    Generic: ꂰꇩꄮꈉ,
    Standard: ꂰꇩꎕꏦꄮꈉ,
    Daylight: ꂰꇩꃅꎸꄮꈉ
  },
  America/Nuuk: {
    Generic: Godthabꄮꈉ,
    Standard: Godthabꎕꏦꄮꈉ,
    Daylight: Godthabꃅꎸꄮꈉ
  },
  America/Ojinaga: {
    Generic: ꃀꑭꇬꄮꈉ,
    Standard: ꃀꑭꇬꎕꏦꄮꈉ,
    Daylight: ꃀꑭꇬꃅꎸꄮꈉ
  },
  America/Panama: {
    Generic: Panamaꄮꈉ,
    Standard: Panamaꎕꏦꄮꈉ,
    Daylight: Panamaꃅꎸꄮꈉ
  },
  America/Pangnirtung: {
    Generic: Iqaluitꄮꈉ,
    Standard: Iqaluitꎕꏦꄮꈉ,
    Daylight: Iqaluitꃅꎸꄮꈉ
  },
  America/Paramaribo: {
    Generic: Paramariboꄮꈉ,
    Standard: Paramariboꎕꏦꄮꈉ,
    Daylight: Paramariboꃅꎸꄮꈉ
  },
  America/Phoenix: {
    Generic: ꂰꇩꄮꈉ,
    Standard: ꂰꇩꎕꏦꄮꈉ,
    Daylight: ꂰꇩꃅꎸꄮꈉ
  },
  America/Port-au-Prince: {
    Generic: Port-au-Princeꄮꈉ,
    Standard: Port-au-Princeꎕꏦꄮꈉ,
    Daylight: Port-au-Princeꃅꎸꄮꈉ
  },
  America/Port_of_Spain: {
    Generic: Port of Spainꄮꈉ,
    Standard: Port of Spainꎕꏦꄮꈉ,
    Daylight: Port of Spainꃅꎸꄮꈉ
  },
  America/Porto_Acre: {
    Generic: ꀠꑭꄮꈉ,
    Standard: ꀠꑭꎕꏦꄮꈉ,
    Daylight: ꀠꑭꃅꎸꄮꈉ
  },
  America/Porto_Velho: {
    Generic: ꀠꑭꄮꈉ,
    Standard: ꀠꑭꎕꏦꄮꈉ,
    Daylight: ꀠꑭꃅꎸꄮꈉ
  },
  America/Puerto_Rico: {
    Generic: Puerto Ricoꄮꈉ,
    Standard: Puerto Ricoꎕꏦꄮꈉ,
    Daylight: Puerto Ricoꃅꎸꄮꈉ
  },
  America/Punta_Arenas: {
    Generic: Punta Arenasꄮꈉ,
    Standard: Punta Arenasꎕꏦꄮꈉ,
    Daylight: Punta Arenasꃅꎸꄮꈉ
  },
  America/Rainy_River: {
    Generic: Winnipegꄮꈉ,
    Standard: Winnipegꎕꏦꄮꈉ,
    Daylight: Winnipegꃅꎸꄮꈉ
  },
  America/Rankin_Inlet: {
    Generic: Rankin Inletꄮꈉ,
    Standard: Rankin Inletꎕꏦꄮꈉ,
    Daylight: Rankin Inletꃅꎸꄮꈉ
  },
  America/Recife: {
    Generic: ꀠꑭꄮꈉ,
    Standard: ꀠꑭꎕꏦꄮꈉ,
    Daylight: ꀠꑭꃅꎸꄮꈉ
  },
  America/Regina: {
    Generic: Reginaꄮꈉ,
    Standard: Reginaꎕꏦꄮꈉ,
    Daylight: Reginaꃅꎸꄮꈉ
  },
  America/Resolute: {
    Generic: Resoluteꄮꈉ,
    Standard: Resoluteꎕꏦꄮꈉ,
    Daylight: Resoluteꃅꎸꄮꈉ
  },
  America/Rio_Branco: {
    Generic: ꀠꑭꄮꈉ,
    Standard: ꀠꑭꎕꏦꄮꈉ,
    Daylight: ꀠꑭꃅꎸꄮꈉ
  },
  America/Rosario: {
    Generic: Cordobaꄮꈉ,
    Standard: Cordobaꎕꏦꄮꈉ,
    Daylight: Cordobaꃅꎸꄮꈉ
  },
  America/Santa_Isabel: {
    Generic: ꃀꑭꇬꄮꈉ,
    Standard: ꃀꑭꇬꎕꏦꄮꈉ,
    Daylight: ꃀꑭꇬꃅꎸꄮꈉ
  },
  America/Santarem: {
    Generic: ꀠꑭꄮꈉ,
    Standard: ꀠꑭꎕꏦꄮꈉ,
    Daylight: ꀠꑭꃅꎸꄮꈉ
  },
  America/Santiago: {
    Generic: Santiagoꄮꈉ,
    Standard: Santiagoꎕꏦꄮꈉ,
    Daylight: Santiagoꃅꎸꄮꈉ
  },
  America/Santo_Domingo: {
    Generic: Santo Domingoꄮꈉ,
    Standard: Santo Domingoꎕꏦꄮꈉ,
    Daylight: Santo Domingoꃅꎸꄮꈉ
  },
  America/Sao_Paulo: {
    Generic: ꀠꑭꄮꈉ,
    Standard: ꀠꑭꎕꏦꄮꈉ,
    Daylight: ꀠꑭꃅꎸꄮꈉ
  },
  America/Scoresbysund: {
    Generic: Scoresbysundꄮꈉ,
    Standard: Scoresbysundꎕꏦꄮꈉ,
    Daylight: Scoresbysundꃅꎸꄮꈉ
  },
  America/Shiprock: {
    Generic: ꂰꇩꄮꈉ,
    Standard: ꂰꇩꎕꏦꄮꈉ,
    Daylight: ꂰꇩꃅꎸꄮꈉ
  },
  America/Sitka: {
    Generic: ꂰꇩꄮꈉ,
    Standard: ꂰꇩꎕꏦꄮꈉ,
    Daylight: ꂰꇩꃅꎸꄮꈉ
  },
  America/St_Barthelemy: {
    Generic: St Barthelemyꄮꈉ,
    Standard: St Barthelemyꎕꏦꄮꈉ,
    Daylight: St Barthelemyꃅꎸꄮꈉ
  },
  America/St_Johns: {
    Generic: St Johnsꄮꈉ,
    Standard: St Johnsꎕꏦꄮꈉ,
    Daylight: St Johnsꃅꎸꄮꈉ
  },
  America/St_Kitts: {
    Generic: St Kittsꄮꈉ,
    Standard: St Kittsꎕꏦꄮꈉ,
    Daylight: St Kittsꃅꎸꄮꈉ
  },
  America/St_Lucia: {
    Generic: St Luciaꄮꈉ,
    Standard: St Luciaꎕꏦꄮꈉ,
    Daylight: St Luciaꃅꎸꄮꈉ
  },
  America/St_Thomas: {
    Generic: St Thomasꄮꈉ,
    Standard: St Thomasꎕꏦꄮꈉ,
    Daylight: St Thomasꃅꎸꄮꈉ
  },
  America/St_Vincent: {
    Generic: St Vincentꄮꈉ,
    Standard: St Vincentꎕꏦꄮꈉ,
    Daylight: St Vincentꃅꎸꄮꈉ
  },
  America/Swift_Current: {
    Generic: Swift Currentꄮꈉ,
    Standard: Swift Currentꎕꏦꄮꈉ,
    Daylight: Swift Currentꃅꎸꄮꈉ
  },
  America/Tegucigalpa: {
    Generic: Tegucigalpaꄮꈉ,
    Standard: Tegucigalpaꎕꏦꄮꈉ,
    Daylight: Tegucigalpaꃅꎸꄮꈉ
  },
  America/Thule: {
    Generic: Thuleꄮꈉ,
    Standard: Thuleꎕꏦꄮꈉ,
    Daylight: Thuleꃅꎸꄮꈉ
  },
  America/Thunder_Bay: {
    Generic: Torontoꄮꈉ,
    Standard: Torontoꎕꏦꄮꈉ,
    Daylight: Torontoꃅꎸꄮꈉ
  },
  America/Tijuana: {
    Generic: ꃀꑭꇬꄮꈉ,
    Standard: ꃀꑭꇬꎕꏦꄮꈉ,
    Daylight: ꃀꑭꇬꃅꎸꄮꈉ
  },
  America/Toronto: {
    Generic: Torontoꄮꈉ,
    Standard: Torontoꎕꏦꄮꈉ,
    Daylight: Torontoꃅꎸꄮꈉ
  },
  America/Tortola: {
    Generic: Tortolaꄮꈉ,
    Standard: Tortolaꎕꏦꄮꈉ,
    Daylight: Tortolaꃅꎸꄮꈉ
  },
  America/Vancouver: {
    Generic: Vancouverꄮꈉ,
    Standard: Vancouverꎕꏦꄮꈉ,
    Daylight: Vancouverꃅꎸꄮꈉ
  },
  America/Virgin: {
    Generic: St Thomasꄮꈉ,
    Standard: St Thomasꎕꏦꄮꈉ,
    Daylight: St Thomasꃅꎸꄮꈉ
  },
  America/Whitehorse: {
    Generic: Whitehorseꄮꈉ,
    Standard: Whitehorseꎕꏦꄮꈉ,
    Daylight: Whitehorseꃅꎸꄮꈉ
  },
  America/Winnipeg: {
    Generic: Winnipegꄮꈉ,
    Standard: Winnipegꎕꏦꄮꈉ,
    Daylight: Winnipegꃅꎸꄮꈉ
  },
  America/Yakutat: {
    Generic: ꂰꇩꄮꈉ,
    Standard: ꂰꇩꎕꏦꄮꈉ,
    Daylight: ꂰꇩꃅꎸꄮꈉ
  },
  America/Yellowknife: {
    Generic: Edmontonꄮꈉ,
    Standard: Edmontonꎕꏦꄮꈉ,
    Daylight: Edmontonꃅꎸꄮꈉ
  },
  Antarctica/Casey: {
    Generic: Caseyꄮꈉ,
    Standard: Caseyꎕꏦꄮꈉ,
    Daylight: Caseyꃅꎸꄮꈉ
  },
  Antarctica/Davis: {
    Generic: Davisꄮꈉ,
    Standard: Davisꎕꏦꄮꈉ,
    Daylight: Davisꃅꎸꄮꈉ
  },
  Antarctica/DumontDUrville: {
    Generic: DumontDUrvilleꄮꈉ,
    Standard: DumontDUrvilleꎕꏦꄮꈉ,
    Daylight: DumontDUrvilleꃅꎸꄮꈉ
  },
  Antarctica/Macquarie: {
    Generic: Macquarieꄮꈉ,
    Standard: Macquarieꎕꏦꄮꈉ,
    Daylight: Macquarieꃅꎸꄮꈉ
  },
  Antarctica/Mawson: {
    Generic: Mawsonꄮꈉ,
    Standard: Mawsonꎕꏦꄮꈉ,
    Daylight: Mawsonꃅꎸꄮꈉ
  },
  Antarctica/McMurdo: {
    Generic: McMurdoꄮꈉ,
    Standard: McMurdoꎕꏦꄮꈉ,
    Daylight: McMurdoꃅꎸꄮꈉ
  },
  Antarctica/Palmer: {
    Generic: Palmerꄮꈉ,
    Standard: Palmerꎕꏦꄮꈉ,
    Daylight: Palmerꃅꎸꄮꈉ
  },
  Antarctica/Rothera: {
    Generic: Rotheraꄮꈉ,
    Standard: Rotheraꎕꏦꄮꈉ,
    Daylight: Rotheraꃅꎸꄮꈉ
  },
  Antarctica/South_Pole: {
    Generic: McMurdoꄮꈉ,
    Standard: McMurdoꎕꏦꄮꈉ,
    Daylight: McMurdoꃅꎸꄮꈉ
  },
  Antarctica/Syowa: {
    Generic: Syowaꄮꈉ,
    Standard: Syowaꎕꏦꄮꈉ,
    Daylight: Syowaꃅꎸꄮꈉ
  },
  Antarctica/Troll: {
    Generic: ꋧꃅꎕꏦꄮꈉ,
    Standard: ꋧꃅꎕꏦꄮꈉ,
    Daylight: ꋧꃅꎕꏦꄮꈉ
  },
  Antarctica/Vostok: {
    Generic: Vostokꄮꈉ,
    Standard: Vostokꎕꏦꄮꈉ,
    Daylight: Vostokꃅꎸꄮꈉ
  },
  Arctic/Longyearbyen: {
    Generic: Longyearbyenꄮꈉ,
    Standard: Longyearbyenꎕꏦꄮꈉ,
    Daylight: Longyearbyenꃅꎸꄮꈉ
  },
  Asia/Aden: {
    Generic: Adenꄮꈉ,
    Standard: Adenꎕꏦꄮꈉ,
    Daylight: Adenꃅꎸꄮꈉ
  },
  Asia/Almaty: {
    Generic: Almatyꄮꈉ,
    Standard: Almatyꎕꏦꄮꈉ,
    Daylight: Almatyꃅꎸꄮꈉ
  },
  Asia/Amman: {
    Generic: Ammanꄮꈉ,
    Standard: Ammanꎕꏦꄮꈉ,
    Daylight: Ammanꃅꎸꄮꈉ
  },
  Asia/Anadyr: {
    Generic: Anadyrꄮꈉ,
    Standard: Anadyrꎕꏦꄮꈉ,
    Daylight: Anadyrꃅꎸꄮꈉ
  },
  Asia/Aqtau: {
    Generic: Aqtauꄮꈉ,
    Standard: Aqtauꎕꏦꄮꈉ,
    Daylight: Aqtauꃅꎸꄮꈉ
  },
  Asia/Aqtobe: {
    Generic: Aqtobeꄮꈉ,
    Standard: Aqtobeꎕꏦꄮꈉ,
    Daylight: Aqtobeꃅꎸꄮꈉ
  },
  Asia/Ashgabat: {
    Generic: Ashgabatꄮꈉ,
    Standard: Ashgabatꎕꏦꄮꈉ,
    Daylight: Ashgabatꃅꎸꄮꈉ
  },
  Asia/Ashkhabad: {
    Generic: Ashgabatꄮꈉ,
    Standard: Ashgabatꎕꏦꄮꈉ,
    Daylight: Ashgabatꃅꎸꄮꈉ
  },
  Asia/Atyrau: {
    Generic: Atyrauꄮꈉ,
    Standard: Atyrauꎕꏦꄮꈉ,
    Daylight: Atyrauꃅꎸꄮꈉ
  },
  Asia/Baghdad: {
    Generic: Baghdadꄮꈉ,
    Standard: Baghdadꎕꏦꄮꈉ,
    Daylight: Baghdadꃅꎸꄮꈉ
  },
  Asia/Bahrain: {
    Generic: Bahrainꄮꈉ,
    Standard: Bahrainꎕꏦꄮꈉ,
    Daylight: Bahrainꃅꎸꄮꈉ
  },
  Asia/Baku: {
    Generic: Bakuꄮꈉ,
    Standard: Bakuꎕꏦꄮꈉ,
    Daylight: Bakuꃅꎸꄮꈉ
  },
  Asia/Bangkok: {
    Generic: Bangkokꄮꈉ,
    Standard: Bangkokꎕꏦꄮꈉ,
    Daylight: Bangkokꃅꎸꄮꈉ
  },
  Asia/Barnaul: {
    Generic: Barnaulꄮꈉ,
    Standard: Barnaulꎕꏦꄮꈉ,
    Daylight: Barnaulꃅꎸꄮꈉ
  },
  Asia/Beirut: {
    Generic: Beirutꄮꈉ,
    Standard: Beirutꎕꏦꄮꈉ,
    Daylight: Beirutꃅꎸꄮꈉ
  },
  Asia/Bishkek: {
    Generic: Bishkekꄮꈉ,
    Standard: Bishkekꎕꏦꄮꈉ,
    Daylight: Bishkekꃅꎸꄮꈉ
  },
  Asia/Brunei: {
    Generic: Bruneiꄮꈉ,
    Standard: Bruneiꎕꏦꄮꈉ,
    Daylight: Bruneiꃅꎸꄮꈉ
  },
  Asia/Calcutta: {
    Generic: ꑴꄗꄮꈉ,
    Standard: ꑴꄗꎕꏦꄮꈉ,
    Daylight: ꑴꄗꃅꎸꄮꈉ
  },
  Asia/Chita: {
    Generic: Chitaꄮꈉ,
    Standard: Chitaꎕꏦꄮꈉ,
    Daylight: Chitaꃅꎸꄮꈉ
  },
  Asia/Choibalsan: {
    Generic: Ulaanbaatarꄮꈉ,
    Standard: Ulaanbaatarꎕꏦꄮꈉ,
    Daylight: Ulaanbaatarꃅꎸꄮꈉ
  },
  Asia/Chongqing: {
    Generic: ꍏꇩꄮꈉ,
    Standard: ꍏꇩꎕꏦꄮꈉ,
    Daylight: ꍏꇩꃅꎸꄮꈉ
  },
  Asia/Chungking: {
    Generic: ꍏꇩꄮꈉ,
    Standard: ꍏꇩꎕꏦꄮꈉ,
    Daylight: ꍏꇩꃅꎸꄮꈉ
  },
  Asia/Colombo: {
    Generic: Colomboꄮꈉ,
    Standard: Colomboꎕꏦꄮꈉ,
    Daylight: Colomboꃅꎸꄮꈉ
  },
  Asia/Dacca: {
    Generic: Dhakaꄮꈉ,
    Standard: Dhakaꎕꏦꄮꈉ,
    Daylight: Dhakaꃅꎸꄮꈉ
  },
  Asia/Damascus: {
    Generic: Damascusꄮꈉ,
    Standard: Damascusꎕꏦꄮꈉ,
    Daylight: Damascusꃅꎸꄮꈉ
  },
  Asia/Dhaka: {
    Generic: Dhakaꄮꈉ,
    Standard: Dhakaꎕꏦꄮꈉ,
    Daylight: Dhakaꃅꎸꄮꈉ
  },
  Asia/Dili: {
    Generic: Diliꄮꈉ,
    Standard: Diliꎕꏦꄮꈉ,
    Daylight: Diliꃅꎸꄮꈉ
  },
  Asia/Dubai: {
    Generic: Dubaiꄮꈉ,
    Standard: Dubaiꎕꏦꄮꈉ,
    Daylight: Dubaiꃅꎸꄮꈉ
  },
  Asia/Dushanbe: {
    Generic: Dushanbeꄮꈉ,
    Standard: Dushanbeꎕꏦꄮꈉ,
    Daylight: Dushanbeꃅꎸꄮꈉ
  },
  Asia/Famagusta: {
    Generic: Famagustaꄮꈉ,
    Standard: Famagustaꎕꏦꄮꈉ,
    Daylight: Famagustaꃅꎸꄮꈉ
  },
  Asia/Gaza: {
    Generic: Gazaꄮꈉ,
    Standard: Gazaꎕꏦꄮꈉ,
    Daylight: Gazaꃅꎸꄮꈉ
  },
  Asia/Harbin: {
    Generic: ꍏꇩꄮꈉ,
    Standard: ꍏꇩꎕꏦꄮꈉ,
    Daylight: ꍏꇩꃅꎸꄮꈉ
  },
  Asia/Hebron: {
    Generic: Hebronꄮꈉ,
    Standard: Hebronꎕꏦꄮꈉ,
    Daylight: Hebronꃅꎸꄮꈉ
  },
  Asia/Ho_Chi_Minh: {
    Generic: Saigonꄮꈉ,
    Standard: Saigonꎕꏦꄮꈉ,
    Daylight: Saigonꃅꎸꄮꈉ
  },
  Asia/Hong_Kong: {
    Generic: Hong Kongꄮꈉ,
    Standard: Hong Kongꎕꏦꄮꈉ,
    Daylight: Hong Kongꃅꎸꄮꈉ
  },
  Asia/Hovd: {
    Generic: Hovdꄮꈉ,
    Standard: Hovdꎕꏦꄮꈉ,
    Daylight: Hovdꃅꎸꄮꈉ
  },
  Asia/Irkutsk: {
    Generic: Irkutskꄮꈉ,
    Standard: Irkutskꎕꏦꄮꈉ,
    Daylight: Irkutskꃅꎸꄮꈉ
  },
  Asia/Istanbul: {
    Generic: Istanbulꄮꈉ,
    Standard: Istanbulꎕꏦꄮꈉ,
    Daylight: Istanbulꃅꎸꄮꈉ
  },
  Asia/Jakarta: {
    Generic: Jakartaꄮꈉ,
    Standard: Jakartaꎕꏦꄮꈉ,
    Daylight: Jakartaꃅꎸꄮꈉ
  },
  Asia/Jayapura: {
    Generic: Jayapuraꄮꈉ,
    Standard: Jayapuraꎕꏦꄮꈉ,
    Daylight: Jayapuraꃅꎸꄮꈉ
  },
  Asia/Jerusalem: {
    Generic: Jerusalemꄮꈉ,
    Standard: Jerusalemꎕꏦꄮꈉ,
    Daylight: Jerusalemꃅꎸꄮꈉ
  },
  Asia/Kabul: {
    Generic: Kabulꄮꈉ,
    Standard: Kabulꎕꏦꄮꈉ,
    Daylight: Kabulꃅꎸꄮꈉ
  },
  Asia/Kamchatka: {
    Generic: Kamchatkaꄮꈉ,
    Standard: Kamchatkaꎕꏦꄮꈉ,
    Daylight: Kamchatkaꃅꎸꄮꈉ
  },
  Asia/Karachi: {
    Generic: Karachiꄮꈉ,
    Standard: Karachiꎕꏦꄮꈉ,
    Daylight: Karachiꃅꎸꄮꈉ
  },
  Asia/Kashgar: {
    Generic: ꍏꇩꄮꈉ,
    Standard: ꍏꇩꎕꏦꄮꈉ,
    Daylight: ꍏꇩꃅꎸꄮꈉ
  },
  Asia/Kathmandu: {
    Generic: Katmanduꄮꈉ,
    Standard: Katmanduꎕꏦꄮꈉ,
    Daylight: Katmanduꃅꎸꄮꈉ
  },
  Asia/Katmandu: {
    Generic: Katmanduꄮꈉ,
    Standard: Katmanduꎕꏦꄮꈉ,
    Daylight: Katmanduꃅꎸꄮꈉ
  },
  Asia/Khandyga: {
    Generic: Khandygaꄮꈉ,
    Standard: Khandygaꎕꏦꄮꈉ,
    Daylight: Khandygaꃅꎸꄮꈉ
  },
  Asia/Kolkata: {
    Generic: ꑴꄗꄮꈉ,
    Standard: ꑴꄗꎕꏦꄮꈉ,
    Daylight: ꑴꄗꃅꎸꄮꈉ
  },
  Asia/Krasnoyarsk: {
    Generic: Krasnoyarskꄮꈉ,
    Standard: Krasnoyarskꎕꏦꄮꈉ,
    Daylight: Krasnoyarskꃅꎸꄮꈉ
  },
  Asia/Kuala_Lumpur: {
    Generic: Kuala Lumpurꄮꈉ,
    Standard: Kuala Lumpurꎕꏦꄮꈉ,
    Daylight: Kuala Lumpurꃅꎸꄮꈉ
  },
  Asia/Kuching: {
    Generic: Kuchingꄮꈉ,
    Standard: Kuchingꎕꏦꄮꈉ,
    Daylight: Kuchingꃅꎸꄮꈉ
  },
  Asia/Kuwait: {
    Generic: Kuwaitꄮꈉ,
    Standard: Kuwaitꎕꏦꄮꈉ,
    Daylight: Kuwaitꃅꎸꄮꈉ
  },
  Asia/Macao: {
    Generic: Macauꄮꈉ,
    Standard: Macauꎕꏦꄮꈉ,
    Daylight: Macauꃅꎸꄮꈉ
  },
  Asia/Macau: {
    Generic: Macauꄮꈉ,
    Standard: Macauꎕꏦꄮꈉ,
    Daylight: Macauꃅꎸꄮꈉ
  },
  Asia/Magadan: {
    Generic: Magadanꄮꈉ,
    Standard: Magadanꎕꏦꄮꈉ,
    Daylight: Magadanꃅꎸꄮꈉ
  },
  Asia/Makassar: {
    Generic: Makassarꄮꈉ,
    Standard: Makassarꎕꏦꄮꈉ,
    Daylight: Makassarꃅꎸꄮꈉ
  },
  Asia/Manila: {
    Generic: Manilaꄮꈉ,
    Standard: Manilaꎕꏦꄮꈉ,
    Daylight: Manilaꃅꎸꄮꈉ
  },
  Asia/Muscat: {
    Generic: Muscatꄮꈉ,
    Standard: Muscatꎕꏦꄮꈉ,
    Daylight: Muscatꃅꎸꄮꈉ
  },
  Asia/Nicosia: {
    Generic: Nicosiaꄮꈉ,
    Standard: Nicosiaꎕꏦꄮꈉ,
    Daylight: Nicosiaꃅꎸꄮꈉ
  },
  Asia/Novokuznetsk: {
    Generic: Novokuznetskꄮꈉ,
    Standard: Novokuznetskꎕꏦꄮꈉ,
    Daylight: Novokuznetskꃅꎸꄮꈉ
  },
  Asia/Novosibirsk: {
    Generic: Novosibirskꄮꈉ,
    Standard: Novosibirskꎕꏦꄮꈉ,
    Daylight: Novosibirskꃅꎸꄮꈉ
  },
  Asia/Omsk: {
    Generic: Omskꄮꈉ,
    Standard: Omskꎕꏦꄮꈉ,
    Daylight: Omskꃅꎸꄮꈉ
  },
  Asia/Oral: {
    Generic: Oralꄮꈉ,
    Standard: Oralꎕꏦꄮꈉ,
    Daylight: Oralꃅꎸꄮꈉ
  },
  Asia/Phnom_Penh: {
    Generic: Phnom Penhꄮꈉ,
    Standard: Phnom Penhꎕꏦꄮꈉ,
    Daylight: Phnom Penhꃅꎸꄮꈉ
  },
  Asia/Pontianak: {
    Generic: Pontianakꄮꈉ,
    Standard: Pontianakꎕꏦꄮꈉ,
    Daylight: Pontianakꃅꎸꄮꈉ
  },
  Asia/Pyongyang: {
    Generic: Pyongyangꄮꈉ,
    Standard: Pyongyangꎕꏦꄮꈉ,
    Daylight: Pyongyangꃅꎸꄮꈉ
  },
  Asia/Qatar: {
    Generic: Qatarꄮꈉ,
    Standard: Qatarꎕꏦꄮꈉ,
    Daylight: Qatarꃅꎸꄮꈉ
  },
  Asia/Qostanay: {
    Generic: Qostanayꄮꈉ,
    Standard: Qostanayꎕꏦꄮꈉ,
    Daylight: Qostanayꃅꎸꄮꈉ
  },
  Asia/Qyzylorda: {
    Generic: Qyzylordaꄮꈉ,
    Standard: Qyzylordaꎕꏦꄮꈉ,
    Daylight: Qyzylordaꃅꎸꄮꈉ
  },
  Asia/Rangoon: {
    Generic: Rangoonꄮꈉ,
    Standard: Rangoonꎕꏦꄮꈉ,
    Daylight: Rangoonꃅꎸꄮꈉ
  },
  Asia/Riyadh: {
    Generic: Riyadhꄮꈉ,
    Standard: Riyadhꎕꏦꄮꈉ,
    Daylight: Riyadhꃅꎸꄮꈉ
  },
  Asia/Saigon: {
    Generic: Saigonꄮꈉ,
    Standard: Saigonꎕꏦꄮꈉ,
    Daylight: Saigonꃅꎸꄮꈉ
  },
  Asia/Sakhalin: {
    Generic: Sakhalinꄮꈉ,
    Standard: Sakhalinꎕꏦꄮꈉ,
    Daylight: Sakhalinꃅꎸꄮꈉ
  },
  Asia/Samarkand: {
    Generic: Samarkandꄮꈉ,
    Standard: Samarkandꎕꏦꄮꈉ,
    Daylight: Samarkandꃅꎸꄮꈉ
  },
  Asia/Seoul: {
    Generic: Seoulꄮꈉ,
    Standard: Seoulꎕꏦꄮꈉ,
    Daylight: Seoulꃅꎸꄮꈉ
  },
  Asia/Shanghai: {
    Generic: ꍏꇩꄮꈉ,
    Standard: ꍏꇩꎕꏦꄮꈉ,
    Daylight: ꍏꇩꃅꎸꄮꈉ
  },
  Asia/Singapore: {
    Generic: Singaporeꄮꈉ,
    Standard: Singaporeꎕꏦꄮꈉ,
    Daylight: Singaporeꃅꎸꄮꈉ
  },
  Asia/Srednekolymsk: {
    Generic: Srednekolymskꄮꈉ,
    Standard: Srednekolymskꎕꏦꄮꈉ,
    Daylight: Srednekolymskꃅꎸꄮꈉ
  },
  Asia/Taipei: {
    Generic: Taipeiꄮꈉ,
    Standard: Taipeiꎕꏦꄮꈉ,
    Daylight: Taipeiꃅꎸꄮꈉ
  },
  Asia/Tashkent: {
    Generic: Tashkentꄮꈉ,
    Standard: Tashkentꎕꏦꄮꈉ,
    Daylight: Tashkentꃅꎸꄮꈉ
  },
  Asia/Tbilisi: {
    Generic: Tbilisiꄮꈉ,
    Standard: Tbilisiꎕꏦꄮꈉ,
    Daylight: Tbilisiꃅꎸꄮꈉ
  },
  Asia/Tehran: {
    Generic: Tehranꄮꈉ,
    Standard: Tehranꎕꏦꄮꈉ,
    Daylight: Tehranꃅꎸꄮꈉ
  },
  Asia/Tel_Aviv: {
    Generic: Jerusalemꄮꈉ,
    Standard: Jerusalemꎕꏦꄮꈉ,
    Daylight: Jerusalemꃅꎸꄮꈉ
  },
  Asia/Thimbu: {
    Generic: Thimphuꄮꈉ,
    Standard: Thimphuꎕꏦꄮꈉ,
    Daylight: Thimphuꃅꎸꄮꈉ
  },
  Asia/Thimphu: {
    Generic: Thimphuꄮꈉ,
    Standard: Thimphuꎕꏦꄮꈉ,
    Daylight: Thimphuꃅꎸꄮꈉ
  },
  Asia/Tokyo: {
    Generic: ꏝꀪꄮꈉ,
    Standard: ꏝꀪꎕꏦꄮꈉ,
    Daylight: ꏝꀪꃅꎸꄮꈉ
  },
  Asia/Tomsk: {
    Generic: Tomskꄮꈉ,
    Standard: Tomskꎕꏦꄮꈉ,
    Daylight: Tomskꃅꎸꄮꈉ
  },
  Asia/Ujung_Pandang: {
    Generic: Makassarꄮꈉ,
    Standard: Makassarꎕꏦꄮꈉ,
    Daylight: Makassarꃅꎸꄮꈉ
  },
  Asia/Ulaanbaatar: {
    Generic: Ulaanbaatarꄮꈉ,
    Standard: Ulaanbaatarꎕꏦꄮꈉ,
    Daylight: Ulaanbaatarꃅꎸꄮꈉ
  },
  Asia/Ulan_Bator: {
    Generic: Ulaanbaatarꄮꈉ,
    Standard: Ulaanbaatarꎕꏦꄮꈉ,
    Daylight: Ulaanbaatarꃅꎸꄮꈉ
  },
  Asia/Urumqi: {
    Generic: ꍏꇩꄮꈉ,
    Standard: ꍏꇩꎕꏦꄮꈉ,
    Daylight: ꍏꇩꃅꎸꄮꈉ
  },
  Asia/Ust-Nera: {
    Generic: Ust-Neraꄮꈉ,
    Standard: Ust-Neraꎕꏦꄮꈉ,
    Daylight: Ust-Neraꃅꎸꄮꈉ
  },
  Asia/Vientiane: {
    Generic: Vientianeꄮꈉ,
    Standard: Vientianeꎕꏦꄮꈉ,
    Daylight: Vientianeꃅꎸꄮꈉ
  },
  Asia/Vladivostok: {
    Generic: Vladivostokꄮꈉ,
    Standard: Vladivostokꎕꏦꄮꈉ,
    Daylight: Vladivostokꃅꎸꄮꈉ
  },
  Asia/Yakutsk: {
    Generic: Yakutskꄮꈉ,
    Standard: Yakutskꎕꏦꄮꈉ,
    Daylight: Yakutskꃅꎸꄮꈉ
  },
  Asia/Yangon: {
    Generic: Rangoonꄮꈉ,
    Standard: Rangoonꎕꏦꄮꈉ,
    Daylight: Rangoonꃅꎸꄮꈉ
  },
  Asia/Yekaterinburg: {
    Generic: Yekaterinburgꄮꈉ,
    Standard: Yekaterinburgꎕꏦꄮꈉ,
    Daylight: Yekaterinburgꃅꎸꄮꈉ
  },
  Asia/Yerevan: {
    Generic: Yerevanꄮꈉ,
    Standard: Yerevanꎕꏦꄮꈉ,
    Daylight: Yerevanꃅꎸꄮꈉ
  },
  Atlantic/Azores: {
    Generic: Azoresꄮꈉ,
    Standard: Azoresꎕꏦꄮꈉ,
    Daylight: Azoresꃅꎸꄮꈉ
  },
  Atlantic/Bermuda: {
    Generic: Bermudaꄮꈉ,
    Standard: Bermudaꎕꏦꄮꈉ,
    Daylight: Bermudaꃅꎸꄮꈉ
  },
  Atlantic/Canary: {
    Generic: Canaryꄮꈉ,
    Standard: Canaryꎕꏦꄮꈉ,
    Daylight: Canaryꃅꎸꄮꈉ
  },
  Atlantic/Cape_Verde: {
    Generic: Cape Verdeꄮꈉ,
    Standard: Cape Verdeꎕꏦꄮꈉ,
    Daylight: Cape Verdeꃅꎸꄮꈉ
  },
  Atlantic/Faeroe: {
    Generic: Faeroeꄮꈉ,
    Standard: Faeroeꎕꏦꄮꈉ,
    Daylight: Faeroeꃅꎸꄮꈉ
  },
  Atlantic/Faroe: {
    Generic: Faeroeꄮꈉ,
    Standard: Faeroeꎕꏦꄮꈉ,
    Daylight: Faeroeꃅꎸꄮꈉ
  },
  Atlantic/Jan_Mayen: {
    Generic: Longyearbyenꄮꈉ,
    Standard: Longyearbyenꎕꏦꄮꈉ,
    Daylight: Longyearbyenꃅꎸꄮꈉ
  },
  Atlantic/Madeira: {
    Generic: Madeiraꄮꈉ,
    Standard: Madeiraꎕꏦꄮꈉ,
    Daylight: Madeiraꃅꎸꄮꈉ
  },
  Atlantic/Reykjavik: {
    Generic: ꋧꃅꎕꏦꄮꈉ,
    Standard: ꋧꃅꎕꏦꄮꈉ,
    Daylight: ꋧꃅꎕꏦꄮꈉ
  },
  Atlantic/South_Georgia: {
    Generic: South Georgiaꄮꈉ,
    Standard: South Georgiaꎕꏦꄮꈉ,
    Daylight: South Georgiaꃅꎸꄮꈉ
  },
  Atlantic/St_Helena: {
    Generic: ꋧꃅꎕꏦꄮꈉ,
    Standard: ꋧꃅꎕꏦꄮꈉ,
    Daylight: ꋧꃅꎕꏦꄮꈉ
  },
  Atlantic/Stanley: {
    Generic: Stanleyꄮꈉ,
    Standard: Stanleyꎕꏦꄮꈉ,
    Daylight: Stanleyꃅꎸꄮꈉ
  },
  Australia/ACT: {
    Generic: Sydneyꄮꈉ,
    Standard: Sydneyꎕꏦꄮꈉ,
    Daylight: Sydneyꃅꎸꄮꈉ
  },
  Australia/Adelaide: {
    Generic: Adelaideꄮꈉ,
    Standard: Adelaideꎕꏦꄮꈉ,
    Daylight: Adelaideꃅꎸꄮꈉ
  },
  Australia/Brisbane: {
    Generic: Brisbaneꄮꈉ,
    Standard: Brisbaneꎕꏦꄮꈉ,
    Daylight: Brisbaneꃅꎸꄮꈉ
  },
  Australia/Broken_Hill: {
    Generic: Broken Hillꄮꈉ,
    Standard: Broken Hillꎕꏦꄮꈉ,
    Daylight: Broken Hillꃅꎸꄮꈉ
  },
  Australia/Canberra: {
    Generic: Sydneyꄮꈉ,
    Standard: Sydneyꎕꏦꄮꈉ,
    Daylight: Sydneyꃅꎸꄮꈉ
  },
  Australia/Currie: {
    Generic: Hobartꄮꈉ,
    Standard: Hobartꎕꏦꄮꈉ,
    Daylight: Hobartꃅꎸꄮꈉ
  },
  Australia/Darwin: {
    Generic: Darwinꄮꈉ,
    Standard: Darwinꎕꏦꄮꈉ,
    Daylight: Darwinꃅꎸꄮꈉ
  },
  Australia/Eucla: {
    Generic: Euclaꄮꈉ,
    Standard: Euclaꎕꏦꄮꈉ,
    Daylight: Euclaꃅꎸꄮꈉ
  },
  Australia/Hobart: {
    Generic: Hobartꄮꈉ,
    Standard: Hobartꎕꏦꄮꈉ,
    Daylight: Hobartꃅꎸꄮꈉ
  },
  Australia/LHI: {
    Generic: Lord Howeꄮꈉ,
    Standard: Lord Howeꎕꏦꄮꈉ,
    Daylight: Lord Howeꃅꎸꄮꈉ
  },
  Australia/Lindeman: {
    Generic: Lindemanꄮꈉ,
    Standard: Lindemanꎕꏦꄮꈉ,
    Daylight: Lindemanꃅꎸꄮꈉ
  },
  Australia/Lord_Howe: {
    Generic: Lord Howeꄮꈉ,
    Standard: Lord Howeꎕꏦꄮꈉ,
    Daylight: Lord Howeꃅꎸꄮꈉ
  },
  Australia/Melbourne: {
    Generic: Melbourneꄮꈉ,
    Standard: Melbourneꎕꏦꄮꈉ,
    Daylight: Melbourneꃅꎸꄮꈉ
  },
  Australia/NSW: {
    Generic: Sydneyꄮꈉ,
    Standard: Sydneyꎕꏦꄮꈉ,
    Daylight: Sydneyꃅꎸꄮꈉ
  },
  Australia/North: {
    Generic: Darwinꄮꈉ,
    Standard: Darwinꎕꏦꄮꈉ,
    Daylight: Darwinꃅꎸꄮꈉ
  },
  Australia/Perth: {
    Generic: Perthꄮꈉ,
    Standard: Perthꎕꏦꄮꈉ,
    Daylight: Perthꃅꎸꄮꈉ
  },
  Australia/Queensland: {
    Generic: Brisbaneꄮꈉ,
    Standard: Brisbaneꎕꏦꄮꈉ,
    Daylight: Brisbaneꃅꎸꄮꈉ
  },
  Australia/South: {
    Generic: Adelaideꄮꈉ,
    Standard: Adelaideꎕꏦꄮꈉ,
    Daylight: Adelaideꃅꎸꄮꈉ
  },
  Australia/Sydney: {
    Generic: Sydneyꄮꈉ,
    Standard: Sydneyꎕꏦꄮꈉ,
    Daylight: Sydneyꃅꎸꄮꈉ
  },
  Australia/Tasmania: {
    Generic: Hobartꄮꈉ,
    Standard: Hobartꎕꏦꄮꈉ,
    Daylight: Hobartꃅꎸꄮꈉ
  },
  Australia/Victoria: {
    Generic: Melbourneꄮꈉ,
    Standard: Melbourneꎕꏦꄮꈉ,
    Daylight: Melbourneꃅꎸꄮꈉ
  },
  Australia/West: {
    Generic: Perthꄮꈉ,
    Standard: Perthꎕꏦꄮꈉ,
    Daylight: Perthꃅꎸꄮꈉ
  },
  Australia/Yancowinna: {
    Generic: Broken Hillꄮꈉ,
    Standard: Broken Hillꎕꏦꄮꈉ,
    Daylight: Broken Hillꃅꎸꄮꈉ
  },
  Brazil/Acre: {
    Generic: ꀠꑭꄮꈉ,
    Standard: ꀠꑭꎕꏦꄮꈉ,
    Daylight: ꀠꑭꃅꎸꄮꈉ
  },
  Brazil/DeNoronha: {
    Generic: ꀠꑭꄮꈉ,
    Standard: ꀠꑭꎕꏦꄮꈉ,
    Daylight: ꀠꑭꃅꎸꄮꈉ
  },
  Brazil/East: {
    Generic: ꀠꑭꄮꈉ,
    Standard: ꀠꑭꎕꏦꄮꈉ,
    Daylight: ꀠꑭꃅꎸꄮꈉ
  },
  Brazil/West: {
    Generic: ꀠꑭꄮꈉ,
    Standard: ꀠꑭꎕꏦꄮꈉ,
    Daylight: ꀠꑭꃅꎸꄮꈉ
  },
  CET: {
    Generic: ꃔꇩꄮꈉ,
    Standard: ꃔꇩꎕꏦꄮꈉ,
    Daylight: ꃔꇩꃅꎸꄮꈉ
  },
  CST6CDT: {
    Generic: ꂰꇩꄮꈉ,
    Standard: ꂰꇩꎕꏦꄮꈉ,
    Daylight: ꂰꇩꃅꎸꄮꈉ
  },
  Canada/Atlantic: {
    Generic: Halifaxꄮꈉ,
    Standard: Halifaxꎕꏦꄮꈉ,
    Daylight: Halifaxꃅꎸꄮꈉ
  },
  Canada/Central: {
    Generic: Winnipegꄮꈉ,
    Standard: Winnipegꎕꏦꄮꈉ,
    Daylight: Winnipegꃅꎸꄮꈉ
  },
  Canada/Eastern: {
    Generic: Torontoꄮꈉ,
    Standard: Torontoꎕꏦꄮꈉ,
    Daylight: Torontoꃅꎸꄮꈉ
  },
  Canada/Mountain: {
    Generic: Edmontonꄮꈉ,
    Standard: Edmontonꎕꏦꄮꈉ,
    Daylight: Edmontonꃅꎸꄮꈉ
  },
  Canada/Newfoundland: {
    Generic: St Johnsꄮꈉ,
    Standard: St Johnsꎕꏦꄮꈉ,
    Daylight: St Johnsꃅꎸꄮꈉ
  },
  Canada/Pacific: {
    Generic: Vancouverꄮꈉ,
    Standard: Vancouverꎕꏦꄮꈉ,
    Daylight: Vancouverꃅꎸꄮꈉ
  },
  Canada/Saskatchewan: {
    Generic: Reginaꄮꈉ,
    Standard: Reginaꎕꏦꄮꈉ,
    Daylight: Reginaꃅꎸꄮꈉ
  },
  Canada/Yukon: {
    Generic: Whitehorseꄮꈉ,
    Standard: Whitehorseꎕꏦꄮꈉ,
    Daylight: Whitehorseꃅꎸꄮꈉ
  },
  Chile/Continental: {
    Generic: Santiagoꄮꈉ,
    Standard: Santiagoꎕꏦꄮꈉ,
    Daylight: Santiagoꃅꎸꄮꈉ
  },
  Chile/EasterIsland: {
    Generic: Easterꄮꈉ,
    Standard: Easterꎕꏦꄮꈉ,
    Daylight: Easterꃅꎸꄮꈉ
  },
  Cuba: {
    Generic: Havanaꄮꈉ,
    Standard: Havanaꎕꏦꄮꈉ,
    Daylight: Havanaꃅꎸꄮꈉ
  },
  EET: {
    Generic: Bucharestꄮꈉ,
    Standard: Bucharestꎕꏦꄮꈉ,
    Daylight: Bucharestꃅꎸꄮꈉ
  },
  EST: {
    Generic: Panamaꄮꈉ,
    Standard: Panamaꎕꏦꄮꈉ,
    Daylight: Panamaꃅꎸꄮꈉ
  },
  EST5EDT: {
    Generic: ꂰꇩꄮꈉ,
    Standard: ꂰꇩꎕꏦꄮꈉ,
    Daylight: ꂰꇩꃅꎸꄮꈉ
  },
  Egypt: {
    Generic: Cairoꄮꈉ,
    Standard: Cairoꎕꏦꄮꈉ,
    Daylight: Cairoꃅꎸꄮꈉ
  },
  Eire: {
    Generic: ꋧꃅꎕꏦꄮꈉ,
    Standard: ꋧꃅꎕꏦꄮꈉ,
    Daylight: ꋧꃅꎕꏦꄮꈉ
  },
  Etc/GMT: {
    Generic: ꋧꃅꎕꏦꄮꈉ,
    Standard: ꋧꃅꎕꏦꄮꈉ,
    Daylight: ꋧꃅꎕꏦꄮꈉ
  },
  Etc/GMT+0: {
    Generic: ꋧꃅꎕꏦꄮꈉ,
    Standard: ꋧꃅꎕꏦꄮꈉ,
    Daylight: ꋧꃅꎕꏦꄮꈉ
  },
  Etc/GMT+1: {
    Generic: UTCꄮꈉ -1,
    Standard: UTCꎕꏦꄮꈉ -1,
    Daylight: UTCꃅꎸꄮꈉ -1
  },
  Etc/GMT+10: {
    Generic: UTCꄮꈉ -10,
    Standard: UTCꎕꏦꄮꈉ -10,
    Daylight: UTCꃅꎸꄮꈉ -10
  },
  Etc/GMT+11: {
    Generic: UTCꄮꈉ -11,
    Standard: UTCꎕꏦꄮꈉ -11,
    Daylight: UTCꃅꎸꄮꈉ -11
  },
  Etc/GMT+12: {
    Generic: UTCꄮꈉ -12,
    Standard: UTCꎕꏦꄮꈉ -12,
    Daylight: UTCꃅꎸꄮꈉ -12
  },
  Etc/GMT+2: {
    Generic: UTCꄮꈉ -2,
    Standard: UTCꎕꏦꄮꈉ -2,
    Daylight: UTCꃅꎸꄮꈉ -2
  },
  Etc/GMT+3: {
    Generic: UTCꄮꈉ -3,
    Standard: UTCꎕꏦꄮꈉ -3,
    Daylight: UTCꃅꎸꄮꈉ -3
  },
  Etc/GMT+4: {
    Generic: UTCꄮꈉ -4,
    Standard: UTCꎕꏦꄮꈉ -4,
    Daylight: UTCꃅꎸꄮꈉ -4
  },
  Etc/GMT+5: {
    Generic: UTCꄮꈉ -5,
    Standard: UTCꎕꏦꄮꈉ -5,
    Daylight: UTCꃅꎸꄮꈉ -5
  },
  Etc/GMT+6: {
    Generic: UTCꄮꈉ -6,
    Standard: UTCꎕꏦꄮꈉ -6,
    Daylight: UTCꃅꎸꄮꈉ -6
  },
  Etc/GMT+7: {
    Generic: UTCꄮꈉ -7,
    Standard: UTCꎕꏦꄮꈉ -7,
    Daylight: UTCꃅꎸꄮꈉ -7
  },
  Etc/GMT+8: {
    Generic: UTCꄮꈉ -8,
    Standard: UTCꎕꏦꄮꈉ -8,
    Daylight: UTCꃅꎸꄮꈉ -8
  },
  Etc/GMT+9: {
    Generic: UTCꄮꈉ -9,
    Standard: UTCꎕꏦꄮꈉ -9,
    Daylight: UTCꃅꎸꄮꈉ -9
  },
  Etc/GMT-0: {
    Generic: ꋧꃅꎕꏦꄮꈉ,
    Standard: ꋧꃅꎕꏦꄮꈉ,
    Daylight: ꋧꃅꎕꏦꄮꈉ
  },
  Etc/GMT-1: {
    Generic: UTCꄮꈉ +1,
    Standard: UTCꎕꏦꄮꈉ +1,
    Daylight: UTCꃅꎸꄮꈉ +1
  },
  Etc/GMT-10: {
    Generic: UTCꄮꈉ +10,
    Standard: UTCꎕꏦꄮꈉ +10,
    Daylight: UTCꃅꎸꄮꈉ +10
  },
  Etc/GMT-11: {
    Generic: UTCꄮꈉ +11,
    Standard: UTCꎕꏦꄮꈉ +11,
    Daylight: UTCꃅꎸꄮꈉ +11
  },
  Etc/GMT-12: {
    Generic: UTCꄮꈉ +12,
    Standard: UTCꎕꏦꄮꈉ +12,
    Daylight: UTCꃅꎸꄮꈉ +12
  },
  Etc/GMT-13: {
    Generic: UTCꄮꈉ +13,
    Standard: UTCꎕꏦꄮꈉ +13,
    Daylight: UTCꃅꎸꄮꈉ +13
  },
  Etc/GMT-14: {
    Generic: UTCꄮꈉ +14,
    Standard: UTCꎕꏦꄮꈉ +14,
    Daylight: UTCꃅꎸꄮꈉ +14
  },
  Etc/GMT-2: {
    Generic: UTCꄮꈉ +2,
    Standard: UTCꎕꏦꄮꈉ +2,
    Daylight: UTCꃅꎸꄮꈉ +2
  },
  Etc/GMT-3: {
    Generic: UTCꄮꈉ +3,
    Standard: UTCꎕꏦꄮꈉ +3,
    Daylight: UTCꃅꎸꄮꈉ +3
  },
  Etc/GMT-4: {
    Generic: UTCꄮꈉ +4,
    Standard: UTCꎕꏦꄮꈉ +4,
    Daylight: UTCꃅꎸꄮꈉ +4
  },
  Etc/GMT-5: {
    Generic: UTCꄮꈉ +5,
    Standard: UTCꎕꏦꄮꈉ +5,
    Daylight: UTCꃅꎸꄮꈉ +5
  },
  Etc/GMT-6: {
    Generic: UTCꄮꈉ +6,
    Standard: UTCꎕꏦꄮꈉ +6,
    Daylight: UTCꃅꎸꄮꈉ +6
  },
  Etc/GMT-7: {
    Generic: UTCꄮꈉ +7,
    Standard: UTCꎕꏦꄮꈉ +7,
    Daylight: UTCꃅꎸꄮꈉ +7
  },
  Etc/GMT-8: {
    Generic: UTCꄮꈉ +8,
    Standard: UTCꎕꏦꄮꈉ +8,
    Daylight: UTCꃅꎸꄮꈉ +8
  },
  Etc/GMT-9: {
    Generic: UTCꄮꈉ +9,
    Standard: UTCꎕꏦꄮꈉ +9,
    Daylight: UTCꃅꎸꄮꈉ +9
  },
  Etc/GMT0: {
    Generic: ꋧꃅꎕꏦꄮꈉ,
    Standard: ꋧꃅꎕꏦꄮꈉ,
    Daylight: ꋧꃅꎕꏦꄮꈉ
  },
  Etc/Greenwich: {
    Generic: ꋧꃅꎕꏦꄮꈉ,
    Standard: ꋧꃅꎕꏦꄮꈉ,
    Daylight: ꋧꃅꎕꏦꄮꈉ
  },
  Etc/UCT: {
    Generic: UTCꄮꈉ,
    Standard: UTCꎕꏦꄮꈉ,
    Daylight: UTCꃅꎸꄮꈉ
  },
  Etc/UTC: {
    Generic: UTCꄮꈉ,
    Standard: UTCꎕꏦꄮꈉ,
    Daylight: UTCꃅꎸꄮꈉ
  },
  Etc/Universal: {
    Generic: UTCꄮꈉ,
    Standard: UTCꎕꏦꄮꈉ,
    Daylight: UTCꃅꎸꄮꈉ
  },
  Etc/Zulu: {
    Generic: UTCꄮꈉ,
    Standard: UTCꎕꏦꄮꈉ,
    Daylight: UTCꃅꎸꄮꈉ
  },
  Europe/Amsterdam: {
    Generic: Amsterdamꄮꈉ,
    Standard: Amsterdamꎕꏦꄮꈉ,
    Daylight: Amsterdamꃅꎸꄮꈉ
  },
  Europe/Andorra: {
    Generic: Andorraꄮꈉ,
    Standard: Andorraꎕꏦꄮꈉ,
    Daylight: Andorraꃅꎸꄮꈉ
  },
  Europe/Astrakhan: {
    Generic: Astrakhanꄮꈉ,
    Standard: Astrakhanꎕꏦꄮꈉ,
    Daylight: Astrakhanꃅꎸꄮꈉ
  },
  Europe/Athens: {
    Generic: Athensꄮꈉ,
    Standard: Athensꎕꏦꄮꈉ,
    Daylight: Athensꃅꎸꄮꈉ
  },
  Europe/Belfast: {
    Generic: ꋧꃅꎕꏦꄮꈉ,
    Standard: ꋧꃅꎕꏦꄮꈉ,
    Daylight: ꋧꃅꎕꏦꄮꈉ
  },
  Europe/Belgrade: {
    Generic: Belgradeꄮꈉ,
    Standard: Belgradeꎕꏦꄮꈉ,
    Daylight: Belgradeꃅꎸꄮꈉ
  },
  Europe/Berlin: {
    Generic: ꄓꇩꄮꈉ,
    Standard: ꄓꇩꎕꏦꄮꈉ,
    Daylight: ꄓꇩꃅꎸꄮꈉ
  },
  Europe/Bratislava: {
    Generic: Bratislavaꄮꈉ,
    Standard: Bratislavaꎕꏦꄮꈉ,
    Daylight: Bratislavaꃅꎸꄮꈉ
  },
  Europe/Brussels: {
    Generic: ꀘꆹꏃꄮꈉ,
    Standard: ꀘꆹꏃꎕꏦꄮꈉ,
    Daylight: ꀘꆹꏃꃅꎸꄮꈉ
  },
  Europe/Bucharest: {
    Generic: Bucharestꄮꈉ,
    Standard: Bucharestꎕꏦꄮꈉ,
    Daylight: Bucharestꃅꎸꄮꈉ
  },
  Europe/Budapest: {
    Generic: Budapestꄮꈉ,
    Standard: Budapestꎕꏦꄮꈉ,
    Daylight: Budapestꃅꎸꄮꈉ
  },
  Europe/Busingen: {
    Generic: ꄓꇩꄮꈉ,
    Standard: ꄓꇩꎕꏦꄮꈉ,
    Daylight: ꄓꇩꃅꎸꄮꈉ
  },
  Europe/Chisinau: {
    Generic: Chisinauꄮꈉ,
    Standard: Chisinauꎕꏦꄮꈉ,
    Daylight: Chisinauꃅꎸꄮꈉ
  },
  Europe/Copenhagen: {
    Generic: Copenhagenꄮꈉ,
    Standard: Copenhagenꎕꏦꄮꈉ,
    Daylight: Copenhagenꃅꎸꄮꈉ
  },
  Europe/Dublin: {
    Generic: ꋧꃅꎕꏦꄮꈉ,
    Standard: ꋧꃅꎕꏦꄮꈉ,
    Daylight: ꋧꃅꎕꏦꄮꈉ
  },
  Europe/Gibraltar: {
    Generic: Gibraltarꄮꈉ,
    Standard: Gibraltarꎕꏦꄮꈉ,
    Daylight: Gibraltarꃅꎸꄮꈉ
  },
  Europe/Guernsey: {
    Generic: ꋧꃅꎕꏦꄮꈉ,
    Standard: ꋧꃅꎕꏦꄮꈉ,
    Daylight: ꋧꃅꎕꏦꄮꈉ
  },
  Europe/Helsinki: {
    Generic: Helsinkiꄮꈉ,
    Standard: Helsinkiꎕꏦꄮꈉ,
    Daylight: Helsinkiꃅꎸꄮꈉ
  },
  Europe/Isle_of_Man: {
    Generic: ꋧꃅꎕꏦꄮꈉ,
    Standard: ꋧꃅꎕꏦꄮꈉ,
    Daylight: ꋧꃅꎕꏦꄮꈉ
  },
  Europe/Istanbul: {
    Generic: Istanbulꄮꈉ,
    Standard: Istanbulꎕꏦꄮꈉ,
    Daylight: Istanbulꃅꎸꄮꈉ
  },
  Europe/Jersey: {
    Generic: ꋧꃅꎕꏦꄮꈉ,
    Standard: ꋧꃅꎕꏦꄮꈉ,
    Daylight: ꋧꃅꎕꏦꄮꈉ
  },
  Europe/Kaliningrad: {
    Generic: Kaliningradꄮꈉ,
    Standard: Kaliningradꎕꏦꄮꈉ,
    Daylight: Kaliningradꃅꎸꄮꈉ
  },
  Europe/Kiev: {
    Generic: Kievꄮꈉ,
    Standard: Kievꎕꏦꄮꈉ,
    Daylight: Kievꃅꎸꄮꈉ
  },
  Europe/Kirov: {
    Generic: Kirovꄮꈉ,
    Standard: Kirovꎕꏦꄮꈉ,
    Daylight: Kirovꃅꎸꄮꈉ
  },
  Europe/Kyiv: {
    Generic: Kievꄮꈉ,
    Standard: Kievꎕꏦꄮꈉ,
    Daylight: Kievꃅꎸꄮꈉ
  },
  Europe/Lisbon: {
    Generic: Lisbonꄮꈉ,
    Standard: Lisbonꎕꏦꄮꈉ,
    Daylight: Lisbonꃅꎸꄮꈉ
  },
  Europe/Ljubljana: {
    Generic: Ljubljanaꄮꈉ,
    Standard: Ljubljanaꎕꏦꄮꈉ,
    Daylight: Ljubljanaꃅꎸꄮꈉ
  },
  Europe/London: {
    Generic: ꋧꃅꎕꏦꄮꈉ,
    Standard: ꋧꃅꎕꏦꄮꈉ,
    Daylight: ꋧꃅꎕꏦꄮꈉ
  },
  Europe/Luxembourg: {
    Generic: Luxembourgꄮꈉ,
    Standard: Luxembourgꎕꏦꄮꈉ,
    Daylight: Luxembourgꃅꎸꄮꈉ
  },
  Europe/Madrid: {
    Generic: Madridꄮꈉ,
    Standard: Madridꎕꏦꄮꈉ,
    Daylight: Madridꃅꎸꄮꈉ
  },
  Europe/Malta: {
    Generic: Maltaꄮꈉ,
    Standard: Maltaꎕꏦꄮꈉ,
    Daylight: Maltaꃅꎸꄮꈉ
  },
  Europe/Mariehamn: {
    Generic: Mariehamnꄮꈉ,
    Standard: Mariehamnꎕꏦꄮꈉ,
    Daylight: Mariehamnꃅꎸꄮꈉ
  },
  Europe/Minsk: {
    Generic: Minskꄮꈉ,
    Standard: Minskꎕꏦꄮꈉ,
    Daylight: Minskꃅꎸꄮꈉ
  },
  Europe/Monaco: {
    Generic: Monacoꄮꈉ,
    Standard: Monacoꎕꏦꄮꈉ,
    Daylight: Monacoꃅꎸꄮꈉ
  },
  Europe/Moscow: {
    Generic: Moscowꄮꈉ,
    Standard: Moscowꎕꏦꄮꈉ,
    Daylight: Moscowꃅꎸꄮꈉ
  },
  Europe/Nicosia: {
    Generic: Nicosiaꄮꈉ,
    Standard: Nicosiaꎕꏦꄮꈉ,
    Daylight: Nicosiaꃅꎸꄮꈉ
  },
  Europe/Oslo: {
    Generic: Osloꄮꈉ,
    Standard: Osloꎕꏦꄮꈉ,
    Daylight: Osloꃅꎸꄮꈉ
  },
  Europe/Paris: {
    Generic: ꃔꇩꄮꈉ,
    Standard: ꃔꇩꎕꏦꄮꈉ,
    Daylight: ꃔꇩꃅꎸꄮꈉ
  },
  Europe/Podgorica: {
    Generic: Podgoricaꄮꈉ,
    Standard: Podgoricaꎕꏦꄮꈉ,
    Daylight: Podgoricaꃅꎸꄮꈉ
  },
  Europe/Prague: {
    Generic: Pragueꄮꈉ,
    Standard: Pragueꎕꏦꄮꈉ,
    Daylight: Pragueꃅꎸꄮꈉ
  },
  Europe/Riga: {
    Generic: Rigaꄮꈉ,
    Standard: Rigaꎕꏦꄮꈉ,
    Daylight: Rigaꃅꎸꄮꈉ
  },
  Europe/Rome: {
    Generic: ꑴꄊꆺꄮꈉ,
    Standard: ꑴꄊꆺꎕꏦꄮꈉ,
    Daylight: ꑴꄊꆺꃅꎸꄮꈉ
  },
  Europe/Samara: {
    Generic: Samaraꄮꈉ,
    Standard: Samaraꎕꏦꄮꈉ,
    Daylight: Samaraꃅꎸꄮꈉ
  },
  Europe/San_Marino: {
    Generic: San Marinoꄮꈉ,
    Standard: San Marinoꎕꏦꄮꈉ,
    Daylight: San Marinoꃅꎸꄮꈉ
  },
  Europe/Sarajevo: {
    Generic: Sarajevoꄮꈉ,
    Standard: Sarajevoꎕꏦꄮꈉ,
    Daylight: Sarajevoꃅꎸꄮꈉ
  },
  Europe/Saratov: {
    Generic: Saratovꄮꈉ,
    Standard: Saratovꎕꏦꄮꈉ,
    Daylight: Saratovꃅꎸꄮꈉ
  },
  Europe/Simferopol: {
    Generic: Simferopolꄮꈉ,
    Standard: Simferopolꎕꏦꄮꈉ,
    Daylight: Simferopolꃅꎸꄮꈉ
  },
  Europe/Skopje: {
    Generic: Skopjeꄮꈉ,
    Standard: Skopjeꎕꏦꄮꈉ,
    Daylight: Skopjeꃅꎸꄮꈉ
  },
  Europe/Sofia: {
    Generic: Sofiaꄮꈉ,
    Standard: Sofiaꎕꏦꄮꈉ,
    Daylight: Sofiaꃅꎸꄮꈉ
  },
  Europe/Stockholm: {
    Generic: Stockholmꄮꈉ,
    Standard: Stockholmꎕꏦꄮꈉ,
    Daylight: Stockholmꃅꎸꄮꈉ
  },
  Europe/Tallinn: {
    Generic: Tallinnꄮꈉ,
    Standard: Tallinnꎕꏦꄮꈉ,
    Daylight: Tallinnꃅꎸꄮꈉ
  },
  Europe/Tirane: {
    Generic: Tiraneꄮꈉ,
    Standard: Tiraneꎕꏦꄮꈉ,
    Daylight: Tiraneꃅꎸꄮꈉ
  },
  Europe/Tiraspol: {
    Generic: Chisinauꄮꈉ,
    Standard: Chisinauꎕꏦꄮꈉ,
    Daylight: Chisinauꃅꎸꄮꈉ
  },
  Europe/Ulyanovsk: {
    Generic: Ulyanovskꄮꈉ,
    Standard: Ulyanovskꎕꏦꄮꈉ,
    Daylight: Ulyanovskꃅꎸꄮꈉ
  },
  Europe/Uzhgorod: {
    Generic: Kievꄮꈉ,
    Standard: Kievꎕꏦꄮꈉ,
    Daylight: Kievꃅꎸꄮꈉ
  },
  Europe/Vaduz: {
    Generic: Vaduzꄮꈉ,
    Standard: Vaduzꎕꏦꄮꈉ,
    Daylight: Vaduzꃅꎸꄮꈉ
  },
  Europe/Vatican: {
    Generic: Vaticanꄮꈉ,
    Standard: Vaticanꎕꏦꄮꈉ,
    Daylight: Vaticanꃅꎸꄮꈉ
  },
  Europe/Vienna: {
    Generic: Viennaꄮꈉ,
    Standard: Viennaꎕꏦꄮꈉ,
    Daylight: Viennaꃅꎸꄮꈉ
  },
  Europe/Vilnius: {
    Generic: Vilniusꄮꈉ,
    Standard: Vilniusꎕꏦꄮꈉ,
    Daylight: Vilniusꃅꎸꄮꈉ
  },
  Europe/Volgograd: {
    Generic: Volgogradꄮꈉ,
    Standard: Volgogradꎕꏦꄮꈉ,
    Daylight: Volgogradꃅꎸꄮꈉ
  },
  Europe/Warsaw: {
    Generic: Warsawꄮꈉ,
    Standard: Warsawꎕꏦꄮꈉ,
    Daylight: Warsawꃅꎸꄮꈉ
  },
  Europe/Zagreb: {
    Generic: Zagrebꄮꈉ,
    Standard: Zagrebꎕꏦꄮꈉ,
    Daylight: Zagrebꃅꎸꄮꈉ
  },
  Europe/Zaporozhye: {
    Generic: Kievꄮꈉ,
    Standard: Kievꎕꏦꄮꈉ,
    Daylight: Kievꃅꎸꄮꈉ
  },
  Europe/Zurich: {
    Generic: Zurichꄮꈉ,
    Standard: Zurichꎕꏦꄮꈉ,
    Daylight: Zurichꃅꎸꄮꈉ
  },
  GB: {
    Generic: ꋧꃅꎕꏦꄮꈉ,
    Standard: ꋧꃅꎕꏦꄮꈉ,
    Daylight: ꋧꃅꎕꏦꄮꈉ
  },
  GB-Eire: {
    Generic: ꋧꃅꎕꏦꄮꈉ,
    Standard: ꋧꃅꎕꏦꄮꈉ,
    Daylight: ꋧꃅꎕꏦꄮꈉ
  },
  GMT: {
    Generic: ꋧꃅꎕꏦꄮꈉ,
    Standard: ꋧꃅꎕꏦꄮꈉ,
    Daylight: ꋧꃅꎕꏦꄮꈉ
  },
  GMT+0: {
    Generic: ꋧꃅꎕꏦꄮꈉ,
    Standard: ꋧꃅꎕꏦꄮꈉ,
    Daylight: ꋧꃅꎕꏦꄮꈉ
  },
  GMT-0: {
    Generic: ꋧꃅꎕꏦꄮꈉ,
    Standard: ꋧꃅꎕꏦꄮꈉ,
    Daylight: ꋧꃅꎕꏦꄮꈉ
  },
  GMT0: {
    Generic: ꋧꃅꎕꏦꄮꈉ,
    Standard: ꋧꃅꎕꏦꄮꈉ,
    Daylight: ꋧꃅꎕꏦꄮꈉ
  },
  Greenwich: {
    Generic: ꋧꃅꎕꏦꄮꈉ,
    Standard: ꋧꃅꎕꏦꄮꈉ,
    Daylight: ꋧꃅꎕꏦꄮꈉ
  },
  HST: {
    Generic: ꂰꇩꄮꈉ,
    Standard: ꂰꇩꎕꏦꄮꈉ,
    Daylight: ꂰꇩꃅꎸꄮꈉ
  },
  Hongkong: {
    Generic: Hong Kongꄮꈉ,
    Standard: Hong Kongꎕꏦꄮꈉ,
    Daylight: Hong Kongꃅꎸꄮꈉ
  },
  Iceland: {
    Generic: ꋧꃅꎕꏦꄮꈉ,
    Standard: ꋧꃅꎕꏦꄮꈉ,
    Daylight: ꋧꃅꎕꏦꄮꈉ
  },
  Indian/Antananarivo: {
    Generic: Antananarivoꄮꈉ,
    Standard: Antananarivoꎕꏦꄮꈉ,
    Daylight: Antananarivoꃅꎸꄮꈉ
  },
  Indian/Chagos: {
    Generic: Chagosꄮꈉ,
    Standard: Chagosꎕꏦꄮꈉ,
    Daylight: Chagosꃅꎸꄮꈉ
  },
  Indian/Christmas: {
    Generic: Christmasꄮꈉ,
    Standard: Christmasꎕꏦꄮꈉ,
    Daylight: Christmasꃅꎸꄮꈉ
  },
  Indian/Cocos: {
    Generic: Cocosꄮꈉ,
    Standard: Cocosꎕꏦꄮꈉ,
    Daylight: Cocosꃅꎸꄮꈉ
  },
  Indian/Comoro: {
    Generic: Comoroꄮꈉ,
    Standard: Comoroꎕꏦꄮꈉ,
    Daylight: Comoroꃅꎸꄮꈉ
  },
  Indian/Kerguelen: {
    Generic: Kerguelenꄮꈉ,
    Standard: Kerguelenꎕꏦꄮꈉ,
    Daylight: Kerguelenꃅꎸꄮꈉ
  },
  Indian/Mahe: {
    Generic: Maheꄮꈉ,
    Standard: Maheꎕꏦꄮꈉ,
    Daylight: Maheꃅꎸꄮꈉ
  },
  Indian/Maldives: {
    Generic: Maldivesꄮꈉ,
    Standard: Maldivesꎕꏦꄮꈉ,
    Daylight: Maldivesꃅꎸꄮꈉ
  },
  Indian/Mauritius: {
    Generic: Mauritiusꄮꈉ,
    Standard: Mauritiusꎕꏦꄮꈉ,
    Daylight: Mauritiusꃅꎸꄮꈉ
  },
  Indian/Mayotte: {
    Generic: Mayotteꄮꈉ,
    Standard: Mayotteꎕꏦꄮꈉ,
    Daylight: Mayotteꃅꎸꄮꈉ
  },
  Indian/Reunion: {
    Generic: Reunionꄮꈉ,
    Standard: Reunionꎕꏦꄮꈉ,
    Daylight: Reunionꃅꎸꄮꈉ
  },
  Iran: {
    Generic: Tehranꄮꈉ,
    Standard: Tehranꎕꏦꄮꈉ,
    Daylight: Tehranꃅꎸꄮꈉ
  },
  Israel: {
    Generic: Jerusalemꄮꈉ,
    Standard: Jerusalemꎕꏦꄮꈉ,
    Daylight: Jerusalemꃅꎸꄮꈉ
  },
  Jamaica: {
    Generic: Jamaicaꄮꈉ,
    Standard: Jamaicaꎕꏦꄮꈉ,
    Daylight: Jamaicaꃅꎸꄮꈉ
  },
  Japan: {
    Generic: ꏝꀪꄮꈉ,
    Standard: ꏝꀪꎕꏦꄮꈉ,
    Daylight: ꏝꀪꃅꎸꄮꈉ
  },
  Kwajalein: {
    Generic: Kwajaleinꄮꈉ,
    Standard: Kwajaleinꎕꏦꄮꈉ,
    Daylight: Kwajaleinꃅꎸꄮꈉ
  },
  Libya: {
    Generic: Tripoliꄮꈉ,
    Standard: Tripoliꎕꏦꄮꈉ,
    Daylight: Tripoliꃅꎸꄮꈉ
  },
  MET: {
    Generic: ꄓꇩꄮꈉ,
    Standard: ꄓꇩꎕꏦꄮꈉ,
    Daylight: ꄓꇩꃅꎸꄮꈉ
  },
  MST: {
    Generic: ꂰꇩꄮꈉ,
    Standard: ꂰꇩꎕꏦꄮꈉ,
    Daylight: ꂰꇩꃅꎸꄮꈉ
  },
  MST7MDT: {
    Generic: ꂰꇩꄮꈉ,
    Standard: ꂰꇩꎕꏦꄮꈉ,
    Daylight: ꂰꇩꃅꎸꄮꈉ
  },
  Mexico/BajaNorte: {
    Generic: ꃀꑭꇬꄮꈉ,
    Standard: ꃀꑭꇬꎕꏦꄮꈉ,
    Daylight: ꃀꑭꇬꃅꎸꄮꈉ
  },
  Mexico/BajaSur: {
    Generic: ꃀꑭꇬꄮꈉ,
    Standard: ꃀꑭꇬꎕꏦꄮꈉ,
    Daylight: ꃀꑭꇬꃅꎸꄮꈉ
  },
  Mexico/General: {
    Generic: ꃀꑭꇬꄮꈉ,
    Standard: ꃀꑭꇬꎕꏦꄮꈉ,
    Daylight: ꃀꑭꇬꃅꎸꄮꈉ
  },
  NZ: {
    Generic: Aucklandꄮꈉ,
    Standard: Aucklandꎕꏦꄮꈉ,
    Daylight: Aucklandꃅꎸꄮꈉ
  },
  NZ-CHAT: {
    Generic: Chathamꄮꈉ,
    Standard: Chathamꎕꏦꄮꈉ,
    Daylight: Chathamꃅꎸꄮꈉ
  },
  Navajo: {
    Generic: ꂰꇩꄮꈉ,
    Standard: ꂰꇩꎕꏦꄮꈉ,
    Daylight: ꂰꇩꃅꎸꄮꈉ
  },
  PRC: {
    Generic: ꍏꇩꄮꈉ,
    Standard: ꍏꇩꎕꏦꄮꈉ,
    Daylight: ꍏꇩꃅꎸꄮꈉ
  },
  PST8PDT: {
    Generic: ꂰꇩꄮꈉ,
    Standard: ꂰꇩꎕꏦꄮꈉ,
    Daylight: ꂰꇩꃅꎸꄮꈉ
  },
  Pacific/Apia: {
    Generic: Apiaꄮꈉ,
    Standard: Apiaꎕꏦꄮꈉ,
    Daylight: Apiaꃅꎸꄮꈉ
  },
  Pacific/Auckland: {
    Generic: Aucklandꄮꈉ,
    Standard: Aucklandꎕꏦꄮꈉ,
    Daylight: Aucklandꃅꎸꄮꈉ
  },
  Pacific/Bougainville: {
    Generic: Bougainvilleꄮꈉ,
    Standard: Bougainvilleꎕꏦꄮꈉ,
    Daylight: Bougainvilleꃅꎸꄮꈉ
  },
  Pacific/Chatham: {
    Generic: Chathamꄮꈉ,
    Standard: Chathamꎕꏦꄮꈉ,
    Daylight: Chathamꃅꎸꄮꈉ
  },
  Pacific/Chuuk: {
    Generic: Trukꄮꈉ,
    Standard: Trukꎕꏦꄮꈉ,
    Daylight: Trukꃅꎸꄮꈉ
  },
  Pacific/Easter: {
    Generic: Easterꄮꈉ,
    Standard: Easterꎕꏦꄮꈉ,
    Daylight: Easterꃅꎸꄮꈉ
  },
  Pacific/Efate: {
    Generic: Efateꄮꈉ,
    Standard: Efateꎕꏦꄮꈉ,
    Daylight: Efateꃅꎸꄮꈉ
  },
  Pacific/Enderbury: {
    Generic: Enderburyꄮꈉ,
    Standard: Enderburyꎕꏦꄮꈉ,
    Daylight: Enderburyꃅꎸꄮꈉ
  },
  Pacific/Fakaofo: {
    Generic: Fakaofoꄮꈉ,
    Standard: Fakaofoꎕꏦꄮꈉ,
    Daylight: Fakaofoꃅꎸꄮꈉ
  },
  Pacific/Fiji: {
    Generic: Fijiꄮꈉ,
    Standard: Fijiꎕꏦꄮꈉ,
    Daylight: Fijiꃅꎸꄮꈉ
  },
  Pacific/Funafuti: {
    Generic: Funafutiꄮꈉ,
    Standard: Funafutiꎕꏦꄮꈉ,
    Daylight: Funafutiꃅꎸꄮꈉ
  },
  Pacific/Galapagos: {
    Generic: Galapagosꄮꈉ,
    Standard: Galapagosꎕꏦꄮꈉ,
    Daylight: Galapagosꃅꎸꄮꈉ
  },
  Pacific/Gambier: {
    Generic: Gambierꄮꈉ,
    Standard: Gambierꎕꏦꄮꈉ,
    Daylight: Gambierꃅꎸꄮꈉ
  },
  Pacific/Guadalcanal: {
    Generic: Guadalcanalꄮꈉ,
    Standard: Guadalcanalꎕꏦꄮꈉ,
    Daylight: Guadalcanalꃅꎸꄮꈉ
  },
  Pacific/Guam: {
    Generic: Guamꄮꈉ,
    Standard: Guamꎕꏦꄮꈉ,
    Daylight: Guamꃅꎸꄮꈉ
  },
  Pacific/Honolulu: {
    Generic: ꂰꇩꄮꈉ,
    Standard: ꂰꇩꎕꏦꄮꈉ,
    Daylight: ꂰꇩꃅꎸꄮꈉ
  },
  Pacific/Johnston: {
    Generic: ꂰꇩꄮꈉ,
    Standard: ꂰꇩꎕꏦꄮꈉ,
    Daylight: ꂰꇩꃅꎸꄮꈉ
  },
  Pacific/Kanton: {
    Generic: Enderburyꄮꈉ,
    Standard: Enderburyꎕꏦꄮꈉ,
    Daylight: Enderburyꃅꎸꄮꈉ
  },
  Pacific/Kiritimati: {
    Generic: Kiritimatiꄮꈉ,
    Standard: Kiritimatiꎕꏦꄮꈉ,
    Daylight: Kiritimatiꃅꎸꄮꈉ
  },
  Pacific/Kosrae: {
    Generic: Kosraeꄮꈉ,
    Standard: Kosraeꎕꏦꄮꈉ,
    Daylight: Kosraeꃅꎸꄮꈉ
  },
  Pacific/Kwajalein: {
    Generic: Kwajaleinꄮꈉ,
    Standard: Kwajaleinꎕꏦꄮꈉ,
    Daylight: Kwajaleinꃅꎸꄮꈉ
  },
  Pacific/Majuro: {
    Generic: Majuroꄮꈉ,
    Standard: Majuroꎕꏦꄮꈉ,
    Daylight: Majuroꃅꎸꄮꈉ
  },
  Pacific/Marquesas: {
    Generic: Marquesasꄮꈉ,
    Standard: Marquesasꎕꏦꄮꈉ,
    Daylight: Marquesasꃅꎸꄮꈉ
  },
  Pacific/Midway: {
    Generic: Midwayꄮꈉ,
    Standard: Midwayꎕꏦꄮꈉ,
    Daylight: Midwayꃅꎸꄮꈉ
  },
  Pacific/Nauru: {
    Generic: Nauruꄮꈉ,
    Standard: Nauruꎕꏦꄮꈉ,
    Daylight: Nauruꃅꎸꄮꈉ
  },
  Pacific/Niue: {
    Generic: Niueꄮꈉ,
    Standard: Niueꎕꏦꄮꈉ,
    Daylight: Niueꃅꎸꄮꈉ
  },
  Pacific/Norfolk: {
    Generic: Norfolkꄮꈉ,
    Standard: Norfolkꎕꏦꄮꈉ,
    Daylight: Norfolkꃅꎸꄮꈉ
  },
  Pacific/Noumea: {
    Generic: Noumeaꄮꈉ,
    Standard: Noumeaꎕꏦꄮꈉ,
    Daylight: Noumeaꃅꎸꄮꈉ
  },
  Pacific/Pago_Pago: {
    Generic: Pago Pagoꄮꈉ,
    Standard: Pago Pagoꎕꏦꄮꈉ,
    Daylight: Pago Pagoꃅꎸꄮꈉ
  },
  Pacific/Palau: {
    Generic: Palauꄮꈉ,
    Standard: Palauꎕꏦꄮꈉ,
    Daylight: Palauꃅꎸꄮꈉ
  },
  Pacific/Pitcairn: {
    Generic: Pitcairnꄮꈉ,
    Standard: Pitcairnꎕꏦꄮꈉ,
    Daylight: Pitcairnꃅꎸꄮꈉ
  },
  Pacific/Pohnpei: {
    Generic: Ponapeꄮꈉ,
    Standard: Ponapeꎕꏦꄮꈉ,
    Daylight: Ponapeꃅꎸꄮꈉ
  },
  Pacific/Ponape: {
    Generic: Ponapeꄮꈉ,
    Standard: Ponapeꎕꏦꄮꈉ,
    Daylight: Ponapeꃅꎸꄮꈉ
  },
  Pacific/Port_Moresby: {
    Generic: Port Moresbyꄮꈉ,
    Standard: Port Moresbyꎕꏦꄮꈉ,
    Daylight: Port Moresbyꃅꎸꄮꈉ
  },
  Pacific/Rarotonga: {
    Generic: Rarotongaꄮꈉ,
    Standard: Rarotongaꎕꏦꄮꈉ,
    Daylight: Rarotongaꃅꎸꄮꈉ
  },
  Pacific/Saipan: {
    Generic: Saipanꄮꈉ,
    Standard: Saipanꎕꏦꄮꈉ,
    Daylight: Saipanꃅꎸꄮꈉ
  },
  Pacific/Samoa: {
    Generic: Pago Pagoꄮꈉ,
    Standard: Pago Pagoꎕꏦꄮꈉ,
    Daylight: Pago Pagoꃅꎸꄮꈉ
  },
  Pacific/Tahiti: {
    Generic: Tahitiꄮꈉ,
    Standard: Tahitiꎕꏦꄮꈉ,
    Daylight: Tahitiꃅꎸꄮꈉ
  },
  Pacific/Tarawa: {
    Generic: Tarawaꄮꈉ,
    Standard: Tarawaꎕꏦꄮꈉ,
    Daylight: Tarawaꃅꎸꄮꈉ
  },
  Pacific/Tongatapu: {
    Generic: Tongatapuꄮꈉ,
    Standard: Tongatapuꎕꏦꄮꈉ,
    Daylight: Tongatapuꃅꎸꄮꈉ
  },
  Pacific/Truk: {
    Generic: Trukꄮꈉ,
    Standard: Trukꎕꏦꄮꈉ,
    Daylight: Trukꃅꎸꄮꈉ
  },
  Pacific/Wake: {
    Generic: Wakeꄮꈉ,
    Standard: Wakeꎕꏦꄮꈉ,
    Daylight: Wakeꃅꎸꄮꈉ
  },
  Pacific/Wallis: {
    Generic: Wallisꄮꈉ,
    Standard: Wallisꎕꏦꄮꈉ,
    Daylight: Wallisꃅꎸꄮꈉ
  },
  Pacific/Yap: {
    Generic: Trukꄮꈉ,
    Standard: Trukꎕꏦꄮꈉ,
    Daylight: Trukꃅꎸꄮꈉ
  },
  Poland: {
    Generic: Warsawꄮꈉ,
    Standard: Warsawꎕꏦꄮꈉ,
    Daylight: Warsawꃅꎸꄮꈉ
  },
  Portugal: {
    Generic: Lisbonꄮꈉ,
    Standard: Lisbonꎕꏦꄮꈉ,
    Daylight: Lisbonꃅꎸꄮꈉ
  },
  ROC: {
    Generic: Taipeiꄮꈉ,
    Standard: Taipeiꎕꏦꄮꈉ,
    Daylight: Taipeiꃅꎸꄮꈉ
  },
  ROK: {
    Generic: Seoulꄮꈉ,
    Standard: Seoulꎕꏦꄮꈉ,
    Daylight: Seoulꃅꎸꄮꈉ
  },
  Singapore: {
    Generic: Singaporeꄮꈉ,
    Standard: Singaporeꎕꏦꄮꈉ,
    Daylight: Singaporeꃅꎸꄮꈉ
  },
  Turkey: {
    Generic: Istanbulꄮꈉ,
    Standard: Istanbulꎕꏦꄮꈉ,
    Daylight: Istanbulꃅꎸꄮꈉ
  },
  UCT: {
    Generic: UTCꄮꈉ,
    Standard: UTCꎕꏦꄮꈉ,
    Daylight: UTCꃅꎸꄮꈉ
  },
  US/Alaska: {
    Generic: ꂰꇩꄮꈉ,
    Standard: ꂰꇩꎕꏦꄮꈉ,
    Daylight: ꂰꇩꃅꎸꄮꈉ
  },
  US/Aleutian: {
    Generic: ꂰꇩꄮꈉ,
    Standard: ꂰꇩꎕꏦꄮꈉ,
    Daylight: ꂰꇩꃅꎸꄮꈉ
  },
  US/Arizona: {
    Generic: ꂰꇩꄮꈉ,
    Standard: ꂰꇩꎕꏦꄮꈉ,
    Daylight: ꂰꇩꃅꎸꄮꈉ
  },
  US/Central: {
    Generic: ꂰꇩꄮꈉ,
    Standard: ꂰꇩꎕꏦꄮꈉ,
    Daylight: ꂰꇩꃅꎸꄮꈉ
  },
  US/East-Indiana: {
    Generic: ꂰꇩꄮꈉ,
    Standard: ꂰꇩꎕꏦꄮꈉ,
    Daylight: ꂰꇩꃅꎸꄮꈉ
  },
  US/Eastern: {
    Generic: ꂰꇩꄮꈉ,
    Standard: ꂰꇩꎕꏦꄮꈉ,
    Daylight: ꂰꇩꃅꎸꄮꈉ
  },
  US/Hawaii: {
    Generic: ꂰꇩꄮꈉ,
    Standard: ꂰꇩꎕꏦꄮꈉ,
    Daylight: ꂰꇩꃅꎸꄮꈉ
  },
  US/Indiana-Starke: {
    Generic: ꂰꇩꄮꈉ,
    Standard: ꂰꇩꎕꏦꄮꈉ,
    Daylight: ꂰꇩꃅꎸꄮꈉ
  },
  US/Michigan: {
    Generic: ꂰꇩꄮꈉ,
    Standard: ꂰꇩꎕꏦꄮꈉ,
    Daylight: ꂰꇩꃅꎸꄮꈉ
  },
  US/Mountain: {
    Generic: ꂰꇩꄮꈉ,
    Standard: ꂰꇩꎕꏦꄮꈉ,
    Daylight: ꂰꇩꃅꎸꄮꈉ
  },
  US/Pacific: {
    Generic: ꂰꇩꄮꈉ,
    Standard: ꂰꇩꎕꏦꄮꈉ,
    Daylight: ꂰꇩꃅꎸꄮꈉ
  },
  US/Samoa: {
    Generic: Pago Pagoꄮꈉ,
    Standard: Pago Pagoꎕꏦꄮꈉ,
    Daylight: Pago Pagoꃅꎸꄮꈉ
  },
  UTC: {
    Generic: UTCꄮꈉ,
    Standard: UTCꎕꏦꄮꈉ,
    Daylight: UTCꃅꎸꄮꈉ
  },
  Universal: {
    Generic: UTCꄮꈉ,
    Standard: UTCꎕꏦꄮꈉ,
    Daylight: UTCꃅꎸꄮꈉ
  },
  W-SU: {
    Generic: Moscowꄮꈉ,
    Standard: Moscowꎕꏦꄮꈉ,
    Daylight: Moscowꃅꎸꄮꈉ
  },
  WET: {
    Generic: Canaryꄮꈉ,
    Standard: Canaryꎕꏦꄮꈉ,
    Daylight: Canaryꃅꎸꄮꈉ
  },
  Zulu: {
    Generic: UTCꄮꈉ,
    Standard: UTCꎕꏦꄮꈉ,
    Daylight: UTCꃅꎸꄮꈉ
  }
}