{
  Africa/Abidjan: {
    Generic: Ntángo ya Londoni,
    Standard: Ntángo ya Londoni,
    Daylight: Ntángo ya Londoni
  },
  Africa/Accra: {
    Generic: Ntángo ya Londoni,
    Standard: Ntángo ya Londoni,
    Daylight: Ntángo ya Londoni
  },
  Africa/Addis_Ababa: {
    Generic: Ntángo ya Afríka ya Ɛ́sita,
    Standard: Ntángo ya Afríka ya Ɛ́sita,
    Daylight: Ntángo ya Afríka ya Ɛ́sita
  },
  Africa/Algiers: {
    Generic: Ngonga ya Alizɛri
  },
  Africa/Asmara: {
    Generic: Ntángo ya Afríka ya Ɛ́sita,
    Standard: Ntángo ya Afríka ya Ɛ́sita,
    Daylight: Ntángo ya Afríka ya Ɛ́sita
  },
  Africa/Asmera: {
    Generic: Ntángo ya Afríka ya Ɛ́sita,
    Standard: Ntángo ya Afríka ya Ɛ́sita,
    Daylight: Ntángo ya Afríka ya Ɛ́sita
  },
  Africa/Bamako: {
    Generic: Ntángo ya Londoni,
    Standard: Ntángo ya Londoni,
    Daylight: Ntángo ya Londoni
  },
  Africa/Bangui: {
    Generic: Ngonga ya Repibiki ya Afríka ya Káti
  },
  Africa/Banjul: {
    Generic: Ntángo ya Londoni,
    Standard: Ntángo ya Londoni,
    Daylight: Ntángo ya Londoni
  },
  Africa/Bissau: {
    Generic: Ntángo ya Londoni,
    Standard: Ntángo ya Londoni,
    Daylight: Ntángo ya Londoni
  },
  Africa/Blantyre: {
    Generic: Ntángo ya Lubumbashi,
    Standard: Ntángo ya Lubumbashi,
    Daylight: Ntángo ya Lubumbashi
  },
  Africa/Brazzaville: {
    Generic: Ngonga ya Kongo
  },
  Africa/Bujumbura: {
    Generic: Ntángo ya Lubumbashi,
    Standard: Ntángo ya Lubumbashi,
    Daylight: Ntángo ya Lubumbashi
  },
  Africa/Cairo: {
    Generic: Ngonga ya Ezípite
  },
  Africa/Casablanca: {
    Generic: Ngonga ya Marokɛ
  },
  Africa/Ceuta: {
    Generic: Ngonga ya Esipanye
  },
  Africa/Conakry: {
    Generic: Ntángo ya Londoni,
    Standard: Ntángo ya Londoni,
    Daylight: Ntángo ya Londoni
  },
  Africa/Dakar: {
    Generic: Ntángo ya Londoni,
    Standard: Ntángo ya Londoni,
    Daylight: Ntángo ya Londoni
  },
  Africa/Dar_es_Salaam: {
    Generic: Ntángo ya Afríka ya Ɛ́sita,
    Standard: Ntángo ya Afríka ya Ɛ́sita,
    Daylight: Ntángo ya Afríka ya Ɛ́sita
  },
  Africa/Djibouti: {
    Generic: Ntángo ya Afríka ya Ɛ́sita,
    Standard: Ntángo ya Afríka ya Ɛ́sita,
    Daylight: Ntángo ya Afríka ya Ɛ́sita
  },
  Africa/Douala: {
    Generic: Ngonga ya Kamɛrune
  },
  Africa/El_Aaiun: {
    Generic: Ngonga ya Sahara ya Limbɛ
  },
  Africa/Freetown: {
    Generic: Ntángo ya Londoni,
    Standard: Ntángo ya Londoni,
    Daylight: Ntángo ya Londoni
  },
  Africa/Gaborone: {
    Generic: Ntángo ya Lubumbashi,
    Standard: Ntángo ya Lubumbashi,
    Daylight: Ntángo ya Lubumbashi
  },
  Africa/Harare: {
    Generic: Ntángo ya Lubumbashi,
    Standard: Ntángo ya Lubumbashi,
    Daylight: Ntángo ya Lubumbashi
  },
  Africa/Johannesburg: {
    Generic: Ntángo ya Afríka ya Sidi,
    Standard: Ntángo ya Afríka ya Sidi,
    Daylight: Ntángo ya Afríka ya Sidi
  },
  Africa/Juba: {
    Generic: Ntángo ya Lubumbashi,
    Standard: Ntángo ya Lubumbashi,
    Daylight: Ntángo ya Lubumbashi
  },
  Africa/Kampala: {
    Generic: Ntángo ya Afríka ya Ɛ́sita,
    Standard: Ntángo ya Afríka ya Ɛ́sita,
    Daylight: Ntángo ya Afríka ya Ɛ́sita
  },
  Africa/Khartoum: {
    Generic: Ntángo ya Lubumbashi,
    Standard: Ntángo ya Lubumbashi,
    Daylight: Ntángo ya Lubumbashi
  },
  Africa/Kigali: {
    Generic: Ntángo ya Lubumbashi,
    Standard: Ntángo ya Lubumbashi,
    Daylight: Ntángo ya Lubumbashi
  },
  Africa/Kinshasa: {
    Generic: Ngonga ya Republíki ya Kongó Demokratíki
  },
  Africa/Lagos: {
    Generic: Ngonga ya Nizerya
  },
  Africa/Libreville: {
    Generic: Ngonga ya Gabɔ
  },
  Africa/Lome: {
    Generic: Ntángo ya Londoni,
    Standard: Ntángo ya Londoni,
    Daylight: Ntángo ya Londoni
  },
  Africa/Luanda: {
    Generic: Ngonga ya Angóla
  },
  Africa/Lubumbashi: {
    Generic: Ntángo ya Lubumbashi,
    Standard: Ntángo ya Lubumbashi,
    Daylight: Ntángo ya Lubumbashi
  },
  Africa/Lusaka: {
    Generic: Ntángo ya Lubumbashi,
    Standard: Ntángo ya Lubumbashi,
    Daylight: Ntángo ya Lubumbashi
  },
  Africa/Malabo: {
    Generic: Ngonga ya Ginɛ́kwatɛ́lɛ
  },
  Africa/Maputo: {
    Generic: Ntángo ya Lubumbashi,
    Standard: Ntángo ya Lubumbashi,
    Daylight: Ntángo ya Lubumbashi
  },
  Africa/Maseru: {
    Generic: Ntángo ya Afríka ya Sidi,
    Standard: Ntángo ya Afríka ya Sidi,
    Daylight: Ntángo ya Afríka ya Sidi
  },
  Africa/Mbabane: {
    Generic: Ntángo ya Afríka ya Sidi,
    Standard: Ntángo ya Afríka ya Sidi,
    Daylight: Ntángo ya Afríka ya Sidi
  },
  Africa/Mogadishu: {
    Generic: Ntángo ya Afríka ya Ɛ́sita,
    Standard: Ntángo ya Afríka ya Ɛ́sita,
    Daylight: Ntángo ya Afríka ya Ɛ́sita
  },
  Africa/Monrovia: {
    Generic: Ntángo ya Londoni,
    Standard: Ntángo ya Londoni,
    Daylight: Ntángo ya Londoni
  },
  Africa/Nairobi: {
    Generic: Ntángo ya Afríka ya Ɛ́sita,
    Standard: Ntángo ya Afríka ya Ɛ́sita,
    Daylight: Ntángo ya Afríka ya Ɛ́sita
  },
  Africa/Ndjamena: {
    Generic: Ngonga ya Tsádi
  },
  Africa/Niamey: {
    Generic: Ngonga ya Nizɛrɛ
  },
  Africa/Nouakchott: {
    Generic: Ntángo ya Londoni,
    Standard: Ntángo ya Londoni,
    Daylight: Ntángo ya Londoni
  },
  Africa/Ouagadougou: {
    Generic: Ntángo ya Londoni,
    Standard: Ntángo ya Londoni,
    Daylight: Ntángo ya Londoni
  },
  Africa/Porto-Novo: {
    Generic: Ngonga ya Benɛ
  },
  Africa/Sao_Tome: {
    Generic: Ntángo ya Londoni,
    Standard: Ntángo ya Londoni,
    Daylight: Ntángo ya Londoni
  },
  Africa/Timbuktu: {
    Generic: Ntángo ya Londoni,
    Standard: Ntángo ya Londoni,
    Daylight: Ntángo ya Londoni
  },
  Africa/Tripoli: {
    Generic: Ngonga ya Libí
  },
  Africa/Tunis: {
    Generic: Ngonga ya Tinizi
  },
  Africa/Windhoek: {
    Generic: Ntángo ya Lubumbashi,
    Standard: Ntángo ya Lubumbashi,
    Daylight: Ntángo ya Lubumbashi
  },
  America/Adak: {
    Generic: Ngonga ya Ameriki
  },
  America/Anchorage: {
    Generic: Ngonga ya Ameriki
  },
  America/Anguilla: {
    Generic: Ngonga ya Angiyɛ
  },
  America/Antigua: {
    Generic: Ngonga ya Antiga mpé Barbuda
  },
  America/Araguaina: {
    Generic: Ngonga ya Brezílɛ
  },
  America/Argentina/Buenos_Aires: {
    Generic: Ngonga ya Arizantinɛ
  },
  America/Argentina/Catamarca: {
    Generic: Ngonga ya Arizantinɛ
  },
  America/Argentina/ComodRivadavia: {
    Generic: Ngonga ya Arizantinɛ
  },
  America/Argentina/Cordoba: {
    Generic: Ngonga ya Arizantinɛ
  },
  America/Argentina/Jujuy: {
    Generic: Ngonga ya Arizantinɛ
  },
  America/Argentina/La_Rioja: {
    Generic: Ngonga ya Arizantinɛ
  },
  America/Argentina/Mendoza: {
    Generic: Ngonga ya Arizantinɛ
  },
  America/Argentina/Rio_Gallegos: {
    Generic: Ngonga ya Arizantinɛ
  },
  America/Argentina/Salta: {
    Generic: Ngonga ya Arizantinɛ
  },
  America/Argentina/San_Juan: {
    Generic: Ngonga ya Arizantinɛ
  },
  America/Argentina/San_Luis: {
    Generic: Ngonga ya Arizantinɛ
  },
  America/Argentina/Tucuman: {
    Generic: Ngonga ya Arizantinɛ
  },
  America/Argentina/Ushuaia: {
    Generic: Ngonga ya Arizantinɛ
  },
  America/Aruba: {
    Generic: Ngonga ya Aruba
  },
  America/Asuncion: {
    Generic: Ngonga ya Palagwei
  },
  America/Atikokan: {
    Generic: Ngonga ya Kanada
  },
  America/Atka: {
    Generic: Ngonga ya Ameriki
  },
  America/Bahia: {
    Generic: Ngonga ya Brezílɛ
  },
  America/Bahia_Banderas: {
    Generic: Ngonga ya Meksike
  },
  America/Barbados: {
    Generic: Ngonga ya Barɛbadɛ
  },
  America/Belem: {
    Generic: Ngonga ya Brezílɛ
  },
  America/Belize: {
    Generic: Ngonga ya Belizɛ
  },
  America/Blanc-Sablon: {
    Generic: Ngonga ya Kanada
  },
  America/Boa_Vista: {
    Generic: Ngonga ya Brezílɛ
  },
  America/Bogota: {
    Generic: Ngonga ya Kolombi
  },
  America/Boise: {
    Generic: Ngonga ya Ameriki
  },
  America/Buenos_Aires: {
    Generic: Ngonga ya Arizantinɛ
  },
  America/Cambridge_Bay: {
    Generic: Ngonga ya Kanada
  },
  America/Campo_Grande: {
    Generic: Ngonga ya Brezílɛ
  },
  America/Cancun: {
    Generic: Ngonga ya Meksike
  },
  America/Caracas: {
    Generic: Ngonga ya Venézuela
  },
  America/Catamarca: {
    Generic: Ngonga ya Arizantinɛ
  },
  America/Cayenne: {
    Generic: Ngonga ya Giyanɛ ya Falánsɛ
  },
  America/Cayman: {
    Generic: Ngonga ya Bisanga bya Kayíma
  },
  America/Chicago: {
    Generic: Ngonga ya Ameriki
  },
  America/Chihuahua: {
    Generic: Ngonga ya Meksike
  },
  America/Ciudad_Juarez: {
    Generic: Ngonga ya Meksike
  },
  America/Coral_Harbour: {
    Generic: Ngonga ya Kanada
  },
  America/Cordoba: {
    Generic: Ngonga ya Arizantinɛ
  },
  America/Costa_Rica: {
    Generic: Ngonga ya Kositarika
  },
  America/Coyhaique: {
    Generic: Ngonga ya Síli
  },
  America/Creston: {
    Generic: Ngonga ya Kanada
  },
  America/Cuiaba: {
    Generic: Ngonga ya Brezílɛ
  },
  America/Curacao: {
    Generic: Ngonga ya Curacao
  },
  America/Danmarkshavn: {
    Generic: Ntángo ya Londoni,
    Standard: Ntángo ya Londoni,
    Daylight: Ntángo ya Londoni
  },
  America/Dawson: {
    Generic: Ngonga ya Kanada
  },
  America/Dawson_Creek: {
    Generic: Ngonga ya Kanada
  },
  America/Denver: {
    Generic: Ngonga ya Ameriki
  },
  America/Detroit: {
    Generic: Ngonga ya Ameriki
  },
  America/Dominica: {
    Generic: Ngonga ya Domínike
  },
  America/Edmonton: {
    Generic: Ngonga ya Kanada
  },
  America/Eirunepe: {
    Generic: Ngonga ya Brezílɛ
  },
  America/El_Salvador: {
    Generic: Ngonga ya Savadɔrɛ
  },
  America/Ensenada: {
    Generic: Ngonga ya Meksike
  },
  America/Fort_Nelson: {
    Generic: Ngonga ya Kanada
  },
  America/Fort_Wayne: {
    Generic: Ngonga ya Ameriki
  },
  America/Fortaleza: {
    Generic: Ngonga ya Brezílɛ
  },
  America/Glace_Bay: {
    Generic: Ngonga ya Kanada
  },
  America/Godthab: {
    Generic: Ngonga ya Gowelande
  },
  America/Goose_Bay: {
    Generic: Ngonga ya Kanada
  },
  America/Grand_Turk: {
    Generic: Ngonga ya Bisanga bya Turki mpé Kaiko
  },
  America/Grenada: {
    Generic: Ngonga ya Gelenadɛ
  },
  America/Guadeloupe: {
    Generic: Ngonga ya Gwadɛlupɛ
  },
  America/Guatemala: {
    Generic: Ngonga ya Gwatémala
  },
  America/Guayaquil: {
    Generic: Ngonga ya Ekwatɛ́lɛ
  },
  America/Guyana: {
    Generic: Ngonga ya Giyane
  },
  America/Halifax: {
    Generic: Ngonga ya Kanada
  },
  America/Havana: {
    Generic: Ngonga ya Kiba
  },
  America/Hermosillo: {
    Generic: Ngonga ya Meksike
  },
  America/Indiana/Indianapolis: {
    Generic: Ngonga ya Ameriki
  },
  America/Indiana/Knox: {
    Generic: Ngonga ya Ameriki
  },
  America/Indiana/Marengo: {
    Generic: Ngonga ya Ameriki
  },
  America/Indiana/Petersburg: {
    Generic: Ngonga ya Ameriki
  },
  America/Indiana/Tell_City: {
    Generic: Ngonga ya Ameriki
  },
  America/Indiana/Vevay: {
    Generic: Ngonga ya Ameriki
  },
  America/Indiana/Vincennes: {
    Generic: Ngonga ya Ameriki
  },
  America/Indiana/Winamac: {
    Generic: Ngonga ya Ameriki
  },
  America/Indianapolis: {
    Generic: Ngonga ya Ameriki
  },
  America/Inuvik: {
    Generic: Ngonga ya Kanada
  },
  America/Iqaluit: {
    Generic: Ngonga ya Kanada
  },
  America/Jamaica: {
    Generic: Ngonga ya Zamaiki
  },
  America/Jujuy: {
    Generic: Ngonga ya Arizantinɛ
  },
  America/Juneau: {
    Generic: Ngonga ya Ameriki
  },
  America/Kentucky/Louisville: {
    Generic: Ngonga ya Ameriki
  },
  America/Kentucky/Monticello: {
    Generic: Ngonga ya Ameriki
  },
  America/Knox_IN: {
    Generic: Ngonga ya Ameriki
  },
  America/Kralendijk: {
    Generic: Ngonga ya Kralendijk
  },
  America/La_Paz: {
    Generic: Ngonga ya Bolivi
  },
  America/Lima: {
    Generic: Ngonga ya Péru
  },
  America/Los_Angeles: {
    Generic: Ngonga ya Ameriki
  },
  America/Louisville: {
    Generic: Ngonga ya Ameriki
  },
  America/Lower_Princes: {
    Generic: Ngonga ya Lower Princes
  },
  America/Maceio: {
    Generic: Ngonga ya Brezílɛ
  },
  America/Managua: {
    Generic: Ngonga ya Nikaragwa
  },
  America/Manaus: {
    Generic: Ngonga ya Brezílɛ
  },
  America/Marigot: {
    Generic: Ngonga ya Sántu Martin
  },
  America/Martinique: {
    Generic: Ngonga ya Martiniki
  },
  America/Matamoros: {
    Generic: Ngonga ya Meksike
  },
  America/Mazatlan: {
    Generic: Ngonga ya Meksike
  },
  America/Mendoza: {
    Generic: Ngonga ya Arizantinɛ
  },
  America/Menominee: {
    Generic: Ngonga ya Ameriki
  },
  America/Merida: {
    Generic: Ngonga ya Meksike
  },
  America/Metlakatla: {
    Generic: Ngonga ya Ameriki
  },
  America/Mexico_City: {
    Generic: Ngonga ya Meksike
  },
  America/Miquelon: {
    Generic: Ngonga ya Sántu pététo mpé Mikelɔ
  },
  America/Moncton: {
    Generic: Ngonga ya Kanada
  },
  America/Monterrey: {
    Generic: Ngonga ya Meksike
  },
  America/Montevideo: {
    Generic: Ngonga ya Irigwei
  },
  America/Montreal: {
    Generic: Ngonga ya Kanada
  },
  America/Montserrat: {
    Generic: Ngonga ya Mɔsera
  },
  America/Nassau: {
    Generic: Ngonga ya Bahamasɛ
  },
  America/New_York: {
    Generic: Ngonga ya Ameriki
  },
  America/Nipigon: {
    Generic: Ngonga ya Kanada
  },
  America/Nome: {
    Generic: Ngonga ya Ameriki
  },
  America/Noronha: {
    Generic: Ngonga ya Brezílɛ
  },
  America/North_Dakota/Beulah: {
    Generic: Ngonga ya Ameriki
  },
  America/North_Dakota/Center: {
    Generic: Ngonga ya Ameriki
  },
  America/North_Dakota/New_Salem: {
    Generic: Ngonga ya Ameriki
  },
  America/Nuuk: {
    Generic: Ngonga ya Gowelande
  },
  America/Ojinaga: {
    Generic: Ngonga ya Meksike
  },
  America/Panama: {
    Generic: Ngonga ya Panama
  },
  America/Pangnirtung: {
    Generic: Ngonga ya Kanada
  },
  America/Paramaribo: {
    Generic: Ngonga ya Surinamɛ
  },
  America/Phoenix: {
    Generic: Ngonga ya Ameriki
  },
  America/Port-au-Prince: {
    Generic: Ngonga ya Ayiti
  },
  America/Port_of_Spain: {
    Generic: Ngonga ya Tinidadɛ mpé Tobago
  },
  America/Porto_Acre: {
    Generic: Ngonga ya Brezílɛ
  },
  America/Porto_Velho: {
    Generic: Ngonga ya Brezílɛ
  },
  America/Puerto_Rico: {
    Generic: Ngonga ya Pɔtoriko
  },
  America/Punta_Arenas: {
    Generic: Ngonga ya Síli
  },
  America/Rainy_River: {
    Generic: Ngonga ya Kanada
  },
  America/Rankin_Inlet: {
    Generic: Ngonga ya Kanada
  },
  America/Recife: {
    Generic: Ngonga ya Brezílɛ
  },
  America/Regina: {
    Generic: Ngonga ya Kanada
  },
  America/Resolute: {
    Generic: Ngonga ya Kanada
  },
  America/Rio_Branco: {
    Generic: Ngonga ya Brezílɛ
  },
  America/Rosario: {
    Generic: Ngonga ya Arizantinɛ
  },
  America/Santa_Isabel: {
    Generic: Ngonga ya Meksike
  },
  America/Santarem: {
    Generic: Ngonga ya Brezílɛ
  },
  America/Santiago: {
    Generic: Ngonga ya Síli
  },
  America/Santo_Domingo: {
    Generic: Ngonga ya Repibiki ya Domínikɛ
  },
  America/Sao_Paulo: {
    Generic: Ngonga ya Brezílɛ
  },
  America/Scoresbysund: {
    Generic: Ngonga ya Gowelande
  },
  America/Shiprock: {
    Generic: Ngonga ya Ameriki
  },
  America/Sitka: {
    Generic: Ngonga ya Ameriki
  },
  America/St_Barthelemy: {
    Generic: Ngonga ya Sántu Barthélemy
  },
  America/St_Johns: {
    Generic: Ngonga ya Kanada
  },
  America/St_Kitts: {
    Generic: Ngonga ya Sántu krístofe mpé Nevɛ̀s
  },
  America/St_Lucia: {
    Generic: Ngonga ya Sántu lisi
  },
  America/St_Thomas: {
    Generic: Ngonga ya Bisanga bya Vierzi ya Ameriki
  },
  America/St_Vincent: {
    Generic: Ngonga ya Sántu vesá mpé Gelenadinɛ
  },
  America/Swift_Current: {
    Generic: Ngonga ya Kanada
  },
  America/Tegucigalpa: {
    Generic: Ngonga ya Ondurasɛ
  },
  America/Thule: {
    Generic: Ngonga ya Gowelande
  },
  America/Thunder_Bay: {
    Generic: Ngonga ya Kanada
  },
  America/Tijuana: {
    Generic: Ngonga ya Meksike
  },
  America/Toronto: {
    Generic: Ngonga ya Kanada
  },
  America/Tortola: {
    Generic: Ngonga ya Bisanga bya Vierzi ya Angɛlɛtɛ́lɛ
  },
  America/Vancouver: {
    Generic: Ngonga ya Kanada
  },
  America/Virgin: {
    Generic: Ngonga ya Bisanga bya Vierzi ya Ameriki
  },
  America/Whitehorse: {
    Generic: Ngonga ya Kanada
  },
  America/Winnipeg: {
    Generic: Ngonga ya Kanada
  },
  America/Yakutat: {
    Generic: Ngonga ya Ameriki
  },
  America/Yellowknife: {
    Generic: Ngonga ya Kanada
  },
  Antarctica/Casey: {
    Generic: Ngonga ya Antarctique
  },
  Antarctica/Davis: {
    Generic: Ngonga ya Antarctique
  },
  Antarctica/DumontDUrville: {
    Generic: Ngonga ya Antarctique
  },
  Antarctica/Macquarie: {
    Generic: Ngonga ya Ositáli
  },
  Antarctica/Mawson: {
    Generic: Ngonga ya Antarctique
  },
  Antarctica/McMurdo: {
    Generic: Ngonga ya Antarctique
  },
  Antarctica/Palmer: {
    Generic: Ngonga ya Antarctique
  },
  Antarctica/Rothera: {
    Generic: Ngonga ya Antarctique
  },
  Antarctica/South_Pole: {
    Generic: Ngonga ya Antarctique
  },
  Antarctica/Syowa: {
    Generic: Ngonga ya Antarctique
  },
  Antarctica/Troll: {
    Generic: Ntángo ya Londoni,
    Standard: Ntángo ya Londoni,
    Daylight: Ntángo ya Londoni
  },
  Antarctica/Vostok: {
    Generic: Ngonga ya Antarctique
  },
  Arctic/Longyearbyen: {
    Generic: Ngonga ya Svalbard mpé Jan Mayen
  },
  Asia/Aden: {
    Generic: Ngonga ya Yemɛnɛ
  },
  Asia/Almaty: {
    Generic: Ngonga ya Kazakisitá
  },
  Asia/Amman: {
    Generic: Ngonga ya Zɔdani
  },
  Asia/Anadyr: {
    Generic: Ngonga ya Anadyr
  },
  Asia/Aqtau: {
    Generic: Ngonga ya Kazakisitá
  },
  Asia/Aqtobe: {
    Generic: Ngonga ya Kazakisitá
  },
  Asia/Ashgabat: {
    Generic: Ngonga ya Tikɛménisitá
  },
  Asia/Ashkhabad: {
    Generic: Ngonga ya Tikɛménisitá
  },
  Asia/Atyrau: {
    Generic: Ngonga ya Kazakisitá
  },
  Asia/Baghdad: {
    Generic: Ngonga ya Iraki
  },
  Asia/Bahrain: {
    Generic: Ngonga ya Bahrɛnɛ
  },
  Asia/Baku: {
    Generic: Ngonga ya Azɛlɛbaizá
  },
  Asia/Bangkok: {
    Generic: Ngonga ya Tailandɛ
  },
  Asia/Barnaul: {
    Generic: Ngonga ya Barnaul
  },
  Asia/Beirut: {
    Generic: Ngonga ya Libá
  },
  Asia/Bishkek: {
    Generic: Ngonga ya Kigizisitá
  },
  Asia/Brunei: {
    Generic: Ngonga ya Brineyi
  },
  Asia/Calcutta: {
    Generic: Ngonga ya Índɛ
  },
  Asia/Chita: {
    Generic: Ngonga ya Chita
  },
  Asia/Choibalsan: {
    Generic: Ngonga ya Mongolí
  },
  Asia/Chongqing: {
    Generic: Ngonga ya Sinɛ
  },
  Asia/Chungking: {
    Generic: Ngonga ya Sinɛ
  },
  Asia/Colombo: {
    Generic: Ngonga ya Sirilanka
  },
  Asia/Dacca: {
    Generic: Ngonga ya Bengalidɛsi
  },
  Asia/Damascus: {
    Generic: Ngonga ya Sirí
  },
  Asia/Dhaka: {
    Generic: Ngonga ya Bengalidɛsi
  },
  Asia/Dili: {
    Generic: Ngonga ya Timorɛ ya Moniɛlɛ
  },
  Asia/Dubai: {
    Generic: Ngonga ya Lɛmila alabo
  },
  Asia/Dushanbe: {
    Generic: Ngonga ya Tazikisitá
  },
  Asia/Famagusta: {
    Generic: Ngonga ya Sípɛlɛ
  },
  Asia/Gaza: {
    Generic: Ngonga ya Palɛsine
  },
  Asia/Harbin: {
    Generic: Ngonga ya Sinɛ
  },
  Asia/Hebron: {
    Generic: Ngonga ya Palɛsine
  },
  Asia/Ho_Chi_Minh: {
    Generic: Ngonga ya Viyetinamɛ
  },
  Asia/Hong_Kong: {
    Generic: Ngonga ya Hong Kong (Shina)
  },
  Asia/Hovd: {
    Generic: Ngonga ya Mongolí
  },
  Asia/Irkutsk: {
    Generic: Ngonga ya Irkutsk
  },
  Asia/Istanbul: {
    Generic: Ngonga ya Tiliki
  },
  Asia/Jakarta: {
    Generic: Ngonga ya Indonezi
  },
  Asia/Jayapura: {
    Generic: Ngonga ya Indonezi
  },
  Asia/Jerusalem: {
    Generic: Ngonga ya Isirayelɛ
  },
  Asia/Kabul: {
    Generic: Ngonga ya Afiganisitá
  },
  Asia/Kamchatka: {
    Generic: Ngonga ya Kamchatka
  },
  Asia/Karachi: {
    Generic: Ngonga ya Pakisitá
  },
  Asia/Kashgar: {
    Generic: Ngonga ya Sinɛ
  },
  Asia/Kathmandu: {
    Generic: Ngonga ya Nepálɛ
  },
  Asia/Katmandu: {
    Generic: Ngonga ya Nepálɛ
  },
  Asia/Khandyga: {
    Generic: Ngonga ya Khandyga
  },
  Asia/Kolkata: {
    Generic: Ngonga ya Índɛ
  },
  Asia/Krasnoyarsk: {
    Generic: Ngonga ya Krasnoyarsk
  },
  Asia/Kuala_Lumpur: {
    Generic: Ngonga ya Malezi
  },
  Asia/Kuching: {
    Generic: Ngonga ya Malezi
  },
  Asia/Kuwait: {
    Generic: Ngonga ya Koweti
  },
  Asia/Macao: {
    Generic: Ngonga ya Makau (Shina)
  },
  Asia/Macau: {
    Generic: Ngonga ya Makau (Shina)
  },
  Asia/Magadan: {
    Generic: Ngonga ya Magadan
  },
  Asia/Makassar: {
    Generic: Ngonga ya Indonezi
  },
  Asia/Manila: {
    Generic: Ngonga ya Filipinɛ
  },
  Asia/Muscat: {
    Generic: Ngonga ya Ománɛ
  },
  Asia/Nicosia: {
    Generic: Ngonga ya Sípɛlɛ
  },
  Asia/Novokuznetsk: {
    Generic: Ngonga ya Novokuznetsk
  },
  Asia/Novosibirsk: {
    Generic: Ngonga ya Novosibirsk
  },
  Asia/Omsk: {
    Generic: Ngonga ya Omsk
  },
  Asia/Oral: {
    Generic: Ngonga ya Kazakisitá
  },
  Asia/Phnom_Penh: {
    Generic: Ngonga ya Kambodza
  },
  Asia/Pontianak: {
    Generic: Ngonga ya Indonezi
  },
  Asia/Pyongyang: {
    Generic: Ngonga ya Korɛ ya nɔ́rdi
  },
  Asia/Qatar: {
    Generic: Ngonga ya Katari
  },
  Asia/Qostanay: {
    Generic: Ngonga ya Kazakisitá
  },
  Asia/Qyzylorda: {
    Generic: Ngonga ya Kazakisitá
  },
  Asia/Rangoon: {
    Generic: Ngonga ya Birmanie
  },
  Asia/Riyadh: {
    Generic: Ngonga ya Alabi Sawuditɛ
  },
  Asia/Saigon: {
    Generic: Ngonga ya Viyetinamɛ
  },
  Asia/Sakhalin: {
    Generic: Ngonga ya Sakhalin
  },
  Asia/Samarkand: {
    Generic: Ngonga ya Uzibɛkisitá
  },
  Asia/Seoul: {
    Generic: Ngonga ya Korɛ ya súdi
  },
  Asia/Shanghai: {
    Generic: Ngonga ya Sinɛ
  },
  Asia/Singapore: {
    Generic: Ngonga ya Singapurɛ
  },
  Asia/Srednekolymsk: {
    Generic: Ngonga ya Srednekolymsk
  },
  Asia/Taipei: {
    Generic: Ngonga ya Taiwanin
  },
  Asia/Tashkent: {
    Generic: Ngonga ya Uzibɛkisitá
  },
  Asia/Tbilisi: {
    Generic: Ngonga ya Zorzi
  },
  Asia/Tehran: {
    Generic: Ngonga ya Irâ
  },
  Asia/Tel_Aviv: {
    Generic: Ngonga ya Isirayelɛ
  },
  Asia/Thimbu: {
    Generic: Ngonga ya Butáni
  },
  Asia/Thimphu: {
    Generic: Ngonga ya Butáni
  },
  Asia/Tokyo: {
    Generic: Ngonga ya Zapɔ
  },
  Asia/Tomsk: {
    Generic: Ngonga ya Tomsk
  },
  Asia/Ujung_Pandang: {
    Generic: Ngonga ya Indonezi
  },
  Asia/Ulaanbaatar: {
    Generic: Ngonga ya Mongolí
  },
  Asia/Ulan_Bator: {
    Generic: Ngonga ya Mongolí
  },
  Asia/Urumqi: {
    Generic: Ngonga ya Sinɛ
  },
  Asia/Ust-Nera: {
    Generic: Ngonga ya Ust-Nera
  },
  Asia/Vientiane: {
    Generic: Ngonga ya Lawosi
  },
  Asia/Vladivostok: {
    Generic: Ngonga ya Vladivostok
  },
  Asia/Yakutsk: {
    Generic: Ngonga ya Yakutsk
  },
  Asia/Yangon: {
    Generic: Ngonga ya Birmanie
  },
  Asia/Yekaterinburg: {
    Generic: Ngonga ya Yekaterinburg
  },
  Asia/Yerevan: {
    Generic: Ngonga ya Amɛni
  },
  Atlantic/Azores: {
    Generic: Ngonga ya Putúlugɛsi
  },
  Atlantic/Bermuda: {
    Generic: Ngonga ya Bermuda
  },
  Atlantic/Canary: {
    Generic: Ngonga ya Esipanye
  },
  Atlantic/Cape_Verde: {
    Generic: Ngonga ya Bisanga bya Kapevɛrɛ
  },
  Atlantic/Faeroe: {
    Generic: Ngonga ya Bisanga bya Faloé
  },
  Atlantic/Faroe: {
    Generic: Ngonga ya Bisanga bya Faloé
  },
  Atlantic/Jan_Mayen: {
    Generic: Ngonga ya Svalbard mpé Jan Mayen
  },
  Atlantic/Madeira: {
    Generic: Ngonga ya Putúlugɛsi
  },
  Atlantic/Reykjavik: {
    Generic: Ntángo ya Londoni,
    Standard: Ntángo ya Londoni,
    Daylight: Ntángo ya Londoni
  },
  Atlantic/South_Georgia: {
    Generic: Ngonga ya Îles de Géorgie du Sud et Sandwich du Sud
  },
  Atlantic/St_Helena: {
    Generic: Ntángo ya Londoni,
    Standard: Ntángo ya Londoni,
    Daylight: Ntángo ya Londoni
  },
  Atlantic/Stanley: {
    Generic: Ngonga ya Bisanga bya Maluni
  },
  Australia/ACT: {
    Generic: Ngonga ya Ositáli
  },
  Australia/Adelaide: {
    Generic: Ngonga ya Ositáli
  },
  Australia/Brisbane: {
    Generic: Ngonga ya Ositáli
  },
  Australia/Broken_Hill: {
    Generic: Ngonga ya Ositáli
  },
  Australia/Canberra: {
    Generic: Ngonga ya Ositáli
  },
  Australia/Currie: {
    Generic: Ngonga ya Ositáli
  },
  Australia/Darwin: {
    Generic: Ngonga ya Ositáli
  },
  Australia/Eucla: {
    Generic: Ngonga ya Ositáli
  },
  Australia/Hobart: {
    Generic: Ngonga ya Ositáli
  },
  Australia/LHI: {
    Generic: Ngonga ya Ositáli
  },
  Australia/Lindeman: {
    Generic: Ngonga ya Ositáli
  },
  Australia/Lord_Howe: {
    Generic: Ngonga ya Ositáli
  },
  Australia/Melbourne: {
    Generic: Ngonga ya Ositáli
  },
  Australia/NSW: {
    Generic: Ngonga ya Ositáli
  },
  Australia/North: {
    Generic: Ngonga ya Ositáli
  },
  Australia/Perth: {
    Generic: Ngonga ya Ositáli
  },
  Australia/Queensland: {
    Generic: Ngonga ya Ositáli
  },
  Australia/South: {
    Generic: Ngonga ya Ositáli
  },
  Australia/Sydney: {
    Generic: Ngonga ya Ositáli
  },
  Australia/Tasmania: {
    Generic: Ngonga ya Ositáli
  },
  Australia/Victoria: {
    Generic: Ngonga ya Ositáli
  },
  Australia/West: {
    Generic: Ngonga ya Ositáli
  },
  Australia/Yancowinna: {
    Generic: Ngonga ya Ositáli
  },
  Brazil/Acre: {
    Generic: Ngonga ya Brezílɛ
  },
  Brazil/DeNoronha: {
    Generic: Ngonga ya Brezílɛ
  },
  Brazil/East: {
    Generic: Ngonga ya Brezílɛ
  },
  Brazil/West: {
    Generic: Ngonga ya Brezílɛ
  },
  CET: {
    Generic: Ngonga ya Falánsɛ
  },
  CST6CDT: {
    Generic: Ngonga ya Ameriki
  },
  Canada/Atlantic: {
    Generic: Ngonga ya Kanada
  },
  Canada/Central: {
    Generic: Ngonga ya Kanada
  },
  Canada/Eastern: {
    Generic: Ngonga ya Kanada
  },
  Canada/Mountain: {
    Generic: Ngonga ya Kanada
  },
  Canada/Newfoundland: {
    Generic: Ngonga ya Kanada
  },
  Canada/Pacific: {
    Generic: Ngonga ya Kanada
  },
  Canada/Saskatchewan: {
    Generic: Ngonga ya Kanada
  },
  Canada/Yukon: {
    Generic: Ngonga ya Kanada
  },
  Chile/Continental: {
    Generic: Ngonga ya Síli
  },
  Chile/EasterIsland: {
    Generic: Ngonga ya Síli
  },
  Cuba: {
    Generic: Ngonga ya Kiba
  },
  EET: {
    Generic: Ngonga ya Romani
  },
  EST: {
    Generic: Ngonga ya Panama
  },
  EST5EDT: {
    Generic: Ngonga ya Ameriki
  },
  Egypt: {
    Generic: Ngonga ya Ezípite
  },
  Eire: {
    Generic: Ntángo ya Londoni,
    Standard: Ntángo ya Londoni,
    Daylight: Ntángo ya Londoni
  },
  Etc/GMT: {
    Generic: Ntángo ya Londoni,
    Standard: Ntángo ya Londoni,
    Daylight: Ntángo ya Londoni
  },
  Etc/GMT+0: {
    Generic: Ntángo ya Londoni,
    Standard: Ntángo ya Londoni,
    Daylight: Ntángo ya Londoni
  },
  Etc/GMT+1: {
    Generic: Ngonga ya UTC -1,
    Standard:  -1,
    Daylight:  -1
  },
  Etc/GMT+10: {
    Generic: Ngonga ya UTC -10,
    Standard:  -10,
    Daylight:  -10
  },
  Etc/GMT+11: {
    Generic: Ngonga ya UTC -11,
    Standard:  -11,
    Daylight:  -11
  },
  Etc/GMT+12: {
    Generic: Ngonga ya UTC -12,
    Standard:  -12,
    Daylight:  -12
  },
  Etc/GMT+2: {
    Generic: Ngonga ya UTC -2,
    Standard:  -2,
    Daylight:  -2
  },
  Etc/GMT+3: {
    Generic: Ngonga ya UTC -3,
    Standard:  -3,
    Daylight:  -3
  },
  Etc/GMT+4: {
    Generic: Ngonga ya UTC -4,
    Standard:  -4,
    Daylight:  -4
  },
  Etc/GMT+5: {
    Generic: Ngonga ya UTC -5,
    Standard:  -5,
    Daylight:  -5
  },
  Etc/GMT+6: {
    Generic: Ngonga ya UTC -6,
    Standard:  -6,
    Daylight:  -6
  },
  Etc/GMT+7: {
    Generic: Ngonga ya UTC -7,
    Standard:  -7,
    Daylight:  -7
  },
  Etc/GMT+8: {
    Generic: Ngonga ya UTC -8,
    Standard:  -8,
    Daylight:  -8
  },
  Etc/GMT+9: {
    Generic: Ngonga ya UTC -9,
    Standard:  -9,
    Daylight:  -9
  },
  Etc/GMT-0: {
    Generic: Ntángo ya Londoni,
    Standard: Ntángo ya Londoni,
    Daylight: Ntángo ya Londoni
  },
  Etc/GMT-1: {
    Generic: Ngonga ya UTC +1,
    Standard:  +1,
    Daylight:  +1
  },
  Etc/GMT-10: {
    Generic: Ngonga ya UTC +10,
    Standard:  +10,
    Daylight:  +10
  },
  Etc/GMT-11: {
    Generic: Ngonga ya UTC +11,
    Standard:  +11,
    Daylight:  +11
  },
  Etc/GMT-12: {
    Generic: Ngonga ya UTC +12,
    Standard:  +12,
    Daylight:  +12
  },
  Etc/GMT-13: {
    Generic: Ngonga ya UTC +13,
    Standard:  +13,
    Daylight:  +13
  },
  Etc/GMT-14: {
    Generic: Ngonga ya UTC +14,
    Standard:  +14,
    Daylight:  +14
  },
  Etc/GMT-2: {
    Generic: Ngonga ya UTC +2,
    Standard:  +2,
    Daylight:  +2
  },
  Etc/GMT-3: {
    Generic: Ngonga ya UTC +3,
    Standard:  +3,
    Daylight:  +3
  },
  Etc/GMT-4: {
    Generic: Ngonga ya UTC +4,
    Standard:  +4,
    Daylight:  +4
  },
  Etc/GMT-5: {
    Generic: Ngonga ya UTC +5,
    Standard:  +5,
    Daylight:  +5
  },
  Etc/GMT-6: {
    Generic: Ngonga ya UTC +6,
    Standard:  +6,
    Daylight:  +6
  },
  Etc/GMT-7: {
    Generic: Ngonga ya UTC +7,
    Standard:  +7,
    Daylight:  +7
  },
  Etc/GMT-8: {
    Generic: Ngonga ya UTC +8,
    Standard:  +8,
    Daylight:  +8
  },
  Etc/GMT-9: {
    Generic: Ngonga ya UTC +9,
    Standard:  +9,
    Daylight:  +9
  },
  Etc/GMT0: {
    Generic: Ntángo ya Londoni,
    Standard: Ntángo ya Londoni,
    Daylight: Ntángo ya Londoni
  },
  Etc/Greenwich: {
    Generic: Ntángo ya Londoni,
    Standard: Ntángo ya Londoni,
    Daylight: Ntángo ya Londoni
  },
  Etc/UCT: {
    Generic: Ngonga ya UTC
  },
  Etc/UTC: {
    Generic: Ngonga ya UTC
  },
  Etc/Universal: {
    Generic: Ngonga ya UTC
  },
  Etc/Zulu: {
    Generic: Ngonga ya UTC
  },
  Europe/Amsterdam: {
    Generic: Ngonga ya Olandɛ
  },
  Europe/Andorra: {
    Generic: Ngonga ya Andorɛ
  },
  Europe/Astrakhan: {
    Generic: Ngonga ya Astrakhan
  },
  Europe/Athens: {
    Generic: Ngonga ya Geleki
  },
  Europe/Belfast: {
    Generic: Ntángo ya Londoni,
    Standard: Ntángo ya Londoni,
    Daylight: Ntángo ya Londoni
  },
  Europe/Belgrade: {
    Generic: Ngonga ya Serbie
  },
  Europe/Berlin: {
    Generic: Ngonga ya Alemani
  },
  Europe/Bratislava: {
    Generic: Ngonga ya Silovaki
  },
  Europe/Brussels: {
    Generic: Ngonga ya Beleziki
  },
  Europe/Bucharest: {
    Generic: Ngonga ya Romani
  },
  Europe/Budapest: {
    Generic: Ngonga ya Ongili
  },
  Europe/Busingen: {
    Generic: Ngonga ya Alemani
  },
  Europe/Chisinau: {
    Generic: Ngonga ya Molidavi
  },
  Europe/Copenhagen: {
    Generic: Ngonga ya Danɛmarike
  },
  Europe/Dublin: {
    Generic: Ntángo ya Londoni,
    Standard: Ntángo ya Londoni,
    Daylight: Ntángo ya Londoni
  },
  Europe/Gibraltar: {
    Generic: Ngonga ya Zibatalɛ
  },
  Europe/Guernsey: {
    Generic: Ntángo ya Londoni,
    Standard: Ntángo ya Londoni,
    Daylight: Ntángo ya Londoni
  },
  Europe/Helsinki: {
    Generic: Ngonga ya Filandɛ
  },
  Europe/Isle_of_Man: {
    Generic: Ntángo ya Londoni,
    Standard: Ntángo ya Londoni,
    Daylight: Ntángo ya Londoni
  },
  Europe/Istanbul: {
    Generic: Ngonga ya Tiliki
  },
  Europe/Jersey: {
    Generic: Ntángo ya Londoni,
    Standard: Ntángo ya Londoni,
    Daylight: Ntángo ya Londoni
  },
  Europe/Kaliningrad: {
    Generic: Ngonga ya Kaliningrad
  },
  Europe/Kiev: {
    Generic: Ngonga ya Ikrɛni
  },
  Europe/Kirov: {
    Generic: Ngonga ya Kirov
  },
  Europe/Kyiv: {
    Generic: Ngonga ya Ikrɛni
  },
  Europe/Lisbon: {
    Generic: Ngonga ya Putúlugɛsi
  },
  Europe/Ljubljana: {
    Generic: Ngonga ya Siloveni
  },
  Europe/London: {
    Generic: Ntángo ya Londoni,
    Standard: Ntángo ya Londoni,
    Daylight: Ntángo ya Londoni
  },
  Europe/Luxembourg: {
    Generic: Ngonga ya Likisambulu
  },
  Europe/Madrid: {
    Generic: Ngonga ya Esipanye
  },
  Europe/Malta: {
    Generic: Ngonga ya Malitɛ
  },
  Europe/Mariehamn: {
    Generic: Ngonga ya Bisanga Ɛland
  },
  Europe/Minsk: {
    Generic: Ngonga ya Byelorisi
  },
  Europe/Monaco: {
    Generic: Ngonga ya Monako
  },
  Europe/Moscow: {
    Generic: Ngonga ya Moscow
  },
  Europe/Nicosia: {
    Generic: Ngonga ya Sípɛlɛ
  },
  Europe/Oslo: {
    Generic: Ngonga ya Norivezɛ
  },
  Europe/Paris: {
    Generic: Ngonga ya Falánsɛ
  },
  Europe/Podgorica: {
    Generic: Ngonga ya Monténégro
  },
  Europe/Prague: {
    Generic: Ngonga ya Shekia
  },
  Europe/Riga: {
    Generic: Ngonga ya Letoni
  },
  Europe/Rome: {
    Generic: Ngonga ya Itali
  },
  Europe/Samara: {
    Generic: Ngonga ya Samara
  },
  Europe/San_Marino: {
    Generic: Ngonga ya Sántu Marinɛ
  },
  Europe/Sarajevo: {
    Generic: Ngonga ya Bosini mpé Hezegovine
  },
  Europe/Saratov: {
    Generic: Ngonga ya Saratov
  },
  Europe/Simferopol: {
    Generic: Ngonga ya Ikrɛni
  },
  Europe/Skopje: {
    Generic: Ngonga ya Skopje
  },
  Europe/Sofia: {
    Generic: Ngonga ya Biligari
  },
  Europe/Stockholm: {
    Generic: Ngonga ya Swédɛ
  },
  Europe/Tallinn: {
    Generic: Ngonga ya Esitoni
  },
  Europe/Tirane: {
    Generic: Ngonga ya Alibani
  },
  Europe/Tiraspol: {
    Generic: Ngonga ya Molidavi
  },
  Europe/Ulyanovsk: {
    Generic: Ngonga ya Ulyanovsk
  },
  Europe/Uzhgorod: {
    Generic: Ngonga ya Ikrɛni
  },
  Europe/Vaduz: {
    Generic: Ngonga ya Lishɛteni
  },
  Europe/Vatican: {
    Generic: Ngonga ya Vatiká
  },
  Europe/Vienna: {
    Generic: Ngonga ya Otilisi
  },
  Europe/Vilnius: {
    Generic: Ngonga ya Litwani
  },
  Europe/Volgograd: {
    Generic: Ngonga ya Volgograd
  },
  Europe/Warsaw: {
    Generic: Ngonga ya Poloni
  },
  Europe/Zagreb: {
    Generic: Ngonga ya Krowasi
  },
  Europe/Zaporozhye: {
    Generic: Ngonga ya Ikrɛni
  },
  Europe/Zurich: {
    Generic: Ngonga ya Swisɛ
  },
  GB: {
    Generic: Ntángo ya Londoni,
    Standard: Ntángo ya Londoni,
    Daylight: Ntángo ya Londoni
  },
  GB-Eire: {
    Generic: Ntángo ya Londoni,
    Standard: Ntángo ya Londoni,
    Daylight: Ntángo ya Londoni
  },
  GMT: {
    Generic: Ntángo ya Londoni,
    Standard: Ntángo ya Londoni,
    Daylight: Ntángo ya Londoni
  },
  GMT+0: {
    Generic: Ntángo ya Londoni,
    Standard: Ntángo ya Londoni,
    Daylight: Ntángo ya Londoni
  },
  GMT-0: {
    Generic: Ntángo ya Londoni,
    Standard: Ntángo ya Londoni,
    Daylight: Ntángo ya Londoni
  },
  GMT0: {
    Generic: Ntángo ya Londoni,
    Standard: Ntángo ya Londoni,
    Daylight: Ntángo ya Londoni
  },
  Greenwich: {
    Generic: Ntángo ya Londoni,
    Standard: Ntángo ya Londoni,
    Daylight: Ntángo ya Londoni
  },
  HST: {
    Generic: Ngonga ya Ameriki
  },
  Hongkong: {
    Generic: Ngonga ya Hong Kong (Shina)
  },
  Iceland: {
    Generic: Ntángo ya Londoni,
    Standard: Ntángo ya Londoni,
    Daylight: Ntángo ya Londoni
  },
  Indian/Antananarivo: {
    Generic: Ntángo ya Afríka ya Ɛ́sita,
    Standard: Ntángo ya Afríka ya Ɛ́sita,
    Daylight: Ntángo ya Afríka ya Ɛ́sita
  },
  Indian/Chagos: {
    Generic: Ngonga ya Mabelé ya Angɛlɛtɛ́lɛ na mbú ya Indiya
  },
  Indian/Christmas: {
    Generic: Ngonga ya Esanga ya Mbótama
  },
  Indian/Cocos: {
    Generic: Ngonga ya Bisanga Kokos
  },
  Indian/Comoro: {
    Generic: Ntángo ya Afríka ya Ɛ́sita,
    Standard: Ntángo ya Afríka ya Ɛ́sita,
    Daylight: Ntángo ya Afríka ya Ɛ́sita
  },
  Indian/Kerguelen: {
    Generic: Ngonga ya Terres australes et antarctiques françaises
  },
  Indian/Mahe: {
    Generic: Ntángo ya Seyshel,
    Standard: Ntángo ya Seyshel,
    Daylight: Ntángo ya Seyshel
  },
  Indian/Maldives: {
    Generic: Ngonga ya Madívɛ
  },
  Indian/Mauritius: {
    Generic: Ngonga ya Morisɛ
  },
  Indian/Mayotte: {
    Generic: Ntángo ya Afríka ya Ɛ́sita,
    Standard: Ntángo ya Afríka ya Ɛ́sita,
    Daylight: Ntángo ya Afríka ya Ɛ́sita
  },
  Indian/Reunion: {
    Generic: Ngonga ya Lenyo
  },
  Iran: {
    Generic: Ngonga ya Irâ
  },
  Israel: {
    Generic: Ngonga ya Isirayelɛ
  },
  Jamaica: {
    Generic: Ngonga ya Zamaiki
  },
  Japan: {
    Generic: Ngonga ya Zapɔ
  },
  Kwajalein: {
    Generic: Ngonga ya Bisanga bya Marishalɛ
  },
  Libya: {
    Generic: Ngonga ya Libí
  },
  MET: {
    Generic: Ngonga ya Alemani
  },
  MST: {
    Generic: Ngonga ya Ameriki
  },
  MST7MDT: {
    Generic: Ngonga ya Ameriki
  },
  Mexico/BajaNorte: {
    Generic: Ngonga ya Meksike
  },
  Mexico/BajaSur: {
    Generic: Ngonga ya Meksike
  },
  Mexico/General: {
    Generic: Ngonga ya Meksike
  },
  NZ: {
    Generic: Ngonga ya Zelandɛ ya sika
  },
  NZ-CHAT: {
    Generic: Ngonga ya Zelandɛ ya sika
  },
  Navajo: {
    Generic: Ngonga ya Ameriki
  },
  PRC: {
    Generic: Ngonga ya Sinɛ
  },
  PST8PDT: {
    Generic: Ngonga ya Ameriki
  },
  Pacific/Apia: {
    Generic: Ngonga ya Samoa
  },
  Pacific/Auckland: {
    Generic: Ngonga ya Zelandɛ ya sika
  },
  Pacific/Bougainville: {
    Generic: Ngonga ya Papwazi Ginɛ ya sika
  },
  Pacific/Chatham: {
    Generic: Ngonga ya Zelandɛ ya sika
  },
  Pacific/Chuuk: {
    Generic: Ngonga ya Mikronezi
  },
  Pacific/Easter: {
    Generic: Ngonga ya Síli
  },
  Pacific/Efate: {
    Generic: Ngonga ya Vanuatu
  },
  Pacific/Enderbury: {
    Generic: Ngonga ya Kiribati
  },
  Pacific/Fakaofo: {
    Generic: Ngonga ya Tokelau
  },
  Pacific/Fiji: {
    Generic: Ngonga ya Fidzi
  },
  Pacific/Funafuti: {
    Generic: Ngonga ya Tuvalu
  },
  Pacific/Galapagos: {
    Generic: Ngonga ya Ekwatɛ́lɛ
  },
  Pacific/Gambier: {
    Generic: Ngonga ya Polinezi ya Falánsɛ
  },
  Pacific/Guadalcanal: {
    Generic: Ngonga ya Bisanga Solomɔ
  },
  Pacific/Guam: {
    Generic: Ngonga ya Gwamɛ
  },
  Pacific/Honolulu: {
    Generic: Ngonga ya Ameriki
  },
  Pacific/Johnston: {
    Generic: Ngonga ya Ameriki
  },
  Pacific/Kanton: {
    Generic: Ngonga ya Kiribati
  },
  Pacific/Kiritimati: {
    Generic: Ngonga ya Kiribati
  },
  Pacific/Kosrae: {
    Generic: Ngonga ya Mikronezi
  },
  Pacific/Kwajalein: {
    Generic: Ngonga ya Bisanga bya Marishalɛ
  },
  Pacific/Majuro: {
    Generic: Ngonga ya Bisanga bya Marishalɛ
  },
  Pacific/Marquesas: {
    Generic: Ngonga ya Polinezi ya Falánsɛ
  },
  Pacific/Midway: {
    Generic: Ngonga ya Bisanga Mokɛ́na Mosíká bya Lisangá lya Ameríka
  },
  Pacific/Nauru: {
    Generic: Ngonga ya Nauru
  },
  Pacific/Niue: {
    Generic: Ngonga ya Nyué
  },
  Pacific/Norfolk: {
    Generic: Ngonga ya Esanga Norfokɛ
  },
  Pacific/Noumea: {
    Generic: Ngonga ya Kaledoni ya sika
  },
  Pacific/Pago_Pago: {
    Generic: Ngonga ya Samoa ya Ameriki
  },
  Pacific/Palau: {
    Generic: Ngonga ya Palau
  },
  Pacific/Pitcairn: {
    Generic: Ngonga ya Pikairni
  },
  Pacific/Pohnpei: {
    Generic: Ngonga ya Mikronezi
  },
  Pacific/Ponape: {
    Generic: Ngonga ya Mikronezi
  },
  Pacific/Port_Moresby: {
    Generic: Ngonga ya Papwazi Ginɛ ya sika
  },
  Pacific/Rarotonga: {
    Generic: Ngonga ya Bisanga bya Kookɛ
  },
  Pacific/Saipan: {
    Generic: Ngonga ya Bisanga bya Marianɛ ya nɔ́rdi
  },
  Pacific/Samoa: {
    Generic: Ngonga ya Samoa ya Ameriki
  },
  Pacific/Tahiti: {
    Generic: Ngonga ya Polinezi ya Falánsɛ
  },
  Pacific/Tarawa: {
    Generic: Ngonga ya Kiribati
  },
  Pacific/Tongatapu: {
    Generic: Ngonga ya Tonga
  },
  Pacific/Truk: {
    Generic: Ngonga ya Mikronezi
  },
  Pacific/Wake: {
    Generic: Ngonga ya Bisanga Mokɛ́na Mosíká bya Lisangá lya Ameríka
  },
  Pacific/Wallis: {
    Generic: Ngonga ya Walisɛ mpé Futuna
  },
  Pacific/Yap: {
    Generic: Ngonga ya Mikronezi
  },
  Poland: {
    Generic: Ngonga ya Poloni
  },
  Portugal: {
    Generic: Ngonga ya Putúlugɛsi
  },
  ROC: {
    Generic: Ngonga ya Taiwanin
  },
  ROK: {
    Generic: Ngonga ya Korɛ ya súdi
  },
  Singapore: {
    Generic: Ngonga ya Singapurɛ
  },
  Turkey: {
    Generic: Ngonga ya Tiliki
  },
  UCT: {
    Generic: Ngonga ya UTC
  },
  US/Alaska: {
    Generic: Ngonga ya Ameriki
  },
  US/Aleutian: {
    Generic: Ngonga ya Ameriki
  },
  US/Arizona: {
    Generic: Ngonga ya Ameriki
  },
  US/Central: {
    Generic: Ngonga ya Ameriki
  },
  US/East-Indiana: {
    Generic: Ngonga ya Ameriki
  },
  US/Eastern: {
    Generic: Ngonga ya Ameriki
  },
  US/Hawaii: {
    Generic: Ngonga ya Ameriki
  },
  US/Indiana-Starke: {
    Generic: Ngonga ya Ameriki
  },
  US/Michigan: {
    Generic: Ngonga ya Ameriki
  },
  US/Mountain: {
    Generic: Ngonga ya Ameriki
  },
  US/Pacific: {
    Generic: Ngonga ya Ameriki
  },
  US/Samoa: {
    Generic: Ngonga ya Samoa ya Ameriki
  },
  UTC: {
    Generic: Ngonga ya UTC
  },
  Universal: {
    Generic: Ngonga ya UTC
  },
  W-SU: {
    Generic: Ngonga ya Moscow
  },
  WET: {
    Generic: Ngonga ya Esipanye
  },
  Zulu: {
    Generic: Ngonga ya UTC
  }
}