{
  Etc/GMT+12: (UTC-12:00) Международна линия за смяна на датата - запад,
  Etc/GMT+11: (UTC-11:00) Координирано универсално време-11,
  America/Adak: (UTC-10:00) Алеутски острови,
  Pacific/Honolulu: (UTC-10:00) Хаваите,
  Pacific/Marquesas: (UTC-09:30) Острови Маркуесас,
  America/Anchorage: (UTC-09:00) Аляска,
  Etc/GMT+9: (UTC-09:00) Координирано универсално време-09,
  America/Tijuana: (UTC-08:00) Баха Калифорния,
  Etc/GMT+8: (UTC-08:00) Координирано универсално време-08,
  America/Los_Angeles: (UTC-08:00) Тихоокеанско време (САЩ и Канада),
  America/Phoenix: (UTC-07:00) Аризона,
  America/Chihuahua: (UTC-07:00) Чихуахуа, Ла Пас, Мацатлан,
  America/Denver: (UTC-07:00) Планинско време (САЩ и Канада),
  America/Whitehorse: (UTC-07:00) Юкон,
  America/Guatemala: (UTC-06:00) Централна Америка,
  America/Chicago: (UTC-06:00) Централно време (САЩ и Канада),
  Pacific/Easter: (UTC-06:00) Великденски остров,
  America/Mexico_City: (UTC-06:00) Гуадалахара, Мексико сити, Монтерей,
  America/Regina: (UTC-06:00) Саскатчеуан,
  America/Bogota: (UTC-05:00) Богота, Лима, Кито, Рио Бранко,
  America/Cancun: (UTC-05:00) Четумал,
  America/New_York: (UTC-05:00) Източно време (САЩ и Канада),
  America/Port-au-Prince: (UTC-05:00) Хаити,
  America/Havana: (UTC-05:00) Хавана,
  America/Indiana/Indianapolis: (UTC-05:00) Индиана (източна),
  America/Grand_Turk: (UTC-05:00) Търкс и Кайкос,
  America/Asuncion: (UTC-04:00) Асунсион,
  America/Halifax: (UTC-04:00) Атлантическо време (Канада),
  America/Caracas: (UTC-04:00) Каракас,
  America/Cuiaba: (UTC-04:00) Куяба,
  America/La_Paz: (UTC-04:00) Джорджтаун, Ла Пас, Манаус, Сан Хуан,
  America/Santiago: (UTC-04:00) Сантяго,
  America/St_Johns: (UTC-03:30) Нюфаундленд,
  America/Araguaina: (UTC-03:00) Арагуайна,
  America/Sao_Paulo: (UTC-03:00) Бразилия,
  America/Cayenne: (UTC-03:00) Кейен, Форталеза,
  America/Argentina/Buenos_Aires: (UTC-03:00) Буенос Айрес,
  America/Nuuk: (UTC-03:00) Гренландия,
  America/Montevideo: (UTC-03:00) Монтевидео,
  America/Punta_Arenas: (UTC-03:00) Пунта Аренас,
  America/Miquelon: (UTC-03:00) Сен Пиер и Микелон,
  America/Bahia: (UTC-03:00) Салвадор,
  Etc/GMT+2: (UTC-02:00) Координирано универсално време-02,
  Atlantic/Azores: (UTC-01:00) Азорски о-ви,
  Atlantic/Cape_Verde: (UTC-01:00) Кабо Верде,
  Etc/UTC: (UTC) Координирано универсално време,
  Europe/London: (UTC+00:00) Дъблин, Единбург, Лисабон, Лондон,
  Africa/Abidjan: (UTC+00:00) Монровия, Рейкявик,
  Africa/Sao_Tome: (UTC+00:00) Сао Томе,
  Africa/Casablanca: (UTC+01:00) Казабланка,
  Europe/Berlin: (UTC+01:00) Амстердам, Берлин, Берн, Рим, Стокхолм, Виена,
  Europe/Budapest: (UTC+01:00) Белград, Братислава, Будапеща, Любляна, Прага,
  Europe/Paris: (UTC+01:00) Брюксел, Копенхаген, Мадрид, Париж,
  Europe/Warsaw: (UTC+01:00) Сараево, Скопие, Варшава, Загреб,
  Africa/Lagos: (UTC+01:00) Западна Централна Африка,
  Asia/Amman: (UTC+02:00) Аман,
  Europe/Bucharest: (UTC+02:00) Атина, Букурещ,
  Asia/Beirut: (UTC+02:00) Бейрут,
  Africa/Cairo: (UTC+02:00) Кайро,
  Europe/Chisinau: (UTC+02:00) Кишинеу,
  Asia/Damascus: (UTC+02:00) Дамаск,
  Asia/Hebron: (UTC+02:00) Газа, Хеброн,
  Africa/Johannesburg: (UTC+02:00) Хараре, Претория,
  Europe/Sofia: (UTC+02:00) Хелзинки, Киев, Рига, София, Талин, Вилнюс,
  Asia/Jerusalem: (UTC+02:00) Йерусалим,
  Africa/Juba: (UTC+02:00) Джуба,
  Europe/Kaliningrad: (UTC+02:00) Калининград,
  Africa/Khartoum: (UTC+02:00) Картум,
  Africa/Tripoli: (UTC+02:00) Триполи,
  Africa/Windhoek: (UTC+02:00) Виндхук,
  Asia/Baghdad: (UTC+03:00) Багдад,
  Europe/Istanbul: (UTC+03:00) Истанбул,
  Asia/Riyadh: (UTC+03:00) Кувейт, Рияд,
  Europe/Minsk: (UTC+03:00) Минск,
  Europe/Moscow: (UTC+03:00) Москва, Санкт Петербург,
  Africa/Nairobi: (UTC+03:00) Найроби,
  Europe/Volgograd: (UTC+03:00) Волгоград,
  Asia/Tehran: (UTC+03:30) Техеран,
  Asia/Dubai: (UTC+04:00) Абу Даби, Мускат,
  Europe/Astrakhan: (UTC+04:00) Астрахан, Уляновск ,
  Asia/Baku: (UTC+04:00) Баку,
  Europe/Samara: (UTC+04:00) Ижевск, Самара,
  Indian/Mauritius: (UTC+04:00) Порт Луис,
  Europe/Saratov: (UTC+04:00) Саратов,
  Asia/Tbilisi: (UTC+04:00) Тбилиси,
  Asia/Yerevan: (UTC+04:00) Ереван,
  Asia/Kabul: (UTC+04:30) Кабул,
  Asia/Tashkent: (UTC+05:00) Ашхабад, Ташкент,
  Asia/Yekaterinburg: (UTC+05:00) Екатерининбург,
  Asia/Karachi: (UTC+05:00) Исламабад, Карачи,
  Asia/Qyzylorda: (UTC+05:00) Къзълорда,
  Asia/Kolkata: (UTC+05:30) Ченай, Колката, Мумбай, Ню Делхи,
  Asia/Colombo: (UTC+05:30) Шри Джаяварденепура,
  Asia/Kathmandu: (UTC+05:45) Катманду,
  Asia/Almaty: (UTC+06:00) Астана,
  Asia/Dhaka: (UTC+06:00) Дака,
  Asia/Omsk: (UTC+06:00) Омск,
  Asia/Yangon: (UTC+06:30) Янгон (Рангун),
  Asia/Bangkok: (UTC+07:00) Банкок, Ханой, Джакарта,
  Asia/Barnaul: (UTC+07:00) Барнаул, Горно-Алтайск,
  Asia/Hovd: (UTC+07:00) Ховд,
  Asia/Krasnoyarsk: (UTC+07:00) Красноярск,
  Asia/Novosibirsk: (UTC+07:00) Новосибирск,
  Asia/Tomsk: (UTC+07:00) Томск,
  Asia/Shanghai: (UTC+08:00) Пекин, Чонгцин, Хонконг, САР, Урумчи,
  Asia/Irkutsk: (UTC+08:00) Иркутск,
  Asia/Singapore: (UTC+08:00) Куала Лампур, Сингапур,
  Australia/Perth: (UTC+08:00) Пърт,
  Asia/Taipei: (UTC+08:00) Тайпе,
  Asia/Ulaanbaatar: (UTC+08:00) Улан Батор,
  Australia/Eucla: (UTC+08:45) Юкла,
  Asia/Chita: (UTC+09:00) Чита,
  Asia/Tokyo: (UTC+09:00) Осака, Сапоро, Токио,
  Asia/Pyongyang: (UTC+09:00) Пхенян,
  Asia/Seoul: (UTC+09:00) Сеул,
  Asia/Yakutsk: (UTC+09:00) Якутск,
  Australia/Adelaide: (UTC+09:30) Аделаида,
  Australia/Darwin: (UTC+09:30) Дарвин,
  Australia/Brisbane: (UTC+10:00) Брисбейн,
  Australia/Sydney: (UTC+10:00) Канбера, Мелбърн, Сидни,
  Pacific/Port_Moresby: (UTC+10:00) Гуам, Порт Морсби,
  Australia/Hobart: (UTC+10:00) Хобарт,
  Asia/Vladivostok: (UTC+10:00) Владивосток,
  Australia/Lord_Howe: (UTC+10:30) Остров Лорд Хауи,
  Pacific/Bougainville: (UTC+11:00) Остров Бугенвил,
  Asia/Srednekolymsk: (UTC+11:00) Чокурдах,
  Asia/Magadan: (UTC+11:00) Магадан,
  Pacific/Norfolk: (UTC+11:00) Остров Норфолк,
  Asia/Sakhalin: (UTC+11:00) Сахалин,
  Pacific/Guadalcanal: (UTC+11:00) Соломонови о-ви, Нова Каледония,
  Asia/Kamchatka: (UTC+12:00) Анадир, Петропавловск Камчатски,
  Pacific/Auckland: (UTC+12:00) Оукланд, Уелингтън,
  Etc/GMT-12: (UTC+12:00) Координирано универсално време+12,
  Pacific/Fiji: (UTC+12:00) Фиджи,
  Pacific/Chatham: (UTC+12:45) Острови Чатъм,
  Etc/GMT-13: (UTC+13:00) Координирано универсално време+13,
  Pacific/Tongatapu: (UTC+13:00) Нукуалофа,
  Pacific/Apia: (UTC+13:00) Самоа,
  Pacific/Kiritimati: (UTC+14:00) Остров Киритимати
}