{
  Dateline Standard Time: (UTC-12:00) Západní mezinárodní časová osa,
  UTC-11: (UTC-11:00) Koordinovaný světový čas-11,
  Aleutian Standard Time: (UTC-10:00) Aleutské ostrovy,
  Hawaiian Standard Time: (UTC-10:00) Havajské ostrovy,
  Marquesas Standard Time: (UTC-09:30) Souostroví Markézy,
  Alaskan Standard Time: (UTC-09:00) Aljaška,
  UTC-09: (UTC-09:00) Koordinovaný světový čas-09,
  Pacific Standard Time (Mexico): (UTC-08:00) Baja California,
  UTC-08: (UTC-08:00) Koordinovaný světový čas-08,
  Pacific Standard Time: (UTC-08:00) Tichomoří (USA a Kanada),
  US Mountain Standard Time: (UTC-07:00) Arizona,
  Mountain Standard Time (Mexico): (UTC-07:00) Chihuahua, La Paz, Mazatlan,
  Mountain Standard Time: (UTC-07:00) Horská oblast USA a Kanada,
  Yukon Standard Time: (UTC-07:00) Yukon,
  Central America Standard Time: (UTC-06:00) Střední Amerika,
  Central Standard Time: (UTC-06:00) Střed USA a Kanady,
  Easter Island Standard Time: (UTC-06:00) Velikonoční ostrov,
  Central Standard Time (Mexico): (UTC-06:00) Guadalajara, Mexiko, Monterrey,
  Canada Central Standard Time: (UTC-06:00) Saskatchewan,
  SA Pacific Standard Time: (UTC-05:00) Bogota, Lima, Quito, Rio Branco,
  Eastern Standard Time (Mexico): (UTC-05:00) Chetumal,
  Eastern Standard Time: (UTC-05:00) Východ USA a Kanady,
  Haiti Standard Time: (UTC-05:00) Haiti,
  Cuba Standard Time: (UTC-05:00) Havana,
  US Eastern Standard Time: (UTC-05:00) Indiana (východ),
  Turks And Caicos Standard Time: (UTC-05:00) Turks a Caicos,
  Paraguay Standard Time: (UTC-04:00) Asunción,
  Atlantic Standard Time: (UTC-04:00) Atlantik (Kanada),
  Venezuela Standard Time: (UTC-04:00) Caracas,
  Central Brazilian Standard Time: (UTC-04:00) Cuiabá,
  SA Western Standard Time: (UTC-04:00) Georgetown, La Paz, Manaus, San Juan,
  Pacific SA Standard Time: (UTC-04:00) Santiago,
  Newfoundland Standard Time: (UTC-03:30) Newfoundland,
  Tocantins Standard Time: (UTC-03:00) Araguaina,
  E. South America Standard Time: (UTC-03:00) Brazílie,
  SA Eastern Standard Time: (UTC-03:00) Cayenne, Fortaleza,
  Argentina Standard Time: (UTC-03:00) Buenos Aires,
  Greenland Standard Time: (UTC-03:00) Grónsko,
  Montevideo Standard Time: (UTC-03:00) Montevideo,
  Magallanes Standard Time: (UTC-03:00) Punta Arenas,
  Saint Pierre Standard Time: (UTC-03:00) Saint Pierre a Miquelon,
  Bahia Standard Time: (UTC-03:00) Salvador,
  UTC-02: (UTC-02:00) Koordinovaný světový čas-02,
  Azores Standard Time: (UTC-01:00) Azory,
  Cape Verde Standard Time: (UTC-01:00) Cabo Verde,
  UTC: (UTC) Koordinovaný světový čas,
  GMT Standard Time: (UTC+00:00) Dublin, Edinburgh, Lisabon, Londýn,
  Greenwich Standard Time: (UTC+00:00) Monrovia, Reykjavík,
  Sao Tome Standard Time: (UTC+00:00) Svatý Tomáš,
  Morocco Standard Time: (UTC+01:00) Casablanca,
  W. Europe Standard Time: (UTC+01:00) Amsterdam, Berlín, Bern, Řím, Stockholm, Vídeň,
  Central Europe Standard Time: (UTC+01:00) Praha, Bratislava, Budapešť, Bělehrad, Lublaň,
  Romance Standard Time: (UTC+01:00) Brusel, Kodaň, Madrid, Paříž,
  Central European Standard Time: (UTC+01:00) Sarajevo, Skopje, Varšava, Záhřeb,
  W. Central Africa Standard Time: (UTC+01:00) Západ střední Afriky,
  Jordan Standard Time: (UTC+02:00) Omán,
  GTB Standard Time: (UTC+02:00) Atény, Bukurešť,
  Middle East Standard Time: (UTC+02:00) Bejrút,
  Egypt Standard Time: (UTC+02:00) Káhira,
  E. Europe Standard Time: (UTC+02:00) Kišiněv,
  Syria Standard Time: (UTC+02:00) Damašek,
  West Bank Standard Time: (UTC+02:00) Gaza, Hebron,
  South Africa Standard Time: (UTC+02:00) Harare, Pretoria,
  FLE Standard Time: (UTC+02:00) Helsinky, Kyjev, Riga, Sofie, Tallin, Vilnius,
  Israel Standard Time: (UTC+02:00) Jeruzalém,
  South Sudan Standard Time: (UTC+02:00) Džuba,
  Kaliningrad Standard Time: (UTC+02:00) Kaliningrad,
  Sudan Standard Time: (UTC+02:00) Chartúm,
  Libya Standard Time: (UTC+02:00) Tripolis,
  Namibia Standard Time: (UTC+02:00) Windhoek,
  Arabic Standard Time: (UTC+03:00) Bagdád,
  Turkey Standard Time: (UTC+03:00) Istanbul,
  Arab Standard Time: (UTC+03:00) Kuvajt, Rijád,
  Belarus Standard Time: (UTC+03:00) Minsk,
  Russian Standard Time: (UTC+03:00) Moskva, Petrohrad,
  E. Africa Standard Time: (UTC+03:00) Nairobi,
  Volgograd Standard Time: (UTC+03:00) Volgograd,
  Iran Standard Time: (UTC+03:30) Teherán,
  Arabian Standard Time: (UTC+04:00) Abú Dhabi, Muskat,
  Astrakhan Standard Time: (UTC+04:00) Astrachaň, Uljanovsk,
  Azerbaijan Standard Time: (UTC+04:00) Baku,
  Russia Time Zone 3: (UTC+04:00) Iževsk, Samara,
  Mauritius Standard Time: (UTC+04:00) Port Louis,
  Saratov Standard Time: (UTC+04:00) Saratov,
  Georgian Standard Time: (UTC+04:00) Tbilisi,
  Caucasus Standard Time: (UTC+04:00) Jerevan,
  Afghanistan Standard Time: (UTC+04:30) Kábul,
  West Asia Standard Time: (UTC+05:00) Ašchabád, Taškent,
  Ekaterinburg Standard Time: (UTC+05:00) Jekatěrinburg,
  Pakistan Standard Time: (UTC+05:00) Islámábád, Karáčí,
  Qyzylorda Standard Time: (UTC+05:00) Kyzylorda,
  India Standard Time: (UTC+05:30) Mumbaí (Bombay), Čennaj, Kolkata, Dillí,
  Sri Lanka Standard Time: (UTC+05:30) Šrí Džajawardenepúra,
  Nepal Standard Time: (UTC+05:45) Káthmándú,
  Central Asia Standard Time: (UTC+06:00) Astana,
  Bangladesh Standard Time: (UTC+06:00) Dháka,
  Omsk Standard Time: (UTC+06:00) Omsk,
  Myanmar Standard Time: (UTC+06:30) Yangon (Rangún),
  SE Asia Standard Time: (UTC+07:00) Bangkok, Hanoj, Jakarta,
  Altai Standard Time: (UTC+07:00) Barnaul, Gorno-Altajsk,
  W. Mongolia Standard Time: (UTC+07:00) Chovdský ajmag,
  North Asia Standard Time: (UTC+07:00) Krasnojarsk,
  N. Central Asia Standard Time: (UTC+07:00) Novosibirsk,
  Tomsk Standard Time: (UTC+07:00) Tomská oblast,
  China Standard Time: (UTC+08:00) Peking, Čchung-čching, Hongkong, Urumqi,
  North Asia East Standard Time: (UTC+08:00) Irkutsk,
  Singapore Standard Time: (UTC+08:00) Kuala Lumpur, Singapur,
  W. Australia Standard Time: (UTC+08:00) Perth,
  Taipei Standard Time: (UTC+08:00) Taipei,
  Ulaanbaatar Standard Time: (UTC+08:00) Ulánbátar,
  Aus Central W. Standard Time: (UTC+08:45) Eucla,
  Transbaikal Standard Time: (UTC+09:00) Čita,
  Tokyo Standard Time: (UTC+09:00) Ósaka, Sapporo, Tokio,
  North Korea Standard Time: (UTC+09:00) Pchjongjang,
  Korea Standard Time: (UTC+09:00) Soul,
  Yakutsk Standard Time: (UTC+09:00) Jakutsk,
  Cen. Australia Standard Time: (UTC+09:30) Adelaide,
  AUS Central Standard Time: (UTC+09:30) Darwin,
  E. Australia Standard Time: (UTC+10:00) Brisbane,
  AUS Eastern Standard Time: (UTC+10:00) Canberra, Melbourne, Sydney,
  West Pacific Standard Time: (UTC+10:00) Guam, Port Moresby,
  Tasmania Standard Time: (UTC+10:00) Hobart,
  Vladivostok Standard Time: (UTC+10:00) Vladivostok,
  Lord Howe Standard Time: (UTC+10:30) Ostrov Lorda Howa,
  Bougainville Standard Time: (UTC+11:00) Bougainville,
  Russia Time Zone 10: (UTC+11:00) Čokurdach,
  Magadan Standard Time: (UTC+11:00) Magadan,
  Norfolk Standard Time: (UTC+11:00) Norfolk,
  Sakhalin Standard Time: (UTC+11:00) Sachalin,
  Central Pacific Standard Time: (UTC+11:00) Šalamounovy ostrovy, Nová Kaledonie,
  Russia Time Zone 11: (UTC+12:00) Anadyr, Petropavlovsk-Kamčatskij,
  New Zealand Standard Time: (UTC+12:00) Auckland, Wellington,
  UTC+12: (UTC+12:00) Koordinovaný světový čas+12,
  Fiji Standard Time: (UTC+12:00) Fidži,
  Chatham Islands Standard Time: (UTC+12:45) Chathamovy ostrovy,
  UTC+13: (UTC+13:00) Koordinovaný světový čas+13,
  Tonga Standard Time: (UTC+13:00) Nuku'alofa,
  Samoa Standard Time: (UTC+13:00) Samoa,
  Line Islands Standard Time: (UTC+14:00) Ostrov Kiritimati
}