{
  Etc/GMT+12: (UTC-12:00) Internationale westelijke datumgrens,
  Etc/GMT+11: (UTC-11:00) Coordinated Universal Time-11,
  America/Adak: (UTC-10:00) Aleoeten,
  Pacific/Honolulu: (UTC-10:00) Hawaii,
  Pacific/Marquesas: (UTC-09:30) Marquesaseilanden,
  America/Anchorage: (UTC-09:00) Alaska,
  Etc/GMT+9: (UTC-09:00) Coordinated Universal Time-09,
  America/Tijuana: (UTC-08:00) Baja California,
  Etc/GMT+8: (UTC-08:00) Coordinated Universal Time-08,
  America/Los_Angeles: (UTC-08:00) Pacific Time (V.S. en Canada),
  America/Phoenix: (UTC-07:00) Arizona,
  America/Chihuahua: (UTC-07:00) Chihuahua, La Paz, Mazatlan,
  America/Denver: (UTC-07:00) Mountain Time (V.S. en Canada),
  America/Whitehorse: (UTC-07:00) Yukon,
  America/Guatemala: (UTC-06:00) Centraal-Amerika,
  America/Chicago: (UTC-06:00) Central Time (V.S. en Canada),
  Pacific/Easter: (UTC-06:00) Paaseiland,
  America/Mexico_City: (UTC-06:00) Guadalajara, Mexico-stad, Monterrey,
  America/Regina: (UTC-06:00) Saskatchewan,
  America/Bogota: (UTC-05:00) Bogota, Lima, Quito, Rio Branco,
  America/Cancun: (UTC-05:00) Chetumal,
  America/New_York: (UTC-05:00) Eastern Time (V.S. en Canada),
  America/Port-au-Prince: (UTC-05:00) Haïti,
  America/Havana: (UTC-05:00) Havana,
  America/Indiana/Indianapolis: (UTC-05:00) Indiana (East),
  America/Grand_Turk: (UTC-05:00) Turks- en Caicoseilanden,
  America/Asuncion: (UTC-04:00) Asuncion,
  America/Halifax: (UTC-04:00) Atlantic Time (Canada),
  America/Caracas: (UTC-04:00) Caracas,
  America/Cuiaba: (UTC-04:00) Cuiaba,
  America/La_Paz: (UTC-04:00) Georgetown, La Paz, Manaus, San Juan,
  America/Santiago: (UTC-04:00) Santiago,
  America/St_Johns: (UTC-03:30) Newfoundland,
  America/Araguaina: (UTC-03:00) Araguaina,
  America/Sao_Paulo: (UTC-03:00) Brasilia,
  America/Cayenne: (UTC-03:00) Cayenne, Fortaleza,
  America/Argentina/Buenos_Aires: (UTC-03:00) Buenos Aires,
  America/Nuuk: (UTC-03:00) Groenland,
  America/Montevideo: (UTC-03:00) Montevideo,
  America/Punta_Arenas: (UTC-03:00) Punta Arenas,
  America/Miquelon: (UTC-03:00) Saint-Pierre en Miquelon,
  America/Bahia: (UTC-03:00) Salvador,
  Etc/GMT+2: (UTC-02:00) Coordinated Universal Time-02,
  Atlantic/Azores: (UTC-01:00) Azoren,
  Atlantic/Cape_Verde: (UTC-01:00) Cabo Verde,
  Etc/UTC: (UTC) Coordinated Universal Time,
  Europe/London: (UTC+00:00) Dublin, Edinburgh, Lissabon, Londen,
  Africa/Abidjan: (UTC+00:00) Monrovia, Reykjavik,
  Africa/Sao_Tome: (UTC+00:00) Sao Tome,
  Africa/Casablanca: (UTC+01:00) Casablanca,
  Europe/Amsterdam: (UTC+01:00) Amsterdam, Berlijn, Bern, Rome, Stockholm, Wenen,
  Europe/Budapest: (UTC+01:00) Belgrado, Bratislava, Boedapest, Ljubljana, Praag,
  Europe/Paris: (UTC+01:00) Brussel, Kopenhagen, Madrid, Parijs,
  Europe/Warsaw: (UTC+01:00) Sarajevo, Skopje, Warschau, Zagreb,
  Africa/Lagos: (UTC+01:00) West Central Africa,
  Asia/Amman: (UTC+02:00) Amman,
  Europe/Bucharest: (UTC+02:00) Athene, Boekarest,
  Asia/Beirut: (UTC+02:00) Beiroet,
  Africa/Cairo: (UTC+02:00) Caïro,
  Europe/Chisinau: (UTC+02:00) Chisinau,
  Asia/Damascus: (UTC+02:00) Damascus,
  Asia/Hebron: (UTC+02:00) Gaza, Hebron,
  Africa/Johannesburg: (UTC+02:00) Harare, Pretoria,
  Europe/Kyiv: (UTC+02:00) Helsinki, Kiev, Riga, Sofia, Tallinn, Vilnius,
  Asia/Jerusalem: (UTC+02:00) Jeruzalem,
  Africa/Juba: (UTC+02:00) Juba,
  Europe/Kaliningrad: (UTC+02:00) Kaliningrad,
  Africa/Khartoum: (UTC+02:00) Khartoem,
  Africa/Tripoli: (UTC+02:00) Tripoli,
  Africa/Windhoek: (UTC+02:00) Windhoek,
  Asia/Baghdad: (UTC+03:00) Bagdad,
  Europe/Istanbul: (UTC+03:00) Istanbul,
  Asia/Riyadh: (UTC+03:00) Koeweit, Riyad,
  Europe/Minsk: (UTC+03:00) Minsk,
  Europe/Moscow: (UTC+03:00) Moskou, Sint-Petersburg,
  Africa/Nairobi: (UTC+03:00) Nairobi,
  Europe/Volgograd: (UTC+03:00) Wolgograd,
  Asia/Tehran: (UTC+03:30) Teheran,
  Asia/Dubai: (UTC+04:00) Abu Dhabi, Muscat,
  Europe/Astrakhan: (UTC+04:00) Astrachan, Oeljanovsk,
  Asia/Baku: (UTC+04:00) Bakoe,
  Europe/Samara: (UTC+04:00) Izhevsk, Samara,
  Indian/Mauritius: (UTC+04:00) Port Louis,
  Europe/Saratov: (UTC+04:00) Saratov,
  Asia/Tbilisi: (UTC+04:00) Tbilisi,
  Asia/Yerevan: (UTC+04:00) Erevan,
  Asia/Kabul: (UTC+04:30) Kaboel,
  Asia/Tashkent: (UTC+05:00) Asjchabad, Tasjkent,
  Asia/Yekaterinburg: (UTC+05:00) Ekaterinburg,
  Asia/Karachi: (UTC+05:00) Islamabad, Karachi,
  Asia/Qyzylorda: (UTC+05:00) Qyzylorda,
  Asia/Kolkata: (UTC+05:30) Chennai, Kolkata, Mumbai, New Delhi,
  Asia/Colombo: (UTC+05:30) Sri Jayawardenepura,
  Asia/Kathmandu: (UTC+05:45) Kathmandu,
  Asia/Almaty: (UTC+06:00) Astana,
  Asia/Dhaka: (UTC+06:00) Dhaka,
  Asia/Omsk: (UTC+06:00) Omsk,
  Asia/Yangon: (UTC+06:30) Yangon (Rangoon),
  Asia/Bangkok: (UTC+07:00) Bangkok, Hanoi, Jakarta,
  Asia/Barnaul: (UTC+07:00) Barnaul, Gorno-Altajsk,
  Asia/Hovd: (UTC+07:00) Hovd,
  Asia/Krasnoyarsk: (UTC+07:00) Krasnoyarsk,
  Asia/Novosibirsk: (UTC+07:00) Novosibirsk,
  Asia/Tomsk: (UTC+07:00) Tomsk,
  Asia/Shanghai: (UTC+08:00) Beijing (Peking), Chongqing, Hongkong SAR, Urumqi,
  Asia/Irkutsk: (UTC+08:00) Irkoetsk,
  Asia/Singapore: (UTC+08:00) Kuala Lumpur, Singapore,
  Australia/Perth: (UTC+08:00) Perth,
  Asia/Taipei: (UTC+08:00) Taipei,
  Asia/Ulaanbaatar: (UTC+08:00) Ulaanbaatar,
  Australia/Eucla: (UTC+08:45) Eucla,
  Asia/Chita: (UTC+09:00) Tsjita,
  Asia/Tokyo: (UTC+09:00) Osaka, Sapporo, Tokio,
  Asia/Pyongyang: (UTC+09:00) Pyongyang,
  Asia/Seoul: (UTC+09:00) Seoul,
  Asia/Yakutsk: (UTC+09:00) Yakutsk,
  Australia/Adelaide: (UTC+09:30) Adelaide,
  Australia/Darwin: (UTC+09:30) Darwin,
  Australia/Brisbane: (UTC+10:00) Brisbane,
  Australia/Sydney: (UTC+10:00) Canberra, Melbourne, Sydney,
  Pacific/Port_Moresby: (UTC+10:00) Guam, Port Moresby,
  Australia/Hobart: (UTC+10:00) Hobart,
  Asia/Vladivostok: (UTC+10:00) Wladiwostok,
  Australia/Lord_Howe: (UTC+10:30) Lord Howe Island,
  Pacific/Bougainville: (UTC+11:00) Bougainville,
  Asia/Srednekolymsk: (UTC+11:00) Chokurdakh,
  Asia/Magadan: (UTC+11:00) Magadan,
  Pacific/Norfolk: (UTC+11:00) Norfolkeiland,
  Asia/Sakhalin: (UTC+11:00) Sachalin,
  Pacific/Guadalcanal: (UTC+11:00) Salomonseilanden, Nieuw-Caledonië,
  Asia/Kamchatka: (UTC+12:00) Anadyr, Petropavlovsk-Kamtsjatski,
  Pacific/Auckland: (UTC+12:00) Auckland, Wellington,
  Etc/GMT-12: (UTC+12:00) Coordinated Universal Time+12,
  Pacific/Fiji: (UTC+12:00) Fiji,
  Pacific/Chatham: (UTC+12:45) Chatham Islands,
  Etc/GMT-13: (UTC+13:00) Coordinated Universal Time+13,
  Pacific/Tongatapu: (UTC+13:00) Nuku'alofa,
  Pacific/Apia: (UTC+13:00) Samoa,
  Pacific/Kiritimati: (UTC+14:00) Kiritimati-eiland
}