{
  Dateline Standard Time: (UTC-12:00) เส้นแบ่งเขตวันสากลฝั่งตะวันตก,
  UTC-11: (UTC-11:00) เวลามาตรฐานสากล-11,
  Aleutian Standard Time: (UTC-10:00) หมู่เกาะฮาวายอะลูชัน,
  Hawaiian Standard Time: (UTC-10:00) ฮาวาย,
  Marquesas Standard Time: (UTC-09:30) หมู่เกาะมาร์เควซัส,
  Alaskan Standard Time: (UTC-09:00) อะแลสกา,
  UTC-09: (UTC-09:00) เวลามาตรฐานสากล-09,
  Pacific Standard Time (Mexico): (UTC-08:00) บาฮากาลีฟอร์เนีย,
  UTC-08: (UTC-08:00) เวลามาตรฐานสากล-08,
  Pacific Standard Time: (UTC-08:00) เวลาฝั่งแปซิฟิก (สหรัฐอเมริกาและแคนาดา),
  US Mountain Standard Time: (UTC-07:00) แอริโซนา,
  Mountain Standard Time (Mexico): (UTC-07:00) ลาปาซ มาซัทลัน,
  Mountain Standard Time: (UTC-07:00) เวลาเขตภูเขา (สหรัฐอเมริกาและแคนาดา),
  Yukon Standard Time: (UTC-07:00) ยูคอน,
  Central America Standard Time: (UTC-06:00) อเมริกากลาง,
  Central Standard Time: (UTC-06:00) เวลาภาคกลาง (สหรัฐอเมริกาและแคนาดา),
  Easter Island Standard Time: (UTC-06:00) เกาะอีสเตอร์,
  Central Standard Time (Mexico): (UTC-06:00) กวาดาลาฮารา เม็กซิโกซิตี มอนเตร์เรย์,
  Canada Central Standard Time: (UTC-06:00) ซัสแคตเชวัน,
  SA Pacific Standard Time: (UTC-05:00) โบโกตา ลิมา กีโต ริโอ บรังโค,
  Eastern Standard Time (Mexico): (UTC-05:00) เชตูมัล,
  Eastern Standard Time: (UTC-05:00) เวลาภาคตะวันออก (สหรัฐอเมริกาและแคนาดา),
  Haiti Standard Time: (UTC-05:00) เฮติ,
  Cuba Standard Time: (UTC-05:00) ฮาวานา,
  US Eastern Standard Time: (UTC-05:00) อินดีแอนา (ตะวันออก),
  Turks And Caicos Standard Time: (UTC-05:00) เติกส์และเคคอส,
  Atlantic Standard Time: (UTC-04:00) เวลาแอตแลนติก (แคนาดา),
  Venezuela Standard Time: (UTC-04:00) การากัส,
  Central Brazilian Standard Time: (UTC-04:00) กูยาบา,
  SA Western Standard Time: (UTC-04:00) จอร์จทาวน์ ลาปาซ มาเนาส์ ซานฮวน,
  Pacific SA Standard Time: (UTC-04:00) ซันติอาโก,
  Newfoundland Standard Time: (UTC-03:30) นิวฟันด์แลนด์,
  Tocantins Standard Time: (UTC-03:00) อาราไกวยา,
  Paraguay Standard Time: (UTC-03:00) อะซุนซิออง,
  E. South America Standard Time: (UTC-03:00) บราซิเลีย,
  SA Eastern Standard Time: (UTC-03:00) กาแยน โฟร์ตาเลซา,
  Argentina Standard Time: (UTC-03:00) บัวโนสไอเรส,
  Montevideo Standard Time: (UTC-03:00) มอนเตวิเดโอ,
  Magallanes Standard Time: (UTC-03:00) ปุนตาอาเรนัส,
  Saint Pierre Standard Time: (UTC-03:00) แซงปีแยร์และมีเกอลง,
  Bahia Standard Time: (UTC-03:00) ซัลวาดอร์,
  UTC-02: (UTC-02:00) เวลามาตรฐานสากล-02,
  Greenland Standard Time: (UTC-02:00) กรีนแลนด์,
  Azores Standard Time: (UTC-01:00) หมู่เกาะอะซอร์ส,
  Cape Verde Standard Time: (UTC-01:00) กาบูเวร์ดีคือ,
  UTC: (UTC) เวลามาตรฐานสากล,
  GMT Standard Time: (UTC+00:00) ดับลิน เอดินบะระ ลิสบอน ลอนดอน,
  Greenwich Standard Time: (UTC+00:00) มันโรเวีย เรกยะวิก,
  Sao Tome Standard Time: (UTC+00:00) เซาโตเม,
  Morocco Standard Time: (UTC+01:00) คาซาบลังกา,
  W. Europe Standard Time: (UTC+01:00) อัมสเตอร์ดัม เบอร์ลิน เบิร์น โรม สตอกโฮล์ม เวียนนา,
  Central Europe Standard Time: (UTC+01:00) เบลเกรด บราติสลาวา บูดาเปสต์ ลูบลิยานา ปราก,
  Romance Standard Time: (UTC+01:00) บรัสเซลส์ โคเปนเฮเกน มาดริด ปารีส,
  Central European Standard Time: (UTC+01:00) ซาราเยโว สโกเปีย วอร์ซอ ซาเกร็บ,
  W. Central Africa Standard Time: (UTC+01:00) แอฟริกากลางฝั่งตะวันตก,
  GTB Standard Time: (UTC+02:00) เอเธนส์ บูคาเรสท์,
  Middle East Standard Time: (UTC+02:00) เบรุต,
  Egypt Standard Time: (UTC+02:00) ไคโร,
  E. Europe Standard Time: (UTC+02:00) คีชีเนา,
  West Bank Standard Time: (UTC+02:00) กาซา ฮีบรอน,
  South Africa Standard Time: (UTC+02:00) ฮาราเร พริทอเรีย,
  FLE Standard Time: (UTC+02:00) เฮลซิงกิ คีเอฟ ริกา โซเฟีย ทาลลินน์ วิลนีอุส,
  Israel Standard Time: (UTC+02:00) เยรูซาเล็ม,
  South Sudan Standard Time: (UTC+02:00) จูบา,
  Kaliningrad Standard Time: (UTC+02:00) คาลีนินกราด,
  Sudan Standard Time: (UTC+02:00) คาร์ทูม,
  Libya Standard Time: (UTC+02:00) ตริโปลี,
  Namibia Standard Time: (UTC+02:00) วินด์ฮุก,
  Jordan Standard Time: (UTC+03:00) อัมมาน,
  Arabic Standard Time: (UTC+03:00) แบกแดด,
  Syria Standard Time: (UTC+03:00) ดามัสกัส,
  Turkey Standard Time: (UTC+03:00) อิสตันบูล,
  Arab Standard Time: (UTC+03:00) คูเวต ริยาด,
  Belarus Standard Time: (UTC+03:00) มินสก์,
  Russian Standard Time: (UTC+03:00) มอสโก เซนต์ปีเตอร์สเบิร์ก,
  E. Africa Standard Time: (UTC+03:00) ไนโรบี,
  Volgograd Standard Time: (UTC+03:00) วอลโกกราด,
  Iran Standard Time: (UTC+03:30) เตหะราน,
  Arabian Standard Time: (UTC+04:00) อาบูดาบี มัสกัต,
  Astrakhan Standard Time: (UTC+04:00) อัสตราคัน อุลยานอฟสค์,
  Azerbaijan Standard Time: (UTC+04:00) บากู,
  Russia Time Zone 3: (UTC+04:00) อีเจฟสค์ ซามารา,
  Mauritius Standard Time: (UTC+04:00) พอร์ตหลุยส์,
  Saratov Standard Time: (UTC+04:00) ซาราตอฟ,
  Georgian Standard Time: (UTC+04:00) ทบิลิซิ,
  Caucasus Standard Time: (UTC+04:00) เยเรวาน,
  Afghanistan Standard Time: (UTC+04:30) คาบูล,
  West Asia Standard Time: (UTC+05:00) อาชกาบัต แทชเคนท์,
  Qyzylorda Standard Time: (UTC+05:00) อัสตานา,
  Ekaterinburg Standard Time: (UTC+05:00) เอคเตอรินเบิร์ก,
  Pakistan Standard Time: (UTC+05:00) อิสลามาบัด การาจี,
  India Standard Time: (UTC+05:30) เชนไน กัลกัตตา มุมไบ นิวเดลี,
  Sri Lanka Standard Time: (UTC+05:30) ศรีชยาวาเดเนปุระ,
  Nepal Standard Time: (UTC+05:45) กาฐมาณฑุ,
  Central Asia Standard Time: (UTC+06:00) บิชเคก,
  Bangladesh Standard Time: (UTC+06:00) ธากา,
  Omsk Standard Time: (UTC+06:00) ออมสค์,
  Myanmar Standard Time: (UTC+06:30) ย่างกุ้ง (ร่างกุ้ง),
  SE Asia Standard Time: (UTC+07:00) กรุงเทพ ฮานอย จาการ์ตา,
  Altai Standard Time: (UTC+07:00) บารนัล กอร์โน-อัลไตสค์,
  W. Mongolia Standard Time: (UTC+07:00) ฮอฟด์,
  North Asia Standard Time: (UTC+07:00) คลาสโนยาร์สค์,
  N. Central Asia Standard Time: (UTC+07:00) โนโวซิเบียร์ซค์,
  Tomsk Standard Time: (UTC+07:00) ตอมสค์,
  China Standard Time: (UTC+08:00) เป่ย์จิง ฉงชิ่ง ฮ่องกง อุรุมชี,
  North Asia East Standard Time: (UTC+08:00) เออคุทสค์,
  Singapore Standard Time: (UTC+08:00) กัวลาลัมเปอร์ สิงคโปร์,
  W. Australia Standard Time: (UTC+08:00) เพิร์ธ,
  Taipei Standard Time: (UTC+08:00) ไทเป,
  Ulaanbaatar Standard Time: (UTC+08:00) อูลานบาตอร์,
  Aus Central W. Standard Time: (UTC+08:45) ยูคลา,
  Transbaikal Standard Time: (UTC+09:00) ชีตา,
  Tokyo Standard Time: (UTC+09:00) โอซากา ซัปโปโร โตเกียว,
  North Korea Standard Time: (UTC+09:00) เปียงยาง,
  Korea Standard Time: (UTC+09:00) โซล,
  Yakutsk Standard Time: (UTC+09:00) ยาคุตสค์,
  Cen. Australia Standard Time: (UTC+09:30) แอดิเลด,
  AUS Central Standard Time: (UTC+09:30) ดาร์วิน,
  E. Australia Standard Time: (UTC+10:00) บริสเบน,
  AUS Eastern Standard Time: (UTC+10:00) แคนเบอร์รา เมลเบิร์น ซิดนีย์,
  West Pacific Standard Time: (UTC+10:00) กวม พอร์ตมอร์สบี,
  Tasmania Standard Time: (UTC+10:00) โฮบาร์ต,
  Vladivostok Standard Time: (UTC+10:00) วลาดิวอสต็อก,
  Lord Howe Standard Time: (UTC+10:30) เกาะลอร์ดโฮเว,
  Bougainville Standard Time: (UTC+11:00) เกาะบูเกนวิลล์,
  Russia Time Zone 10: (UTC+11:00) โชกัวร์ดาห์,
  Magadan Standard Time: (UTC+11:00) มากาดาน,
  Norfolk Standard Time: (UTC+11:00) เกาะนอร์ฟอล์ก,
  Sakhalin Standard Time: (UTC+11:00) ซาฮาลิน,
  Central Pacific Standard Time: (UTC+11:00) หมู่เกาะโซโลมอน นิวแคลิโดเนีย,
  Russia Time Zone 11: (UTC+12:00) อนาไดร์ ปิตราปัฟลัฟสค์-คัมชัตสกี,
  New Zealand Standard Time: (UTC+12:00) โอคแลนด์ เวลลิงตัน,
  UTC+12: (UTC+12:00) เวลามาตรฐานสากล+12,
  Fiji Standard Time: (UTC+12:00) ฟิจิ,
  Chatham Islands Standard Time: (UTC+12:45) หมู่เกาะแชทัม,
  UTC+13: (UTC+13:00) เวลามาตรฐานสากล+13,
  Tonga Standard Time: (UTC+13:00) นูกูอะโลฟา,
  Samoa Standard Time: (UTC+13:00) ซามัว,
  Line Islands Standard Time: (UTC+14:00) เกาะคิริติมาส
}