{
  Dateline Standard Time: (UTC-12:00) Uluslararası Tarih Çizgisi Batı,
  UTC-11: (UTC-11:00) Eşgüdümlü Evrensel Saat-11,
  Aleutian Standard Time: (UTC-10:00) Aleutian Adaları,
  Hawaiian Standard Time: (UTC-10:00) Hawaii,
  Marquesas Standard Time: (UTC-09:30) Marquesas Adaları,
  Alaskan Standard Time: (UTC-09:00) Alaska,
  UTC-09: (UTC-09:00) Eşgüdümlü Evrensel Saat-09,
  Pacific Standard Time (Mexico): (UTC-08:00) Baja California,
  UTC-08: (UTC-08:00) Eşgüdümlü Evrensel Saat-08,
  Pacific Standard Time: (UTC-08:00) Pasifik Saati (ABD ve Kanada),
  US Mountain Standard Time: (UTC-07:00) Arizona,
  Mountain Standard Time (Mexico): (UTC-07:00) Chihuahua, La Paz, Mazatlan,
  Mountain Standard Time: (UTC-07:00) Dağ Saati (ABD ve Kanada),
  Yukon Standard Time: (UTC-07:00) Yukon,
  Central America Standard Time: (UTC-06:00) Orta Amerika,
  Central Standard Time: (UTC-06:00) Merkezi Saat (ABD ve Kanada),
  Easter Island Standard Time: (UTC-06:00) Paskalya Adası,
  Central Standard Time (Mexico): (UTC-06:00) Guadalahara, Mexico City, Monterey,
  Canada Central Standard Time: (UTC-06:00) Saskatchewan,
  SA Pacific Standard Time: (UTC-05:00) Bogota, Lima, Quito, Rio Branco,
  Eastern Standard Time (Mexico): (UTC-05:00) Chetumal,
  Eastern Standard Time: (UTC-05:00) Doğu Saati (ABD ve Kanada),
  Haiti Standard Time: (UTC-05:00) Haiti,
  Cuba Standard Time: (UTC-05:00) Havana,
  US Eastern Standard Time: (UTC-05:00) Indiana (Doğu),
  Turks And Caicos Standard Time: (UTC-05:00) Turks ve Caicos,
  Paraguay Standard Time: (UTC-04:00) Asuncion,
  Atlantic Standard Time: (UTC-04:00) Atlantik Saati (Kanada),
  Venezuela Standard Time: (UTC-04:00) Karakas,
  Central Brazilian Standard Time: (UTC-04:00) Cuiaba,
  SA Western Standard Time: (UTC-04:00) Georgetown, La Paz, Manaus, San Juan,
  Pacific SA Standard Time: (UTC-04:00) Santiago,
  Newfoundland Standard Time: (UTC-03:30) Newfoundland,
  Tocantins Standard Time: (UTC-03:00) Araguaina,
  E. South America Standard Time: (UTC-03:00) Brezilya,
  SA Eastern Standard Time: (UTC-03:00) Cayenne, Fortaleza,
  Argentina Standard Time: (UTC-03:00) Buenos Aires,
  Greenland Standard Time: (UTC-03:00) Grönland,
  Montevideo Standard Time: (UTC-03:00) Montevideo,
  Magallanes Standard Time: (UTC-03:00) Punta Arenas,
  Saint Pierre Standard Time: (UTC-03:00) Saint Pierre ve Miquelon,
  Bahia Standard Time: (UTC-03:00) Salvador,
  UTC-02: (UTC-02:00) Eşgüdümlü Evrensel Saat-02,
  Azores Standard Time: (UTC-01:00) Azorlar,
  Cape Verde Standard Time: (UTC-01:00) Cabo Verde Ad.,
  UTC: (UTC) Eşgüdümlü Evrensel Saat,
  GMT Standard Time: (UTC+00:00) Dublin, Edinburgh, Lizbon, Londra,
  Greenwich Standard Time: (UTC+00:00) Monrovya, Reykjavik,
  Sao Tome Standard Time: (UTC+00:00) Sao Tome,
  Morocco Standard Time: (UTC+01:00) Kasablanka,
  W. Europe Standard Time: (UTC+01:00) Amsterdam, Berlin, Bern, Roma, Stockholm, Viyana,
  Central Europe Standard Time: (UTC+01:00) Belgrat, Bratislava, Budapeşte Ljubljana, Prag,
  Romance Standard Time: (UTC+01:00) Brüksel, Kopenhag, Madrid, Paris,
  Central European Standard Time: (UTC+01:00) Saraybosna, Üsküp, Varşova, Zagreb,
  W. Central Africa Standard Time: (UTC+01:00) Orta Batı Afrika,
  Jordan Standard Time: (UTC+02:00) Amman,
  GTB Standard Time: (UTC+02:00) Atina, Bükreş,
  Middle East Standard Time: (UTC+02:00) Beyrut,
  Egypt Standard Time: (UTC+02:00) Kahire,
  E. Europe Standard Time: (UTC+02:00) Chisinau,
  Syria Standard Time: (UTC+02:00) Şam,
  West Bank Standard Time: (UTC+02:00) Gazze, Hebron,
  South Africa Standard Time: (UTC+02:00) Harare, Pretoria,
  FLE Standard Time: (UTC+02:00) Helsinki, Kiev, Riga, Sofya, Tallinn, Vilnius,
  Israel Standard Time: (UTC+02:00) Kudüs,
  South Sudan Standard Time: (UTC+02:00) Cuba,
  Kaliningrad Standard Time: (UTC+02:00) Kaliningrad,
  Sudan Standard Time: (UTC+02:00) Hartum,
  Libya Standard Time: (UTC+02:00) Trablus,
  Namibia Standard Time: (UTC+02:00) Windhoek,
  Arabic Standard Time: (UTC+03:00) Bağdat,
  Turkey Standard Time: (UTC+03:00) İstanbul,
  Arab Standard Time: (UTC+03:00) Kuveyt, Riyad,
  Belarus Standard Time: (UTC+03:00) Minsk,
  Russian Standard Time: (UTC+03:00) Moskova, St. Petersburg,
  E. Africa Standard Time: (UTC+03:00) Nairobi,
  Volgograd Standard Time: (UTC+03:00) Volgograd,
  Iran Standard Time: (UTC+03:30) Tahran,
  Arabian Standard Time: (UTC+04:00) Abu Dabi, Muscat,
  Astrakhan Standard Time: (UTC+04:00) Astrahan, Ulyanovsk,
  Azerbaijan Standard Time: (UTC+04:00) Bakü,
  Russia Time Zone 3: (UTC+04:00) İjevsk, Samara,
  Mauritius Standard Time: (UTC+04:00) Port Louis,
  Saratov Standard Time: (UTC+04:00) Saratov,
  Georgian Standard Time: (UTC+04:00) Tiflis,
  Caucasus Standard Time: (UTC+04:00) Erivan,
  Afghanistan Standard Time: (UTC+04:30) Kabil,
  West Asia Standard Time: (UTC+05:00) Aşkabad, Taşkent,
  Ekaterinburg Standard Time: (UTC+05:00) Ekaterinburg,
  Pakistan Standard Time: (UTC+05:00) İslamabat, Karaçi,
  Qyzylorda Standard Time: (UTC+05:00) Qyzylorda,
  India Standard Time: (UTC+05:30) Chennai, Kolkata, Mumbai, Yeni Delhi,
  Sri Lanka Standard Time: (UTC+05:30) Sri Jayawardenepura,
  Nepal Standard Time: (UTC+05:45) Kathmandu,
  Central Asia Standard Time: (UTC+06:00) Astana,
  Bangladesh Standard Time: (UTC+06:00) Dakka,
  Omsk Standard Time: (UTC+06:00) Omsk,
  Myanmar Standard Time: (UTC+06:30) Yangon (Rangoon),
  SE Asia Standard Time: (UTC+07:00) Bangkok, Hanoi, Cakarta,
  Altai Standard Time: (UTC+07:00) Barnaul, Gorno-Altaysk,
  W. Mongolia Standard Time: (UTC+07:00) Hovd,
  North Asia Standard Time: (UTC+07:00) Krasnoyarsk,
  N. Central Asia Standard Time: (UTC+07:00) Novosibirsk,
  Tomsk Standard Time: (UTC+07:00) Tomsk,
  China Standard Time: (UTC+08:00) Pekin, Çongcin, Hong Kong ÖİB, Urumçi,
  North Asia East Standard Time: (UTC+08:00) İrkutsk,
  Singapore Standard Time: (UTC+08:00) Kuala Lumpur, Singapur,
  W. Australia Standard Time: (UTC+08:00) Pert,
  Taipei Standard Time: (UTC+08:00) Taypey,
  Ulaanbaatar Standard Time: (UTC+08:00) Ulanbator,
  Aus Central W. Standard Time: (UTC+08:45) Eucla,
  Transbaikal Standard Time: (UTC+09:00) Chita,
  Tokyo Standard Time: (UTC+09:00) Osaka, Sapporo, Tokyo,
  North Korea Standard Time: (UTC+09:00) Pyongyang,
  Korea Standard Time: (UTC+09:00) Seul,
  Yakutsk Standard Time: (UTC+09:00) Yakutsk,
  Cen. Australia Standard Time: (UTC+09:30) Adelaide,
  AUS Central Standard Time: (UTC+09:30) Darwin,
  E. Australia Standard Time: (UTC+10:00) Brisbane,
  AUS Eastern Standard Time: (UTC+10:00) Kanbera, Melbourne, Sidney,
  West Pacific Standard Time: (UTC+10:00) Guam, Port Moresby,
  Tasmania Standard Time: (UTC+10:00) Hobart,
  Vladivostok Standard Time: (UTC+10:00) Vladivostok,
  Lord Howe Standard Time: (UTC+10:30) Lord Howe Adası,
  Bougainville Standard Time: (UTC+11:00) Bougainville Adası,
  Russia Time Zone 10: (UTC+11:00) Çokurdak,
  Magadan Standard Time: (UTC+11:00) Magadan,
  Norfolk Standard Time: (UTC+11:00) Norfolk Adası,
  Sakhalin Standard Time: (UTC+11:00) Sakhalin,
  Central Pacific Standard Time: (UTC+11:00) Solomon Adl., Yeni Kaledonya,
  Russia Time Zone 11: (UTC+12:00) Anadır, Petropavlovsk-Kamçatski,
  New Zealand Standard Time: (UTC+12:00) Auckland, Wellington,
  UTC+12: (UTC+12:00) Eşgüdümlü Evrensel Saat+12,
  Fiji Standard Time: (UTC+12:00) Fiji Adaları,
  Chatham Islands Standard Time: (UTC+12:45) Chatham Adaları,
  UTC+13: (UTC+13:00) Eşgüdümlü Evrensel Saat+13,
  Tonga Standard Time: (UTC+13:00) Nuku'alofa,
  Samoa Standard Time: (UTC+13:00) Samoa,
  Line Islands Standard Time: (UTC+14:00) Kiritimati Adası
}