{
  Dateline Standard Time: (UTC-12:00) خط التوقيت العالمي غرباً,
  UTC-11: (UTC-11:00) التوقيت العالمي المتفق عليه-11,
  Aleutian Standard Time: (UTC-10:00) جزر ألوشيان,
  Hawaiian Standard Time: (UTC-10:00) هاواي,
  Marquesas Standard Time: (UTC-09:30) جزر ماركيساس,
  Alaskan Standard Time: (UTC-09:00) ألاسكا,
  UTC-09: (UTC-09:00) التوقيت العالمي المتفق عليه-09,
  Pacific Standard Time (Mexico): (UTC-08:00) باجا كاليفورنيا,
  UTC-08: (UTC-08:00) التوقيت العالمي المتفق عليه-08,
  Pacific Standard Time: (UTC-08:00) توقيت الباسيفيكي (الولايات المتحدة وكندا),
  US Mountain Standard Time: (UTC-07:00) أريزونا,
  Mountain Standard Time (Mexico): (UTC-07:00) لا باز، مازاتلان,
  Mountain Standard Time: (UTC-07:00) توقيت الجبل (الولايات المتحدة وكندا),
  Yukon Standard Time: (UTC-07:00) يوكون,
  Central America Standard Time: (UTC-06:00) وسط أمريكا,
  Central Standard Time: (UTC-06:00) توقيت الوسط (الولايات المتحدة الأمريكية وكندا),
  Easter Island Standard Time: (UTC-06:00) جزر إيستر,
  Central Standard Time (Mexico): (UTC-06:00) غوادلاجارا، مكسيكو، مانتارا,
  Canada Central Standard Time: (UTC-06:00) ساسكاتشوان,
  SA Pacific Standard Time: (UTC-05:00) بوجوتا، ليما، كويتو، ريو برانكو,
  Eastern Standard Time (Mexico): (UTC-05:00) شيتومال,
  Eastern Standard Time: (UTC-05:00) توقيت الشرق (الولايات المتحدة وكندا),
  Haiti Standard Time: (UTC-05:00) هايتي,
  Cuba Standard Time: (UTC-05:00) هافانا,
  US Eastern Standard Time: (UTC-05:00) إنديانا (الشرق),
  Turks And Caicos Standard Time: (UTC-05:00) توركس وكايكوس,
  Atlantic Standard Time: (UTC-04:00) توقيت المحيط الأطلنطي (كندا),
  Venezuela Standard Time: (UTC-04:00) كاراكاس,
  Central Brazilian Standard Time: (UTC-04:00) كويابا,
  SA Western Standard Time: (UTC-04:00) جورج تاون, لاباز, مانوس، سان جوان,
  Pacific SA Standard Time: (UTC-04:00) سانتيجو,
  Newfoundland Standard Time: (UTC-03:30) نيوفاوندلاند,
  Tocantins Standard Time: (UTC-03:00) أراجواينا,
  Paraguay Standard Time: (UTC-03:00) أسونسيون,
  E. South America Standard Time: (UTC-03:00) البرازيل,
  SA Eastern Standard Time: (UTC-03:00) كايين، فروتاليزا,
  Argentina Standard Time: (UTC-03:00) مدينة بيونس آيرس,
  Montevideo Standard Time: (UTC-03:00) مونتفيدو,
  Magallanes Standard Time: (UTC-03:00) بونتا أريناس,
  Saint Pierre Standard Time: (UTC-03:00) ‏‏سان بيير ومكويلون,
  Bahia Standard Time: (UTC-03:00) السلفادور,
  UTC-02: (UTC-02:00) التوقيت العالمي المتفق عليه-02,
  Greenland Standard Time: (UTC-02:00) غرينلاند,
  Azores Standard Time: (UTC-01:00) أزورس,
  Cape Verde Standard Time: (UTC-01:00) الرأس الأخضر.,
  UTC: (UTC) توقيت عالمي متفق عليه‬,
  GMT Standard Time: (UTC+00:00) دبلن، إدنبرة، لشبونة، لندن,
  Greenwich Standard Time: (UTC+00:00) مونروفيا، ريكيافيك,
  Sao Tome Standard Time: (UTC+00:00) ساو توم,
  Morocco Standard Time: (UTC+01:00) الدار البيضاء,
  W. Europe Standard Time: (UTC+01:00) أمستردام، برلين، برن، روما، ستوكهولم، فيينا,
  Central Europe Standard Time: (UTC+01:00) بلجراد، براتيسلافا، بودابيست، لوبليانا، براغ,
  Romance Standard Time: (UTC+01:00) بروكسل، كوبينهاجن، مدريد، باريس,
  Central European Standard Time: (UTC+01:00) سراييفو، سكوبي، وارسو، زغرب,
  W. Central Africa Standard Time: (UTC+01:00) غرب أفريقيا الوسطى,
  GTB Standard Time: (UTC+02:00) أثينا، بوخارست,
  Middle East Standard Time: (UTC+02:00) بيروت,
  Egypt Standard Time: (UTC+02:00) القاهرة,
  E. Europe Standard Time: (UTC+02:00) شيسيناو,
  West Bank Standard Time: (UTC+02:00) غزة، الخليل,
  South Africa Standard Time: (UTC+02:00) هراري، بريتوريا,
  FLE Standard Time: (UTC+02:00) هلسنكي، كييف، ريجا، صوفيا، تالين، فلنيوس,
  Israel Standard Time: (UTC+02:00) القدس,
  South Sudan Standard Time: (UTC+02:00) جوبا,
  Kaliningrad Standard Time: (UTC+02:00) كالينينغراد,
  Sudan Standard Time: (UTC+02:00) الخرطوم,
  Libya Standard Time: (UTC+02:00) طرابلس,
  Namibia Standard Time: (UTC+02:00) وندهوك,
  Jordan Standard Time: (UTC+03:00) عمّان,
  Arabic Standard Time: (UTC+03:00) بغداد,
  Syria Standard Time: (UTC+03:00) دمشق,
  Turkey Standard Time: (UTC+03:00) إسطنبول,
  Arab Standard Time: (UTC+03:00) الكويت، الرياض,
  Belarus Standard Time: (UTC+03:00) مينسك,
  Russian Standard Time: (UTC+03:00) موسكو، سان بطرسبرج,
  E. Africa Standard Time: (UTC+03:00) نيروبي,
  Volgograd Standard Time: (UTC+03:00) فولغوغراد,
  Iran Standard Time: (UTC+03:30) طهران,
  Arabian Standard Time: (UTC+04:00) أبو ظبى، مسقط,
  Astrakhan Standard Time: (UTC+04:00) أستراخان، أوليانوفسك,
  Azerbaijan Standard Time: (UTC+04:00) باكو,
  Russia Time Zone 3: (UTC+04:00) إيجيفسك، سمارا,
  Mauritius Standard Time: (UTC+04:00) بورت لويس,
  Saratov Standard Time: (UTC+04:00) ساراتوف,
  Georgian Standard Time: (UTC+04:00) تبليسي,
  Caucasus Standard Time: (UTC+04:00) يريفان,
  Afghanistan Standard Time: (UTC+04:30) كابول,
  West Asia Standard Time: (UTC+05:00) أشجابات، طشقند,
  Qyzylorda Standard Time: (UTC+05:00) أستانا,
  Ekaterinburg Standard Time: (UTC+05:00) إكاترينبرج,
  Pakistan Standard Time: (UTC+05:00) إسلام آباد، كاراتشي,
  India Standard Time: (UTC+05:30) شيناي، كالكتا، مومباي، نيودلهي,
  Sri Lanka Standard Time: (UTC+05:30) سري جاياوردنبورا,
  Nepal Standard Time: (UTC+05:45) كاثماندو,
  Central Asia Standard Time: (UTC+06:00) بيشكك,
  Bangladesh Standard Time: (UTC+06:00) دكا,
  Omsk Standard Time: (UTC+06:00) أومسك,
  Myanmar Standard Time: (UTC+06:30) ‏‏يانجون (رانجون),
  SE Asia Standard Time: (UTC+07:00) بانكوك، هانوي، جاكرتا,
  Altai Standard Time: (UTC+07:00) بارناول، غورنو - ألتايسك,
  W. Mongolia Standard Time: (UTC+07:00) هوفد,
  North Asia Standard Time: (UTC+07:00) كرازنويرسك,
  N. Central Asia Standard Time: (UTC+07:00) نوفوسيبرسك,
  Tomsk Standard Time: (UTC+07:00) تومسك,
  China Standard Time: (UTC+08:00) بكين، شونجكينج، هونج كونج، أورومكي,
  North Asia East Standard Time: (UTC+08:00) إركوتسك,
  Singapore Standard Time: (UTC+08:00) كوالا لامبور، سنغافورة,
  W. Australia Standard Time: (UTC+08:00) بيرث,
  Taipei Standard Time: (UTC+08:00) تايبيه,
  Ulaanbaatar Standard Time: (UTC+08:00) أولان باتار,
  Aus Central W. Standard Time: (UTC+08:45) أوكلى,
  Transbaikal Standard Time: (UTC+09:00) شيتا,
  Tokyo Standard Time: (UTC+09:00) أوساكا، سابورو، طوكيو,
  North Korea Standard Time: (UTC+09:00) بيونغ يانغ,
  Korea Standard Time: (UTC+09:00) سيول,
  Yakutsk Standard Time: (UTC+09:00) ياكوتسك,
  Cen. Australia Standard Time: (UTC+09:30) أديلايد,
  AUS Central Standard Time: (UTC+09:30) داروين,
  E. Australia Standard Time: (UTC+10:00) برسبن,
  AUS Eastern Standard Time: (UTC+10:00) كانبيرا، ملبورن، سيدني,
  West Pacific Standard Time: (UTC+10:00) جوام، بورت موريسبي,
  Tasmania Standard Time: (UTC+10:00) هوبارت,
  Vladivostok Standard Time: (UTC+10:00) فلاديفوستوك,
  Lord Howe Standard Time: (UTC+10:30) جزيرة لورد هاو,
  Bougainville Standard Time: (UTC+11:00) جزيرة بوغانفيل,
  Russia Time Zone 10: (UTC+11:00) شوكورداخ,
  Magadan Standard Time: (UTC+11:00) ماجادان,
  Norfolk Standard Time: (UTC+11:00) جزيرة نورفولك,
  Sakhalin Standard Time: (UTC+11:00) سخالين,
  Central Pacific Standard Time: (UTC+11:00) جزر سليمان، كاليدونيا الجديدة,
  Russia Time Zone 11: (UTC+12:00) أنادير، بتروبافلوفسك-كامتشاتسكي,
  New Zealand Standard Time: (UTC+12:00) أوكلاند، ولنجتون,
  UTC+12: (UTC+12:00) التوقيت العالمي المتفق عليه+12,
  Fiji Standard Time: (UTC+12:00) فيجي,
  Chatham Islands Standard Time: (UTC+12:45) جزر تشاتام,
  UTC+13: (UTC+13:00) التوقيت العالمي المتفق عليه+13,
  Tonga Standard Time: (UTC+13:00) نوكوالوفا,
  Samoa Standard Time: (UTC+13:00) ساموا,
  Line Islands Standard Time: (UTC+14:00) جزيرة كيريتيماتي
}