{
  Dateline Standard Time: (UTC-12:00) Línea internacional de cambio de fecha,
  UTC-11: (UTC-11:00) Hora universal coordinada-11,
  Aleutian Standard Time: (UTC-10:00) Islas Aleutianas,
  Hawaiian Standard Time: (UTC-10:00) Hawai,
  Marquesas Standard Time: (UTC-09:30) Islas Marquesas,
  Alaskan Standard Time: (UTC-09:00) Alaska,
  UTC-09: (UTC-09:00) Hora universal coordinada-09,
  Pacific Standard Time (Mexico): (UTC-08:00) Baja California,
  UTC-08: (UTC-08:00) Hora universal coordinada-08,
  Pacific Standard Time: (UTC-08:00) Hora del Pacífico (EE.UU. y Canadá),
  US Mountain Standard Time: (UTC-07:00) Arizona,
  Mountain Standard Time (Mexico): (UTC-07:00) Chihuahua, La Paz, Mazatlán,
  Mountain Standard Time: (UTC-07:00) Hora de las Montañas Rocosas (EE.UU. y Canadá),
  Yukon Standard Time: (UTC-07:00) Yukón,
  Central America Standard Time: (UTC-06:00) América Central,
  Central Standard Time: (UTC-06:00) Hora central (EE.UU. y Canadá),
  Easter Island Standard Time: (UTC-06:00) Isla de Pascua,
  Central Standard Time (Mexico): (UTC-06:00) Guadalajara, Ciudad de México, Monterrey,
  Canada Central Standard Time: (UTC-06:00) Saskatchewan,
  SA Pacific Standard Time: (UTC-05:00) Bogotá, Lima, Quito, Rio Branco,
  Eastern Standard Time (Mexico): (UTC-05:00) Chetumal,
  Eastern Standard Time: (UTC-05:00) Hora del este (EE.UU. y Canadá),
  Haiti Standard Time: (UTC-05:00) Haití,
  Cuba Standard Time: (UTC-05:00) La Habana,
  US Eastern Standard Time: (UTC-05:00) Indiana (este),
  Turks And Caicos Standard Time: (UTC-05:00) Islas Turcas y Caicos,
  Paraguay Standard Time: (UTC-04:00) Asunción,
  Atlantic Standard Time: (UTC-04:00) Hora del Atlántico (Canadá),
  Venezuela Standard Time: (UTC-04:00) Caracas,
  Central Brazilian Standard Time: (UTC-04:00) Cuiabá,
  SA Western Standard Time: (UTC-04:00) Georgetown, La Paz, Manaos, San Juan,
  Pacific SA Standard Time: (UTC-04:00) Santiago,
  Newfoundland Standard Time: (UTC-03:30) Terranova,
  Tocantins Standard Time: (UTC-03:00) Araguaína,
  E. South America Standard Time: (UTC-03:00) Brasilia,
  SA Eastern Standard Time: (UTC-03:00) Cayena, Fortaleza,
  Argentina Standard Time: (UTC-03:00) Ciudad de Buenos Aires,
  Greenland Standard Time: (UTC-03:00) Groenlandia,
  Montevideo Standard Time: (UTC-03:00) Montevideo,
  Magallanes Standard Time: (UTC-03:00) Punta Arenas,
  Saint Pierre Standard Time: (UTC-03:00) San Pedro y Miquelón,
  Bahia Standard Time: (UTC-03:00) Salvador,
  UTC-02: (UTC-02:00) Hora universal coordinada-02,
  Azores Standard Time: (UTC-01:00) Azores,
  Cape Verde Standard Time: (UTC-01:00) Cabo Verde,
  UTC: (UTC) Hora universal coordinada,
  GMT Standard Time: (UTC+00:00) Dublín, Edimburgo, Lisboa, Londres,
  Greenwich Standard Time: (UTC+00:00) Monrovia, Reikiavik,
  Sao Tome Standard Time: (UTC+00:00) Santo Tomé,
  Morocco Standard Time: (UTC+01:00) Casablanca,
  W. Europe Standard Time: (UTC+01:00) Amsterdam, Berlín, Berna, Roma, Estocolmo, Viena,
  Central Europe Standard Time: (UTC+01:00) Belgrado, Bratislava, Budapest, Liubliana, Praga,
  Romance Standard Time: (UTC+01:00) Bruselas, Copenhague, Madrid, París,
  Central European Standard Time: (UTC+01:00) Sarajevo, Skopie, Varsovia, Zagreb,
  W. Central Africa Standard Time: (UTC+01:00) África Central Occidental,
  GTB Standard Time: (UTC+02:00) Atenas, Bucarest,
  Middle East Standard Time: (UTC+02:00) Beirut,
  Egypt Standard Time: (UTC+02:00) El Cairo,
  E. Europe Standard Time: (UTC+02:00) Chisinau,
  Syria Standard Time: (UTC+02:00) Damasco,
  West Bank Standard Time: (UTC+02:00) Gaza, Hebrón,
  South Africa Standard Time: (UTC+02:00) Harare, Pretoria,
  FLE Standard Time: (UTC+02:00) Helsinki, Kiev, Riga, Sofía, Tallin, Vilna,
  Israel Standard Time: (UTC+02:00) Jerusalén,
  South Sudan Standard Time: (UTC+02:00) Yuba,
  Kaliningrad Standard Time: (UTC+02:00) Kaliningrado,
  Sudan Standard Time: (UTC+02:00) Jartum,
  Libya Standard Time: (UTC+02:00) Trípoli,
  Namibia Standard Time: (UTC+02:00) Windhoek,
  Jordan Standard Time: (UTC+03:00) Ammán,
  Arabic Standard Time: (UTC+03:00) Bagdad,
  Turkey Standard Time: (UTC+03:00) Estambul,
  Arab Standard Time: (UTC+03:00) Kuwait, Riad,
  Belarus Standard Time: (UTC+03:00) Minsk,
  Russian Standard Time: (UTC+03:00) Moscú, San Petersburgo,
  E. Africa Standard Time: (UTC+03:00) Nairobi,
  Volgograd Standard Time: (UTC+03:00) Volgograd,
  Iran Standard Time: (UTC+03:30) Teherán,
  Arabian Standard Time: (UTC+04:00) Abu Dabi, Mascate,
  Astrakhan Standard Time: (UTC+04:00) Astrakhan, Ulyanovsk,
  Azerbaijan Standard Time: (UTC+04:00) Bakú,
  Russia Time Zone 3: (UTC+04:00) Izhevsk, Samara,
  Mauritius Standard Time: (UTC+04:00) Port Louis,
  Saratov Standard Time: (UTC+04:00) Sarátov,
  Georgian Standard Time: (UTC+04:00) Tiflis,
  Caucasus Standard Time: (UTC+04:00) Ereván,
  Afghanistan Standard Time: (UTC+04:30) Kabul,
  West Asia Standard Time: (UTC+05:00) Asjabad, Tashkent,
  Ekaterinburg Standard Time: (UTC+05:00) Ekaterimburgo,
  Pakistan Standard Time: (UTC+05:00) Islamabad, Karachi,
  Qyzylorda Standard Time: (UTC+05:00) Qyzylorda,
  India Standard Time: (UTC+05:30) Chennai, Kolkata (Calcuta), Mumbai, Nueva Delhi,
  Sri Lanka Standard Time: (UTC+05:30) Sri Jayawardenepura,
  Nepal Standard Time: (UTC+05:45) Katmandú,
  Central Asia Standard Time: (UTC+06:00) Astaná,
  Bangladesh Standard Time: (UTC+06:00) Dacca,
  Omsk Standard Time: (UTC+06:00) Omsk,
  Myanmar Standard Time: (UTC+06:30) Yangón (Rangún),
  SE Asia Standard Time: (UTC+07:00) Bangkok, Hanói, Yakarta,
  Altai Standard Time: (UTC+07:00) Barnaul, Gorno-Altaysk,
  W. Mongolia Standard Time: (UTC+07:00) Hovd,
  North Asia Standard Time: (UTC+07:00) Krasnoyarsk,
  N. Central Asia Standard Time: (UTC+07:00) Novosibirsk,
  Tomsk Standard Time: (UTC+07:00) Tomsk,
  China Standard Time: (UTC+08:00) Beijing, Chongqing, Hong Kong, Urumqi,
  North Asia East Standard Time: (UTC+08:00) Irkutsk,
  Singapore Standard Time: (UTC+08:00) Kuala Lumpur, Singapur,
  W. Australia Standard Time: (UTC+08:00) Perth,
  Taipei Standard Time: (UTC+08:00) Taipéi,
  Ulaanbaatar Standard Time: (UTC+08:00) Ulán Bator,
  Aus Central W. Standard Time: (UTC+08:45) Eucla,
  Transbaikal Standard Time: (UTC+09:00) Chita,
  Tokyo Standard Time: (UTC+09:00) Osaka, Sapporo, Tokio,
  North Korea Standard Time: (UTC+09:00) Pyongyang,
  Korea Standard Time: (UTC+09:00) Seúl,
  Yakutsk Standard Time: (UTC+09:00) Yakutsk,
  Cen. Australia Standard Time: (UTC+09:30) Adelaida,
  AUS Central Standard Time: (UTC+09:30) Darwin,
  E. Australia Standard Time: (UTC+10:00) Brisbane,
  AUS Eastern Standard Time: (UTC+10:00) Canberra, Melbourne, Sídney,
  West Pacific Standard Time: (UTC+10:00) Guam, Port Moresby,
  Tasmania Standard Time: (UTC+10:00) Hobart,
  Vladivostok Standard Time: (UTC+10:00) Vladivostok,
  Lord Howe Standard Time: (UTC+10:30) Isla Lord Howe,
  Bougainville Standard Time: (UTC+11:00) Isla Bougainville,
  Russia Time Zone 10: (UTC+11:00) Chokurdakh,
  Magadan Standard Time: (UTC+11:00) Magadán,
  Norfolk Standard Time: (UTC+11:00) Isla Norfolk,
  Sakhalin Standard Time: (UTC+11:00) Sajalín,
  Central Pacific Standard Time: (UTC+11:00) Islas Salomón, Nueva Caledonia,
  Russia Time Zone 11: (UTC+12:00) Anadyr, Petropavlovsk-Kamchatsky,
  New Zealand Standard Time: (UTC+12:00) Auckland, Wellington,
  UTC+12: (UTC+12:00) Hora universal coordinada+12,
  Fiji Standard Time: (UTC+12:00) Fiyi,
  Chatham Islands Standard Time: (UTC+12:45) Islas Chatham,
  UTC+13: (UTC+13:00) Hora universal coordinada+13,
  Tonga Standard Time: (UTC+13:00) Nuku'alofa,
  Samoa Standard Time: (UTC+13:00) Samoa,
  Line Islands Standard Time: (UTC+14:00) Isla Kiritimati
}