{
  Dateline Standard Time: (UTC-12:00) Internationale Datumsgrenze (Westen),
  UTC-11: (UTC-11:00) Koordinierte Weltzeit-11,
  Aleutian Standard Time: (UTC-10:00) Aleuten-Inseln,
  Hawaiian Standard Time: (UTC-10:00) Hawaii,
  Marquesas Standard Time: (UTC-09:30) Marquesas-Inseln,
  Alaskan Standard Time: (UTC-09:00) Alaska,
  UTC-09: (UTC-09:00) Koordinierte Weltzeit-09,
  Pacific Standard Time (Mexico): (UTC-08:00) Niederkalifornien,
  UTC-08: (UTC-08:00) Koordinierte Weltzeit-08,
  Pacific Standard Time: (UTC-08:00) Pacific Zeit (USA & Kanada),
  US Mountain Standard Time: (UTC-07:00) Arizona,
  Mountain Standard Time (Mexico): (UTC-07:00) Chihuahua, La Paz, Mazatlan,
  Mountain Standard Time: (UTC-07:00) Mountain Zeit (USA & Kanada),
  Yukon Standard Time: (UTC-07:00) Yukon,
  Central America Standard Time: (UTC-06:00) Mittelamerika,
  Central Standard Time: (UTC-06:00) Central Zeit (USA & Kanada),
  Easter Island Standard Time: (UTC-06:00) Osterinsel,
  Central Standard Time (Mexico): (UTC-06:00) Guadalajara, Mexiko-Stadt, Monterrey,
  Canada Central Standard Time: (UTC-06:00) Saskatchewan,
  SA Pacific Standard Time: (UTC-05:00) Bogotá, Lima, Quito, Rio Branco,
  Eastern Standard Time (Mexico): (UTC-05:00) Chetumal,
  Eastern Standard Time: (UTC-05:00) Eastern Zeit (USA & Kanada),
  Haiti Standard Time: (UTC-05:00) Haiti,
  Cuba Standard Time: (UTC-05:00) Havanna,
  US Eastern Standard Time: (UTC-05:00) Indiana (Ost),
  Turks And Caicos Standard Time: (UTC-05:00) Turks- und Caicosinseln,
  Paraguay Standard Time: (UTC-04:00) Asuncion,
  Atlantic Standard Time: (UTC-04:00) Atlantic (Kanada),
  Venezuela Standard Time: (UTC-04:00) Caracas,
  Central Brazilian Standard Time: (UTC-04:00) Cuiaba,
  SA Western Standard Time: (UTC-04:00) Georgetown, La Paz, Manaus, San Juan,
  Pacific SA Standard Time: (UTC-04:00) Santiago,
  Newfoundland Standard Time: (UTC-03:30) Neufundland,
  Tocantins Standard Time: (UTC-03:00) Araguaína,
  E. South America Standard Time: (UTC-03:00) Brasilia,
  SA Eastern Standard Time: (UTC-03:00) Cayenne, Fortaleza,
  Argentina Standard Time: (UTC-03:00) Buenos Aires,
  Greenland Standard Time: (UTC-03:00) Grönland,
  Montevideo Standard Time: (UTC-03:00) Montevideo,
  Magallanes Standard Time: (UTC-03:00) Punta Arenas,
  Saint Pierre Standard Time: (UTC-03:00) St. Pierre und Miquelon,
  Bahia Standard Time: (UTC-03:00) Salvador,
  UTC-02: (UTC-02:00) Koordinierte Weltzeit-02,
  Azores Standard Time: (UTC-01:00) Azoren,
  Cape Verde Standard Time: (UTC-01:00) Cabo Verde,
  UTC: (UTC) Koordinierte Weltzeit,
  GMT Standard Time: (UTC+00:00) Dublin, Edinburgh, Lissabon, London,
  Greenwich Standard Time: (UTC+00:00) Monrovia, Reykjavik,
  Sao Tome Standard Time: (UTC+00:00) São Tomé,
  Morocco Standard Time: (UTC+01:00) Casablanca,
  W. Europe Standard Time: (UTC+01:00) Amsterdam, Berlin, Bern, Rom, Stockholm, Wien,
  Central Europe Standard Time: (UTC+01:00) Belgrad, Bratislava (Pressburg), Budapest, Ljubljana, Prag,
  Romance Standard Time: (UTC+01:00) Brüssel, Kopenhagen, Madrid, Paris,
  Central European Standard Time: (UTC+01:00) Sarajevo, Skopje, Warschau, Zagreb,
  W. Central Africa Standard Time: (UTC+01:00) West-Zentralafrika,
  GTB Standard Time: (UTC+02:00) Athen, Bukarest,
  Middle East Standard Time: (UTC+02:00) Beirut,
  Egypt Standard Time: (UTC+02:00) Kairo,
  E. Europe Standard Time: (UTC+02:00) Chisinau,
  Syria Standard Time: (UTC+02:00) Damaskus,
  West Bank Standard Time: (UTC+02:00) Gaza, Hebron,
  South Africa Standard Time: (UTC+02:00) Harare, Pretoria,
  FLE Standard Time: (UTC+02:00) Helsinki, Kiew, Riga, Sofia, Tallinn, Wilna,
  Israel Standard Time: (UTC+02:00) Jerusalem,
  South Sudan Standard Time: (UTC+02:00) Juba,
  Kaliningrad Standard Time: (UTC+02:00) Kaliningrad,
  Sudan Standard Time: (UTC+02:00) Khartum,
  Libya Standard Time: (UTC+02:00) Tripolis,
  Namibia Standard Time: (UTC+02:00) Windhuk,
  Jordan Standard Time: (UTC+03:00) Amman,
  Arabic Standard Time: (UTC+03:00) Bagdad,
  Turkey Standard Time: (UTC+03:00) Istanbul,
  Arab Standard Time: (UTC+03:00) Kuwait, Riad,
  Belarus Standard Time: (UTC+03:00) Minsk,
  Russian Standard Time: (UTC+03:00) Moskau, St. Petersburg,
  E. Africa Standard Time: (UTC+03:00) Nairobi,
  Volgograd Standard Time: (UTC+03:00) Wolgograd,
  Iran Standard Time: (UTC+03:30) Teheran,
  Arabian Standard Time: (UTC+04:00) Abu Dhabi, Muskat,
  Astrakhan Standard Time: (UTC+04:00) Astrachan, Uljanowsk,
  Azerbaijan Standard Time: (UTC+04:00) Baku,
  Russia Time Zone 3: (UTC+04:00) Ischewsk, Samara,
  Mauritius Standard Time: (UTC+04:00) Port Louis,
  Saratov Standard Time: (UTC+04:00) Saratov,
  Georgian Standard Time: (UTC+04:00) Tiflis,
  Caucasus Standard Time: (UTC+04:00) Eriwan,
  Afghanistan Standard Time: (UTC+04:30) Kabul,
  West Asia Standard Time: (UTC+05:00) Aschgabat, Taschkent,
  Ekaterinburg Standard Time: (UTC+05:00) Jekaterinburg,
  Pakistan Standard Time: (UTC+05:00) Islamabad, Karatschi,
  Qyzylorda Standard Time: (UTC+05:00) Qysylorda,
  India Standard Time: (UTC+05:30) Chennai, Kolkata, Mumbai, New Delhi,
  Sri Lanka Standard Time: (UTC+05:30) Sri Jayawardenepura,
  Nepal Standard Time: (UTC+05:45) Katmandu,
  Central Asia Standard Time: (UTC+06:00) Astana,
  Bangladesh Standard Time: (UTC+06:00) Dakka,
  Omsk Standard Time: (UTC+06:00) Omsk,
  Myanmar Standard Time: (UTC+06:30) Yangon (Rangun),
  SE Asia Standard Time: (UTC+07:00) Bangkok, Hanoi, Jakarta,
  Altai Standard Time: (UTC+07:00) Barnaul, Gorno-Altaisk,
  W. Mongolia Standard Time: (UTC+07:00) Hovd,
  North Asia Standard Time: (UTC+07:00) Krasnojarsk,
  N. Central Asia Standard Time: (UTC+07:00) Nowosibirsk,
  Tomsk Standard Time: (UTC+07:00) Tomsk,
  China Standard Time: (UTC+08:00) Peking, Chongqing, Hongkong (SAR), Urumchi,
  North Asia East Standard Time: (UTC+08:00) Irkutsk,
  Singapore Standard Time: (UTC+08:00) Kuala Lumpur, Singapur,
  W. Australia Standard Time: (UTC+08:00) Perth,
  Taipei Standard Time: (UTC+08:00) Taipeh,
  Ulaanbaatar Standard Time: (UTC+08:00) Ulan-Bator,
  Aus Central W. Standard Time: (UTC+08:45) Eucla,
  Transbaikal Standard Time: (UTC+09:00) Chita,
  Tokyo Standard Time: (UTC+09:00) Osaka, Sapporo, Tokio,
  North Korea Standard Time: (UTC+09:00) Pjöngjang,
  Korea Standard Time: (UTC+09:00) Seoul,
  Yakutsk Standard Time: (UTC+09:00) Jakutsk,
  Cen. Australia Standard Time: (UTC+09:30) Adelaide,
  AUS Central Standard Time: (UTC+09:30) Darwin,
  E. Australia Standard Time: (UTC+10:00) Brisbane,
  AUS Eastern Standard Time: (UTC+10:00) Canberra, Melbourne, Sydney,
  West Pacific Standard Time: (UTC+10:00) Guam, Port Moresby,
  Tasmania Standard Time: (UTC+10:00) Hobart,
  Vladivostok Standard Time: (UTC+10:00) Wladiwostok,
  Lord Howe Standard Time: (UTC+10:30) Lord-Howe-Insel,
  Bougainville Standard Time: (UTC+11:00) Bougainville-Insel,
  Russia Time Zone 10: (UTC+11:00) Tschokurdach,
  Magadan Standard Time: (UTC+11:00) Magadan,
  Norfolk Standard Time: (UTC+11:00) Norfolkinsel,
  Sakhalin Standard Time: (UTC+11:00) Sachalin,
  Central Pacific Standard Time: (UTC+11:00) Salomonen, Neu-Kaledonien,
  Russia Time Zone 11: (UTC+12:00) Anadyr, Petropawlowsk-Kamtschatski,
  New Zealand Standard Time: (UTC+12:00) Auckland, Wellington,
  UTC+12: (UTC+12:00) Koordinierte Weltzeit+12,
  Fiji Standard Time: (UTC+12:00) Fidschi,
  Chatham Islands Standard Time: (UTC+12:45) Chatham-Inseln,
  UTC+13: (UTC+13:00) Koordinierte Weltzeit+13,
  Tonga Standard Time: (UTC+13:00) Nuku'alofa,
  Samoa Standard Time: (UTC+13:00) Samoa,
  Line Islands Standard Time: (UTC+14:00) Insel Kiritimati
}