{
  Dateline Standard Time: (UTC-12:00) 날짜 변경선 서쪽,
  UTC-11: (UTC-11:00) 협정 세계시-11,
  Aleutian Standard Time: (UTC-10:00) 알류샨 열도,
  Hawaiian Standard Time: (UTC-10:00) 하와이,
  Marquesas Standard Time: (UTC-09:30) 마키저스 제도,
  Alaskan Standard Time: (UTC-09:00) 알래스카,
  UTC-09: (UTC-09:00) 협정 세계시-09,
  Pacific Standard Time (Mexico): (UTC-08:00) 바하 캘리포니아,
  UTC-08: (UTC-08:00) 협정 세계시-08,
  Pacific Standard Time: (UTC-08:00) 태평양 표준시 (미국과 캐나다),
  US Mountain Standard Time: (UTC-07:00) 애리조나,
  Mountain Standard Time (Mexico): (UTC-07:00) La Paz, Mazatlan,
  Mountain Standard Time: (UTC-07:00) 산지 표준시 (미국과 캐나다),
  Yukon Standard Time: (UTC-07:00) 유콘,
  Central America Standard Time: (UTC-06:00) 중앙 아메리카,
  Central Standard Time: (UTC-06:00) 중부 표준시 (미국과 캐나다),
  Easter Island Standard Time: (UTC-06:00) 이스터 섬,
  Central Standard Time (Mexico): (UTC-06:00) 과달라하라, 멕시코시티, 몬테레이,
  Canada Central Standard Time: (UTC-06:00) 서스캐처원,
  SA Pacific Standard Time: (UTC-05:00) 보고타, 리마, 키토, 리오 브랑코,
  Eastern Standard Time (Mexico): (UTC-05:00) 체투말,
  Eastern Standard Time: (UTC-05:00) 동부 표준시 (미국과 캐나다),
  Haiti Standard Time: (UTC-05:00) 아이티,
  Cuba Standard Time: (UTC-05:00) 하바나,
  US Eastern Standard Time: (UTC-05:00) 인디애나 (동부),
  Turks And Caicos Standard Time: (UTC-05:00) 터크스 케이커스,
  Atlantic Standard Time: (UTC-04:00) 대서양 표준시 (캐나다),
  Venezuela Standard Time: (UTC-04:00) 카라카스,
  Central Brazilian Standard Time: (UTC-04:00) 쿠이아바,
  SA Western Standard Time: (UTC-04:00) 조지타운, 라파스, 마노스, 산후안,
  Pacific SA Standard Time: (UTC-04:00) 산티아고,
  Newfoundland Standard Time: (UTC-03:30) 뉴펀들랜드,
  Tocantins Standard Time: (UTC-03:00) 아라구아이나,
  Paraguay Standard Time: (UTC-03:00) 아순시온,
  E. South America Standard Time: (UTC-03:00) 브라질리아,
  SA Eastern Standard Time: (UTC-03:00) 카옌, 포르탈레자,
  Argentina Standard Time: (UTC-03:00) 부에노스아이레스,
  Montevideo Standard Time: (UTC-03:00) 몬테비디오,
  Magallanes Standard Time: (UTC-03:00) 푼타아레나스,
  Saint Pierre Standard Time: (UTC-03:00) 생피에르앤드미클롱,
  Bahia Standard Time: (UTC-03:00) 살바도르,
  UTC-02: (UTC-02:00) 협정 세계시-02,
  Greenland Standard Time: (UTC-02:00) 그린란드,
  Azores Standard Time: (UTC-01:00) 아조레스,
  Cape Verde Standard Time: (UTC-01:00) 카보베르데 제도,
  UTC: (UTC) 협정 세계시,
  GMT Standard Time: (UTC+00:00) 더블린, 에든버러, 리스본, 런던,
  Greenwich Standard Time: (UTC+00:00) 몬로비아, 레이캬비크,
  Sao Tome Standard Time: (UTC+00:00) 상투메,
  Morocco Standard Time: (UTC+01:00) 카사블랑카,
  W. Europe Standard Time: (UTC+01:00) 암스테르담, 베를린, 베른, 로마, 스톡홀름, 빈,
  Central Europe Standard Time: (UTC+01:00) 베오그라드,브라티슬라바,부다페스트,류블랴나,프라하,
  Romance Standard Time: (UTC+01:00) 브뤼셀, 코펜하겐, 마드리드, 파리,
  Central European Standard Time: (UTC+01:00) 사라예보, 스코페, 바르샤바, 자그레브,
  W. Central Africa Standard Time: (UTC+01:00) 서중앙 아프리카,
  GTB Standard Time: (UTC+02:00) 아테네, 부카레스트,
  Middle East Standard Time: (UTC+02:00) 베이루트,
  Egypt Standard Time: (UTC+02:00) 카이로,
  E. Europe Standard Time: (UTC+02:00) 키시네프,
  West Bank Standard Time: (UTC+02:00) 가자, 헤브론,
  South Africa Standard Time: (UTC+02:00) 하라레, 프리토리아,
  FLE Standard Time: (UTC+02:00) 헬싱키, 키예프, 리가, 소피아, 탈린, 빌뉴스,
  Israel Standard Time: (UTC+02:00) 예루살렘,
  South Sudan Standard Time: (UTC+02:00) 주바,
  Kaliningrad Standard Time: (UTC+02:00) 칼리닌그라드,
  Sudan Standard Time: (UTC+02:00) 하르툼,
  Libya Standard Time: (UTC+02:00) 트리폴리,
  Namibia Standard Time: (UTC+02:00) 빈트후크,
  Jordan Standard Time: (UTC+03:00) 암만,
  Arabic Standard Time: (UTC+03:00) 바그다드,
  Syria Standard Time: (UTC+03:00) 다마스커스,
  Turkey Standard Time: (UTC+03:00) 이스탄불,
  Arab Standard Time: (UTC+03:00) 쿠웨이트, 리야드,
  Belarus Standard Time: (UTC+03:00) 민스크,
  Russian Standard Time: (UTC+03:00) 모스크바, 상트페테르부르크,
  E. Africa Standard Time: (UTC+03:00) 나이로비,
  Volgograd Standard Time: (UTC+03:00) 볼고그라드,
  Iran Standard Time: (UTC+03:30) 테헤란,
  Arabian Standard Time: (UTC+04:00) 아랍: 아부다비, 무스카트,
  Astrakhan Standard Time: (UTC+04:00) 아스트라한, 울랴노브스크,
  Azerbaijan Standard Time: (UTC+04:00) 바쿠,
  Russia Time Zone 3: (UTC+04:00) 이젭스크, 사마라,
  Mauritius Standard Time: (UTC+04:00) 포트루이스,
  Saratov Standard Time: (UTC+04:00) 사라토브,
  Georgian Standard Time: (UTC+04:00) 트빌리시,
  Caucasus Standard Time: (UTC+04:00) 예레반,
  Afghanistan Standard Time: (UTC+04:30) 카불,
  West Asia Standard Time: (UTC+05:00) 아슈하바트, 타슈켄트,
  Qyzylorda Standard Time: (UTC+05:00) 아스타나,
  Ekaterinburg Standard Time: (UTC+05:00) 예카테린부르크,
  Pakistan Standard Time: (UTC+05:00) 이슬라마바드, 카라치,
  India Standard Time: (UTC+05:30) 첸나이, 콜카타, 뭄바이, 뉴델리,
  Sri Lanka Standard Time: (UTC+05:30) 스리자야와르데네푸라,
  Nepal Standard Time: (UTC+05:45) 카트만두,
  Central Asia Standard Time: (UTC+06:00) 비슈케크,
  Bangladesh Standard Time: (UTC+06:00) 다카,
  Omsk Standard Time: (UTC+06:00) 옴스크,
  Myanmar Standard Time: (UTC+06:30) 양곤,
  SE Asia Standard Time: (UTC+07:00) 방콕, 하노이, 자카르타,
  Altai Standard Time: (UTC+07:00) 바르나울, 고르노알타이스크,
  W. Mongolia Standard Time: (UTC+07:00) 호브드,
  North Asia Standard Time: (UTC+07:00) 크라스노야르스크,
  N. Central Asia Standard Time: (UTC+07:00) 노보시비르스크,
  Tomsk Standard Time: (UTC+07:00) 톰스크,
  China Standard Time: (UTC+08:00) 베이징, 충칭, 홍콩 특별 행정구, 우루무치,
  North Asia East Standard Time: (UTC+08:00) 이르쿠츠크,
  Singapore Standard Time: (UTC+08:00) 콸라룸푸르, 싱가포르,
  W. Australia Standard Time: (UTC+08:00) 퍼스,
  Taipei Standard Time: (UTC+08:00) 타이베이,
  Ulaanbaatar Standard Time: (UTC+08:00) 울란바토르,
  Aus Central W. Standard Time: (UTC+08:45) 유클라,
  Transbaikal Standard Time: (UTC+09:00) 치타,
  Tokyo Standard Time: (UTC+09:00) 오사카, 삿포로, 도쿄,
  North Korea Standard Time: (UTC+09:00) 평양,
  Korea Standard Time: (UTC+09:00) 서울,
  Yakutsk Standard Time: (UTC+09:00) 야쿠츠크,
  Cen. Australia Standard Time: (UTC+09:30) 애들레이드,
  AUS Central Standard Time: (UTC+09:30) 다윈,
  E. Australia Standard Time: (UTC+10:00) 브리즈번,
  AUS Eastern Standard Time: (UTC+10:00) 캔버라, 멜버른, 시드니,
  West Pacific Standard Time: (UTC+10:00) 괌, 포트모르즈비,
  Tasmania Standard Time: (UTC+10:00) 호바트,
  Vladivostok Standard Time: (UTC+10:00) 블라디보스토크,
  Lord Howe Standard Time: (UTC+10:30) 로드하우 섬,
  Bougainville Standard Time: (UTC+11:00) 부건빌 섬,
  Russia Time Zone 10: (UTC+11:00) 초쿠르다흐,
  Magadan Standard Time: (UTC+11:00) 마가단,
  Norfolk Standard Time: (UTC+11:00) 노퍽 섬,
  Sakhalin Standard Time: (UTC+11:00) 사할린,
  Central Pacific Standard Time: (UTC+11:00) 솔로몬 제도, 뉴칼레도니아,
  Russia Time Zone 11: (UTC+12:00) 아나디리, 페트로파블로프스크-캄차스키,
  New Zealand Standard Time: (UTC+12:00) 오클랜드, 웰링턴,
  UTC+12: (UTC+12:00) 협정 세계시+12,
  Fiji Standard Time: (UTC+12:00) 피지,
  Chatham Islands Standard Time: (UTC+12:45) 채텀 섬,
  UTC+13: (UTC+13:00) 협정 세계시+13,
  Tonga Standard Time: (UTC+13:00) 누쿠알로파,
  Samoa Standard Time: (UTC+13:00) 사모아,
  Line Islands Standard Time: (UTC+14:00) 키리티마티 섬
}