{
  Dateline Standard Time: (UTC-12:00) Δυτική διεθνής γραμμή ημερομηνίας,
  UTC-11: (UTC-11:00) Συντονισμένη παγκόσμια ώρα-11,
  Aleutian Standard Time: (UTC-10:00) Αλεούτιες Νήσοι,
  Hawaiian Standard Time: (UTC-10:00) Χαβάη,
  Marquesas Standard Time: (UTC-09:30) Νήσοι Μαρκέζας,
  Alaskan Standard Time: (UTC-09:00) Αλάσκα,
  UTC-09: (UTC-09:00) Συντονισμένη παγκόσμια ώρα-09,
  Pacific Standard Time (Mexico): (UTC-08:00) Μπάχα Καλιφόρνια,
  UTC-08: (UTC-08:00) Συντονισμένη παγκόσμια ώρα-08,
  Pacific Standard Time: (UTC-08:00) Ώρα Ειρηνικού (Η.Π.Α. & Καναδάς),
  US Mountain Standard Time: (UTC-07:00) Αριζόνα,
  Mountain Standard Time (Mexico): (UTC-07:00) La Paz, Mazatlan,
  Mountain Standard Time: (UTC-07:00) Ορεινή ώρα (Η.Π.Α. & Καναδάς),
  Yukon Standard Time: (UTC-07:00) Γιούκον,
  Central America Standard Time: (UTC-06:00) Κεντρική Αμερική,
  Central Standard Time: (UTC-06:00) Κεντρική ώρα (Η.Π.Α. & Καναδάς),
  Easter Island Standard Time: (UTC-06:00) Νήσος του Πάσχα,
  Central Standard Time (Mexico): (UTC-06:00) Γκουανταλαχάρα, Πόλη του Μεξικού, Μοντερέυ,
  Canada Central Standard Time: (UTC-06:00) Σασκάτσιουαν,
  SA Pacific Standard Time: (UTC-05:00) Μπογκοτά, Λίμα, Κουίτο, Ρίο Μπράνκο,
  Eastern Standard Time (Mexico): (UTC-05:00) Τσετουμάλ,
  Eastern Standard Time: (UTC-05:00) Ανατολική ώρα (Η.Π.Α. & Καναδάς),
  Haiti Standard Time: (UTC-05:00) Αϊτή,
  Cuba Standard Time: (UTC-05:00) Αβάνα,
  US Eastern Standard Time: (UTC-05:00) Ιντιάνα (Ανατολική),
  Turks And Caicos Standard Time: (UTC-05:00) Τερκ και Κάικος,
  Atlantic Standard Time: (UTC-04:00) Ώρα Ατλαντικού (Καναδάς),
  Venezuela Standard Time: (UTC-04:00) Καράκας,
  Central Brazilian Standard Time: (UTC-04:00) Κουιάμπα,
  SA Western Standard Time: (UTC-04:00) Τζόρτζταουν, Λα Παζ, Μανάους, Σαν Χουάν,
  Pacific SA Standard Time: (UTC-04:00) Σαντιάγκο,
  Newfoundland Standard Time: (UTC-03:30) Νέα Γη,
  Tocantins Standard Time: (UTC-03:00) Αραγκουαΐνα,
  Paraguay Standard Time: (UTC-03:00) Ασουνσιόν,
  E. South America Standard Time: (UTC-03:00) Μπραζίλια,
  SA Eastern Standard Time: (UTC-03:00) Καγιέν, Φορταλέζα,
  Argentina Standard Time: (UTC-03:00) Μπουένος Άιρες,
  Montevideo Standard Time: (UTC-03:00) Μοντεβιδέο,
  Magallanes Standard Time: (UTC-03:00) Πούντα Αρένας,
  Saint Pierre Standard Time: (UTC-03:00) Σεν Πιερ και Μικελόν,
  Bahia Standard Time: (UTC-03:00) Σαλβαδόρ,
  UTC-02: (UTC-02:00) Συντονισμένη παγκόσμια ώρα-02,
  Greenland Standard Time: (UTC-02:00) Γροιλανδία,
  Azores Standard Time: (UTC-01:00) Αζόρες,
  Cape Verde Standard Time: (UTC-01:00) Νησιά Κάμπο Βέρντε,
  UTC: (UTC) Συντονισμένη παγκόσμια ώρα,
  GMT Standard Time: (UTC+00:00) Δουβλίνο, Εδιμβούργο, Λισαβώνα, Λονδίνο,
  Greenwich Standard Time: (UTC+00:00) Μονρόβια, Ρέικιαβικ,
  Sao Tome Standard Time: (UTC+00:00) Σάο Τομέ,
  Morocco Standard Time: (UTC+01:00) Καζαμπλάνκα,
  W. Europe Standard Time: (UTC+01:00) Άμστερνταμ, Βερολίνο, Βέρνη, Ρώμη, Στοκχόλμη, Βιέννη,
  Central Europe Standard Time: (UTC+01:00) Βελιγράδι, Μπρατισλάβα, Βουδαπέστη, Λουμπλιάνα, Πράγα,
  Romance Standard Time: (UTC+01:00) Βρυξέλες, Κοπεγχάγη, Μαδρίτη, Παρίσι,
  Central European Standard Time: (UTC+01:00) Σαράγεβο, Σκόπια, Βαρσοβία, Ζάγκρεμπ,
  W. Central Africa Standard Time: (UTC+01:00) Κεντροδυτική Αφρική,
  GTB Standard Time: (UTC+02:00) Αθήνα, Βουκουρέστι,
  Middle East Standard Time: (UTC+02:00) Βυρηττός,
  Egypt Standard Time: (UTC+02:00) Κάιρο,
  E. Europe Standard Time: (UTC+02:00) Κισινάου,
  West Bank Standard Time: (UTC+02:00) Γάζα, Χεβρώνα,
  South Africa Standard Time: (UTC+02:00) Χαράρε, Πραιτόρια,
  FLE Standard Time: (UTC+02:00) Ελσίνκι, Κίεβο, Ρίγα, Σόφια, Ταλίν, Βίλνιους (Bίλνα),
  Israel Standard Time: (UTC+02:00) Ιερουσαλήμ,
  South Sudan Standard Time: (UTC+02:00) Juba,
  Kaliningrad Standard Time: (UTC+02:00) Καλίνινγκραντ,
  Sudan Standard Time: (UTC+02:00) Χαρτούμ,
  Libya Standard Time: (UTC+02:00) Τρίπολη,
  Namibia Standard Time: (UTC+02:00) Γουίντχουκ,
  Jordan Standard Time: (UTC+03:00) Αμμάν,
  Arabic Standard Time: (UTC+03:00) Βαγδάτη,
  Syria Standard Time: (UTC+03:00) Δαμασκός,
  Turkey Standard Time: (UTC+03:00) Κωνσταντινούπολη,
  Arab Standard Time: (UTC+03:00) Κουβέιτ, Ριάντ,
  Belarus Standard Time: (UTC+03:00) Μινσκ,
  Russian Standard Time: (UTC+03:00) Μόσχα, Αγ. Πετρούπολη,
  E. Africa Standard Time: (UTC+03:00) Ναϊρόμπι,
  Volgograd Standard Time: (UTC+03:00) Βόλγκογκραντ,
  Iran Standard Time: (UTC+03:30) Τεχεράνη,
  Arabian Standard Time: (UTC+04:00) Αμπού Ντάμπι, Μουσκάτ,
  Astrakhan Standard Time: (UTC+04:00) Αστραχάν, Ουλιάνοφσκ,
  Azerbaijan Standard Time: (UTC+04:00) Μπακού,
  Russia Time Zone 3: (UTC+04:00) Ιζέβσκ, Σαμάρα,
  Mauritius Standard Time: (UTC+04:00) Πορ Λουί,
  Saratov Standard Time: (UTC+04:00) Σαράτοφ,
  Georgian Standard Time: (UTC+04:00) Τιφλίδα,
  Caucasus Standard Time: (UTC+04:00) Ερεβάν,
  Afghanistan Standard Time: (UTC+04:30) Καμπούλ,
  West Asia Standard Time: (UTC+05:00) Ασχαμπάτ, Τασκένδη,
  Qyzylorda Standard Time: (UTC+05:00) Αστάνα,
  Ekaterinburg Standard Time: (UTC+05:00) Εκατερίνμπουργκ,
  Pakistan Standard Time: (UTC+05:00) Ισλαμαμπάντ, Καράτσι,
  India Standard Time: (UTC+05:30) Τσενάι, Κολκάτα, Μουμπάι, Νέο Δελχί,
  Sri Lanka Standard Time: (UTC+05:30) Σρι Τζαγιαβαρνταναπούρα,
  Nepal Standard Time: (UTC+05:45) Κατμαντού,
  Central Asia Standard Time: (UTC+06:00) Μπισκέκ,
  Bangladesh Standard Time: (UTC+06:00) Ντάκα,
  Omsk Standard Time: (UTC+06:00) Ομσκ,
  Myanmar Standard Time: (UTC+06:30) Γιανγκόν (Ρανγκούν),
  SE Asia Standard Time: (UTC+07:00) Μπανγκόκ, Ανόι, Τζακάρτα,
  Altai Standard Time: (UTC+07:00) Μπαρναούλ, Γκόρνο-Αλτάισκ,
  W. Mongolia Standard Time: (UTC+07:00) Χοβντ,
  North Asia Standard Time: (UTC+07:00) Κρασνογιάρσκ,
  N. Central Asia Standard Time: (UTC+07:00) Νοβοσιμπίρσκ,
  Tomsk Standard Time: (UTC+07:00) Τομσκ,
  China Standard Time: (UTC+08:00) Πεκίνο, Τσονγκ-κινγκ, Χονγκ Κονγκ ΕΔΠ, Ουρούμκι,
  North Asia East Standard Time: (UTC+08:00) Ιρκούτσκ,
  Singapore Standard Time: (UTC+08:00) Κουάλα Λουμπούρ, Σιγκαπούρη,
  W. Australia Standard Time: (UTC+08:00) Περθ,
  Taipei Standard Time: (UTC+08:00) Ταϊπέι,
  Ulaanbaatar Standard Time: (UTC+08:00) Ουλάν Μπατόρ,
  Aus Central W. Standard Time: (UTC+08:45) Γιούκλα,
  Transbaikal Standard Time: (UTC+09:00) Τσιτά,
  Tokyo Standard Time: (UTC+09:00) Οσάκα, Σαππόρο, Τόκιο,
  North Korea Standard Time: (UTC+09:00) Πιονγκ Γιανγκ,
  Korea Standard Time: (UTC+09:00) Σεούλ,
  Yakutsk Standard Time: (UTC+09:00) Γιακούτσκ,
  Cen. Australia Standard Time: (UTC+09:30) Αδελαΐδα,
  AUS Central Standard Time: (UTC+09:30) Ντάργουιν,
  E. Australia Standard Time: (UTC+10:00) Μπρίσμπεϊν,
  AUS Eastern Standard Time: (UTC+10:00) Καμπέρα, Μελβούρνη, Σίντνεϋ,
  West Pacific Standard Time: (UTC+10:00) Γκουάμ, Πορτ Μόρεσμπι,
  Tasmania Standard Time: (UTC+10:00) Χόμπαρτ,
  Vladivostok Standard Time: (UTC+10:00) Βλαδιβοστόκ,
  Lord Howe Standard Time: (UTC+10:30) Νησί Λορντ Χάου,
  Bougainville Standard Time: (UTC+11:00) Νήσος Μπουγκενβίλ,
  Russia Time Zone 10: (UTC+11:00) Τσοκουρντάχ,
  Magadan Standard Time: (UTC+11:00) Μάγκανταν,
  Norfolk Standard Time: (UTC+11:00) Νήσος Νόρφολκ,
  Sakhalin Standard Time: (UTC+11:00) Σαχαλίνη,
  Central Pacific Standard Time: (UTC+11:00) Νησιά Σολομώντα, Νέα Καληδονία,
  Russia Time Zone 11: (UTC+12:00) Αναντίρ, Πετροπαβλόσκ-Καμτσάτσκι,
  New Zealand Standard Time: (UTC+12:00) Όκλαντ, Γουέλλινγκτον,
  UTC+12: (UTC+12:00) Συντονισμένη παγκόσμια ώρα+12,
  Fiji Standard Time: (UTC+12:00) Φίτζι,
  Chatham Islands Standard Time: (UTC+12:45) Νήσοι Τσάταμ,
  UTC+13: (UTC+13:00) Συντονισμένη παγκόσμια ώρα+13,
  Tonga Standard Time: (UTC+13:00) Νουκουαλόφα,
  Samoa Standard Time: (UTC+13:00) Σαμόα,
  Line Islands Standard Time: (UTC+14:00) Κιριμάτι
}