{
  Dateline Standard Time: (UTC-12:00) Beynəlxalq Qərbi Sutka Xətti,
  UTC-11: (UTC-11:00) Koordinasiya Edilmiş Universal Vaxt-11,
  Aleutian Standard Time: (UTC-10:00) Aleut adaları,
  Hawaiian Standard Time: (UTC-10:00) Havay,
  Marquesas Standard Time: (UTC-09:30) Markiz adaları,
  Alaskan Standard Time: (UTC-09:00) Alyaska,
  UTC-09: (UTC-09:00) Koordinasiya Edilmiş Universal Vaxt-09,
  Pacific Standard Time (Mexico): (UTC-08:00) Baja Kaliforniya,
  UTC-08: (UTC-08:00) Koordinasiya Edilmiş Universal Vaxt-08,
  Pacific Standard Time: (UTC-08:00) Sakit Okean Vaxtı (ABŞ və Kanada),
  US Mountain Standard Time: (UTC-07:00) Arizona,
  Mountain Standard Time (Mexico): (UTC-07:00) La-Pas, Masatlan,
  Mountain Standard Time: (UTC-07:00) Dağlıq Vaxtı (ABŞ və Kanada),
  Yukon Standard Time: (UTC-07:00) Yukon,
  Central America Standard Time: (UTC-06:00) Mərkəzi Amerika,
  Central Standard Time: (UTC-06:00) Mərkəzi Vaxt (ABŞ və Kanada),
  Easter Island Standard Time: (UTC-06:00) Pasxa Adası,
  Central Standard Time (Mexico): (UTC-06:00) Qvadalaxara, Meksiko Şəhəri, Monterrey,
  Canada Central Standard Time: (UTC-06:00) Saskatçevan,
  SA Pacific Standard Time: (UTC-05:00) Boqota, Lima, Kvito, Rio Branko,
  Eastern Standard Time (Mexico): (UTC-05:00) Çetumal,
  Eastern Standard Time: (UTC-05:00) Şərq Vaxtı (ABŞ və Kanada),
  Haiti Standard Time: (UTC-05:00) Haiti,
  Cuba Standard Time: (UTC-05:00) Havana,
  US Eastern Standard Time: (UTC-05:00) İndiana (Şərq),
  Turks And Caicos Standard Time: (UTC-05:00) Törks və Kaykos adaları,
  Atlantic Standard Time: (UTC-04:00) Atlantik Vaxtı (Kanada),
  Venezuela Standard Time: (UTC-04:00) Karakas,
  Central Brazilian Standard Time: (UTC-04:00) Kuiaba,
  SA Western Standard Time: (UTC-04:00) Corctaun, La Paz, Manau, San Xuan,
  Pacific SA Standard Time: (UTC-04:00) Santyaqo,
  Newfoundland Standard Time: (UTC-03:30) Nyufaundland,
  Tocantins Standard Time: (UTC-03:00) Araquayana,
  Paraguay Standard Time: (UTC-03:00) Asunsion,
  E. South America Standard Time: (UTC-03:00) Braziliya,
  SA Eastern Standard Time: (UTC-03:00) Kayen, Fortaleza,
  Argentina Standard Time: (UTC-03:00) Buenos Ayres,
  Montevideo Standard Time: (UTC-03:00) Montevideo,
  Magallanes Standard Time: (UTC-03:00) Punta Arenas,
  Saint Pierre Standard Time: (UTC-03:00) Sent-Pyer və Mikelon,
  Bahia Standard Time: (UTC-03:00) Salvador,
  UTC-02: (UTC-02:00) Koordinasiya Edilmiş Universal Vaxt-02,
  Greenland Standard Time: (UTC-02:00) Qrenlandiya,
  Azores Standard Time: (UTC-01:00) Azor Adaları,
  Cape Verde Standard Time: (UTC-01:00) Kabo-Verde Adaları,
  UTC: (UTC) Koordinasiya Edilmiş Universal Vaxt,
  GMT Standard Time: (UTC+00:00) Dublin, Edinburq, Lissabon, London,
  Greenwich Standard Time: (UTC+00:00) Monroviya, Reykyavik,
  Sao Tome Standard Time: (UTC+00:00) San-Tome,
  Morocco Standard Time: (UTC+01:00) Kasablanka,
  W. Europe Standard Time: (UTC+01:00) Amsterdam, Berlin, Bern, Roma, Stokholm, Viyana,
  Central Europe Standard Time: (UTC+01:00) Belqrad, Bratislava, Budapeşt, Lyublyana, Praqa,
  Romance Standard Time: (UTC+01:00) Brüssel, Kopenhagen, Madrid, Paris,
  Central European Standard Time: (UTC+01:00) Sarayevo, Skopye, Varşava, Zaqreb,
  W. Central Africa Standard Time: (UTC+01:00) Qərbi Mərkəzi Afrika,
  GTB Standard Time: (UTC+02:00) Afina, Buxarest,
  Middle East Standard Time: (UTC+02:00) Beyrut,
  Egypt Standard Time: (UTC+02:00) Qahirə,
  E. Europe Standard Time: (UTC+02:00) Çisinau,
  West Bank Standard Time: (UTC+02:00) Qaza, Hebron,
  South Africa Standard Time: (UTC+02:00) Harare, Pretoriya,
  FLE Standard Time: (UTC+02:00) Helsinki, Kiyev, Riqa, Sofiya, Tallin, Vilnüs,
  Israel Standard Time: (UTC+02:00) Yerusəlim,
  South Sudan Standard Time: (UTC+02:00) Juba,
  Kaliningrad Standard Time: (UTC+02:00) Kalininqrad,
  Sudan Standard Time: (UTC+02:00) Xartum,
  Libya Standard Time: (UTC+02:00) Tripoli,
  Namibia Standard Time: (UTC+02:00) Vindoek,
  Jordan Standard Time: (UTC+03:00) Amman,
  Arabic Standard Time: (UTC+03:00) Bağdad,
  Syria Standard Time: (UTC+03:00) Dəməşq,
  Turkey Standard Time: (UTC+03:00) İstanbul,
  Arab Standard Time: (UTC+03:00) Küveyt, Riyad,
  Belarus Standard Time: (UTC+03:00) Minsk,
  Russian Standard Time: (UTC+03:00) Moskva, Sankt-Peterburq,
  E. Africa Standard Time: (UTC+03:00) Nayrobi,
  Volgograd Standard Time: (UTC+03:00) Volqoqrad,
  Iran Standard Time: (UTC+03:30) Tehran,
  Arabian Standard Time: (UTC+04:00) Abu dabi, Muskat,
  Astrakhan Standard Time: (UTC+04:00) Həştərxan, Ulyanovsk,
  Azerbaijan Standard Time: (UTC+04:00) Bakı,
  Russia Time Zone 3: (UTC+04:00) İjevsk, Samara,
  Mauritius Standard Time: (UTC+04:00) Port Luiz,
  Saratov Standard Time: (UTC+04:00) Saratov,
  Georgian Standard Time: (UTC+04:00) Tbilisi,
  Caucasus Standard Time: (UTC+04:00) Yerevan,
  Afghanistan Standard Time: (UTC+04:30) Kabul,
  West Asia Standard Time: (UTC+05:00) Aşqabat, Daşkənd,
  Qyzylorda Standard Time: (UTC+05:00) Astana,
  Ekaterinburg Standard Time: (UTC+05:00) Yekaterinburq,
  Pakistan Standard Time: (UTC+05:00) İslamabad, Karaçi,
  India Standard Time: (UTC+05:30) Çennay, Kəlküttə, Mumbay, Yeni Delhi,
  Sri Lanka Standard Time: (UTC+05:30) Şri Jayavardenepura,
  Nepal Standard Time: (UTC+05:45) Katmandu,
  Central Asia Standard Time: (UTC+06:00) Bişkek,
  Bangladesh Standard Time: (UTC+06:00) Dəkkə,
  Omsk Standard Time: (UTC+06:00) Omsk,
  Myanmar Standard Time: (UTC+06:30) Yanqon (Ranqun),
  SE Asia Standard Time: (UTC+07:00) Banqkok, Hanoy, Cakarta,
  Altai Standard Time: (UTC+07:00) Barnaul, Qorno-Altaysk,
  W. Mongolia Standard Time: (UTC+07:00) Hovd,
  North Asia Standard Time: (UTC+07:00) Krasnoyarsk,
  N. Central Asia Standard Time: (UTC+07:00) Novosibirsk,
  Tomsk Standard Time: (UTC+07:00) Tomsk,
  China Standard Time: (UTC+08:00) Pekin, Çonqkinq, Honq Konq, Urumçi,
  North Asia East Standard Time: (UTC+08:00) İrkutsk,
  Singapore Standard Time: (UTC+08:00) Kuala Lumpur, Sinqapur,
  W. Australia Standard Time: (UTC+08:00) Pert,
  Taipei Standard Time: (UTC+08:00) Taypey,
  Ulaanbaatar Standard Time: (UTC+08:00) Ulanbator,
  Aus Central W. Standard Time: (UTC+08:45) Eukla,
  Transbaikal Standard Time: (UTC+09:00) Çita,
  Tokyo Standard Time: (UTC+09:00) Osaka, Sapporo, Tokio,
  North Korea Standard Time: (UTC+09:00) Pyonqyanq,
  Korea Standard Time: (UTC+09:00) Seul,
  Yakutsk Standard Time: (UTC+09:00) Yakutsk,
  Cen. Australia Standard Time: (UTC+09:30) Adelayde,
  AUS Central Standard Time: (UTC+09:30) Darvin,
  E. Australia Standard Time: (UTC+10:00) Brizbeyn,
  AUS Eastern Standard Time: (UTC+10:00) Kanberra, Melburn, Sidney,
  West Pacific Standard Time: (UTC+10:00) Quam, Port Moresbi,
  Tasmania Standard Time: (UTC+10:00) Hobart,
  Vladivostok Standard Time: (UTC+10:00) Vladivostok,
  Lord Howe Standard Time: (UTC+10:30) Lord Houv Adası,
  Bougainville Standard Time: (UTC+11:00) Buqenvil adası,
  Russia Time Zone 10: (UTC+11:00) Çokurdağ,
  Magadan Standard Time: (UTC+11:00) Maqadan,
  Norfolk Standard Time: (UTC+11:00) Norfolk adası,
  Sakhalin Standard Time: (UTC+11:00) Saxalin,
  Central Pacific Standard Time: (UTC+11:00) Solomon Ad., Yeni Kaledoniya,
  Russia Time Zone 11: (UTC+12:00) Anadır, Petropavlovsk-Kamçatski,
  New Zealand Standard Time: (UTC+12:00) Auklend, Vellinqton,
  UTC+12: (UTC+12:00) Koordinasiya Edilmiş Universal Vaxt+12,
  Fiji Standard Time: (UTC+12:00) Fici,
  Chatham Islands Standard Time: (UTC+12:45) Çatem adaları,
  UTC+13: (UTC+13:00) Koordinasiya Edilmiş Universal Vaxt+13,
  Tonga Standard Time: (UTC+13:00) Nukualofa,
  Samoa Standard Time: (UTC+13:00) Samoa,
  Line Islands Standard Time: (UTC+14:00) Kiritimati Adası
}