{
  Dateline Standard Time: (UTC-12:00) ዓለም አቀፍ የዴት ላይን ምዕራብ,
  UTC-11: (UTC-11:00) የተቀናጀ ዓለም አቀፋዊ ጊዜ-11,
  Aleutian Standard Time: (UTC-10:00) አሉሽን ደሴቶች,
  Hawaiian Standard Time: (UTC-10:00) ሃዋይ,
  Marquesas Standard Time: (UTC-09:30) ማርኬሰስ ደሴቶች,
  Alaskan Standard Time: (UTC-09:00) አላስካ,
  UTC-09: (UTC-09:00) የተቀናጀ ዓለም አቀፋዊ ጊዜ-09,
  Pacific Standard Time (Mexico): (UTC-08:00) ባጃ ካሊፎርኒያ,
  UTC-08: (UTC-08:00) የተቀናጀ ዓለም አቀፋዊ ጊዜ-08,
  Pacific Standard Time: (UTC-08:00) ፓስፊክ ጊዜ (አሜሪካና ካናዳ),
  US Mountain Standard Time: (UTC-07:00) አሪዞና,
  Mountain Standard Time (Mexico): (UTC-07:00) La Paz, Mazatlan,
  Mountain Standard Time: (UTC-07:00) ማውንቴን ጊዜ (አሜሪካና ካናዳ),
  Yukon Standard Time: (UTC-07:00) ዩኮን,
  Central America Standard Time: (UTC-06:00) ማዕከላዊ አሜሪካ,
  Central Standard Time: (UTC-06:00) ማዕከላዊ ጊዜ (አሜሪካና ካናዳ),
  Easter Island Standard Time: (UTC-06:00) ኢስተር ደሴት,
  Central Standard Time (Mexico): (UTC-06:00) ጉዳላጃራ፣ ሜክሲኮ ሲቲ፣ ሞንቴሪ,
  Canada Central Standard Time: (UTC-06:00) ሳስካቼዋን,
  SA Pacific Standard Time: (UTC-05:00) ቦጎታ፣ ሊማ፣ ኩዩቶ፣ ሪዮ ብራንኮ,
  Eastern Standard Time (Mexico): (UTC-05:00) ቼቱማል,
  Eastern Standard Time: (UTC-05:00) ምስራቃዊ ጊዜ (አሜሪካና ካናዳ),
  Haiti Standard Time: (UTC-05:00) ሃይቲ,
  Cuba Standard Time: (UTC-05:00) ሃቫና,
  US Eastern Standard Time: (UTC-05:00) ኢንዲያና (ምስራቅ),
  Turks And Caicos Standard Time: (UTC-05:00) ተርክስ እና ከይከስ,
  Atlantic Standard Time: (UTC-04:00) የአትላንቲክ ጊዜ (ካናዳ),
  Venezuela Standard Time: (UTC-04:00) ከራከስ,
  Central Brazilian Standard Time: (UTC-04:00) ኩያባ,
  SA Western Standard Time: (UTC-04:00) ጆርጅታውን፣ ላ ፓዝ፣ ማናውስ፣ ሳን ጁአን,
  Pacific SA Standard Time: (UTC-04:00) ሳንቲያጎ,
  Newfoundland Standard Time: (UTC-03:30) ኒውፋውንድላንድ,
  Tocantins Standard Time: (UTC-03:00) አርጉዊያ,
  Paraguay Standard Time: (UTC-03:00) አሱንሲዮን,
  E. South America Standard Time: (UTC-03:00) ብራዚሊያ,
  SA Eastern Standard Time: (UTC-03:00) ካይን፣ ፎርታሌዛ,
  Argentina Standard Time: (UTC-03:00) የቦነስ አይረስ ከተማ,
  Montevideo Standard Time: (UTC-03:00) ሞንቴቪዲዮ,
  Magallanes Standard Time: (UTC-03:00) ፑንታ አሪናስ,
  Saint Pierre Standard Time: (UTC-03:00) ሳን ፒየር እና ሜክሎን,
  Bahia Standard Time: (UTC-03:00) ሳልቫዶር,
  UTC-02: (UTC-02:00) የተቀናጀ ዓለም አቀፋዊ ጊዜ-02,
  Greenland Standard Time: (UTC-02:00) ግሪንላንድ,
  Azores Standard Time: (UTC-01:00) አዞርስ,
  Cape Verde Standard Time: (UTC-01:00) ካቦ ቨርዲ ደሴት,
  UTC: (UTC) የተቀናጀ ዓለም አቀፋዊ ጊዜ,
  GMT Standard Time: (UTC+00:00) ዱብሊን፣ ኤደንብራ፣ ሊዝበን፣ ለንደን,
  Greenwich Standard Time: (UTC+00:00) ሞንሮቪያ፣ ሬኬቪክ,
  Sao Tome Standard Time: (UTC+00:00) ሳኦ ቶሚ,
  Morocco Standard Time: (UTC+01:00) ካዛብላንካ,
  W. Europe Standard Time: (UTC+01:00) አምስተርዳም፣ በርሊን፣ በርን፣ ሮማ፣ ስቶክሆልም፣ ቬና,
  Central Europe Standard Time: (UTC+01:00) ቤልግሬድ፣ ብራቲስላቫ፣ ቡዳፔስት፣ ልጁብልጃና፣ ፕራግ,
  Romance Standard Time: (UTC+01:00) ብሩሴልስ፣ ኮፐንሃገን፣ ማድሪድ፣ ፓሪስ,
  Central European Standard Time: (UTC+01:00) ሳራይቮ፣ ስኮፔይ፣ ዋርሶ፣ ዛግሬብ,
  W. Central Africa Standard Time: (UTC+01:00) ምዕራባዊ ማዕከላዊ አፍሪካ,
  GTB Standard Time: (UTC+02:00) አቴንስ፣ ቡካሬስት,
  Middle East Standard Time: (UTC+02:00) ቤሩት,
  Egypt Standard Time: (UTC+02:00) ካይሮ,
  E. Europe Standard Time: (UTC+02:00) ኪሺናዉ,
  West Bank Standard Time: (UTC+02:00) ጋዛ፣ ሆብሮን,
  South Africa Standard Time: (UTC+02:00) ሃራሬ፣ ፕሪቶሪያ,
  FLE Standard Time: (UTC+02:00) ሄልስንኪ፣ ኪየቭ፣ ሪጋ፣ ሶፊያ፣ ታሊን፣ ቪልኑስ,
  Israel Standard Time: (UTC+02:00) እየሩሳሌም,
  South Sudan Standard Time: (UTC+02:00) Juba,
  Kaliningrad Standard Time: (UTC+02:00) ካሊኒንግራድ,
  Sudan Standard Time: (UTC+02:00) ካርቱም,
  Libya Standard Time: (UTC+02:00) ትሪፖሊ,
  Namibia Standard Time: (UTC+02:00) ዊንድሆክ,
  Jordan Standard Time: (UTC+03:00) አማን,
  Arabic Standard Time: (UTC+03:00) ባግዳድ,
  Syria Standard Time: (UTC+03:00) ዳማስከስ,
  Turkey Standard Time: (UTC+03:00) ኢስታንቡል,
  Arab Standard Time: (UTC+03:00) ኩዌት፣ ሪያድ,
  Belarus Standard Time: (UTC+03:00) ሚንስክ,
  Russian Standard Time: (UTC+03:00) ሞስኮ፣ ሴንት ፒተርስበርግ,
  E. Africa Standard Time: (UTC+03:00) ናይሮቢ,
  Volgograd Standard Time: (UTC+03:00) ቮልጎግራድ,
  Iran Standard Time: (UTC+03:30) ቴህራን,
  Arabian Standard Time: (UTC+04:00) አቡ ዳቢ፣ ሙስካት,
  Astrakhan Standard Time: (UTC+04:00) አስትራካሃን፣ ኡልያኖቭስክ,
  Azerbaijan Standard Time: (UTC+04:00) ባኩ,
  Russia Time Zone 3: (UTC+04:00) ኢዝሃቭስክ፣ ሳማራ,
  Mauritius Standard Time: (UTC+04:00) ፖርት ልዊስ,
  Saratov Standard Time: (UTC+04:00) ሳራቶቭ,
  Georgian Standard Time: (UTC+04:00) ትቢሊሲ,
  Caucasus Standard Time: (UTC+04:00) የርቫን,
  Afghanistan Standard Time: (UTC+04:30) ካቡል,
  West Asia Standard Time: (UTC+05:00) አሽጋባት፣ ታሽኬንት,
  Qyzylorda Standard Time: (UTC+05:00) አስታና,
  Ekaterinburg Standard Time: (UTC+05:00) ኤክተሪንበርግ,
  Pakistan Standard Time: (UTC+05:00) ኢስላማባድ፣ ካራቺ,
  India Standard Time: (UTC+05:30) ቼናይ፣ ኮልካታ፣ ሙምባይ፣ ኒው ደልሂ,
  Sri Lanka Standard Time: (UTC+05:30) ስሪ ጃያዋርዴኔፑራ,
  Nepal Standard Time: (UTC+05:45) ካታማንዱ,
  Central Asia Standard Time: (UTC+06:00) ቢሽኬክ,
  Bangladesh Standard Time: (UTC+06:00) ዳሃካ,
  Omsk Standard Time: (UTC+06:00) ኦምስክ,
  Myanmar Standard Time: (UTC+06:30) ያንጎን (ራንጎን),
  SE Asia Standard Time: (UTC+07:00) ባንኮክ፣ ሃኖይ፣ ጃካርታ,
  Altai Standard Time: (UTC+07:00) ባርናውል፣ ጎርኖ-አልታይስክ,
  W. Mongolia Standard Time: (UTC+07:00) ሆቭድ,
  North Asia Standard Time: (UTC+07:00) ክራስኖያርስክ,
  N. Central Asia Standard Time: (UTC+07:00) ኖቮሲቢርስክ,
  Tomsk Standard Time: (UTC+07:00) ታምስክ,
  China Standard Time: (UTC+08:00) ቤጂንግ፣ ቾንግኪንግ፣ ሆንግ ኮንግ፣ ኡሩምኪ,
  North Asia East Standard Time: (UTC+08:00) ኢርኩትስክ,
  Singapore Standard Time: (UTC+08:00) ኩላምፑር፣ ሲንጋፖር,
  W. Australia Standard Time: (UTC+08:00) ፐርዝ,
  Taipei Standard Time: (UTC+08:00) ቴይፒ,
  Ulaanbaatar Standard Time: (UTC+08:00) ኡላንባታር,
  Aus Central W. Standard Time: (UTC+08:45) ዩክላ,
  Transbaikal Standard Time: (UTC+09:00) ቺታ,
  Tokyo Standard Time: (UTC+09:00) ኦሳካ፣ ሳፖሮ፣ ቶክዮ,
  North Korea Standard Time: (UTC+09:00) ፒዮንግያንግ,
  Korea Standard Time: (UTC+09:00) ስኦል,
  Yakutsk Standard Time: (UTC+09:00) ያኩትስክ,
  Cen. Australia Standard Time: (UTC+09:30) አዴላይድ,
  AUS Central Standard Time: (UTC+09:30) ዳርዊን,
  E. Australia Standard Time: (UTC+10:00) ብሪስባን,
  AUS Eastern Standard Time: (UTC+10:00) ካንቤራ፣ ሜልቦርን፣ ሲዲኒ,
  West Pacific Standard Time: (UTC+10:00) ጉዋም፣ ፖርት ሞርስባይ,
  Tasmania Standard Time: (UTC+10:00) ሆባርት,
  Vladivostok Standard Time: (UTC+10:00) ቭላዲቮስቶክ,
  Lord Howe Standard Time: (UTC+10:30) ሎርድ ሆዌ ደሴት,
  Bougainville Standard Time: (UTC+11:00) ቡግንቪል ደሴት,
  Russia Time Zone 10: (UTC+11:00) ቾኩርዳክህ,
  Magadan Standard Time: (UTC+11:00) ማጋዳን,
  Norfolk Standard Time: (UTC+11:00) ኖርፎክ ደሴት,
  Sakhalin Standard Time: (UTC+11:00) ሳክሃሊን,
  Central Pacific Standard Time: (UTC+11:00) ሰለሞን ደሴት፣ ኒው ካሊዶኒያ,
  Russia Time Zone 11: (UTC+12:00) አናዲር፣ ፔትሮፓቭሎቭስክ-ካምቻትስኪ,
  New Zealand Standard Time: (UTC+12:00) ኦክላንድ፣ ዌሊንግተን,
  UTC+12: (UTC+12:00) የተቀናጀ ዓለም አቀፋዊ ጊዜ+12,
  Fiji Standard Time: (UTC+12:00) ፊጂ,
  Chatham Islands Standard Time: (UTC+12:45) ቻተም ደሴቶች,
  UTC+13: (UTC+13:00) የተቀናጀ ዓለም አቀፋዊ ጊዜ+13,
  Tonga Standard Time: (UTC+13:00) ኑኩዋሎፋ,
  Samoa Standard Time: (UTC+13:00) ሳሞዋ,
  Line Islands Standard Time: (UTC+14:00) ኪሪቲማቲ ደሴት
}