{
  Dateline Standard Time: (UTC-12:00) 国際日付変更線 西側,
  UTC-11: (UTC-11:00) 協定世界時-11,
  Aleutian Standard Time: (UTC-10:00) アリューシャン諸島,
  Hawaiian Standard Time: (UTC-10:00) ハワイ,
  Marquesas Standard Time: (UTC-09:30) マルキーズ諸島,
  Alaskan Standard Time: (UTC-09:00) アラスカ,
  UTC-09: (UTC-09:00) 協定世界時-09,
  Pacific Standard Time (Mexico): (UTC-08:00) バハカリフォルニア,
  UTC-08: (UTC-08:00) 協定世界時-08,
  Pacific Standard Time: (UTC-08:00) 太平洋標準時 (米国およびカナダ),
  US Mountain Standard Time: (UTC-07:00) アリゾナ,
  Mountain Standard Time (Mexico): (UTC-07:00) チワワ、ラパス、マサトラン,
  Mountain Standard Time: (UTC-07:00) 山地標準時 (米国およびカナダ),
  Yukon Standard Time: (UTC-07:00) ユーコン,
  Central America Standard Time: (UTC-06:00) 中央アメリカ,
  Central Standard Time: (UTC-06:00) 中部標準時 (米国およびカナダ),
  Easter Island Standard Time: (UTC-06:00) イースター島,
  Central Standard Time (Mexico): (UTC-06:00) グアダラハラ、メキシコシティ、モンテレー,
  Canada Central Standard Time: (UTC-06:00) サスカチュワン,
  SA Pacific Standard Time: (UTC-05:00) ボゴタ、リマ、キト、リオ ブランコ,
  Eastern Standard Time (Mexico): (UTC-05:00) チェトゥマル,
  Eastern Standard Time: (UTC-05:00) 東部標準時 (米国およびカナダ),
  Haiti Standard Time: (UTC-05:00) ハイチ,
  Cuba Standard Time: (UTC-05:00) ハバナ,
  US Eastern Standard Time: (UTC-05:00) インディアナ東部,
  Turks And Caicos Standard Time: (UTC-05:00) タークス・カイコス諸島,
  Paraguay Standard Time: (UTC-04:00) アスンシオン,
  Atlantic Standard Time: (UTC-04:00) 大西洋標準時 (カナダ),
  Venezuela Standard Time: (UTC-04:00) カラカス,
  Central Brazilian Standard Time: (UTC-04:00) クイアバ,
  SA Western Standard Time: (UTC-04:00) ジョージタウン、ラパス、マナウス、サンフアン,
  Pacific SA Standard Time: (UTC-04:00) サンティアゴ,
  Newfoundland Standard Time: (UTC-03:30) ニューファンドランド,
  Tocantins Standard Time: (UTC-03:00) アラグァイナ,
  E. South America Standard Time: (UTC-03:00) ブラジリア,
  SA Eastern Standard Time: (UTC-03:00) カイエンヌ、フォルタレザ ,
  Argentina Standard Time: (UTC-03:00) ブエノスアイレス,
  Greenland Standard Time: (UTC-03:00) グリーンランド,
  Montevideo Standard Time: (UTC-03:00) モンテビデオ,
  Magallanes Standard Time: (UTC-03:00) プンタアレーナス,
  Saint Pierre Standard Time: (UTC-03:00) サンピエール・ミクロン,
  Bahia Standard Time: (UTC-03:00) サルバドル,
  UTC-02: (UTC-02:00) 協定世界時-02,
  Azores Standard Time: (UTC-01:00) アゾレス諸島,
  Cape Verde Standard Time: (UTC-01:00) カーボベルデ諸島,
  UTC: (UTC) 協定世界時,
  GMT Standard Time: (UTC+00:00) ダブリン、エジンバラ、リスボン、ロンドン,
  Greenwich Standard Time: (UTC+00:00) モンロビア、レイキャビク,
  Sao Tome Standard Time: (UTC+00:00) サントメ,
  Morocco Standard Time: (UTC+01:00) カサブランカ,
  W. Europe Standard Time: (UTC+01:00) アムステルダム、ベルリン､ベルン、ローマ､ストックホルム､ウィーン,
  Central Europe Standard Time: (UTC+01:00) ベオグラード、ブラチスラバ、ブダペスト、リュブリャナ、プラハ,
  Romance Standard Time: (UTC+01:00) ブリュッセル、コペンハーゲン、マドリード、パリ,
  Central European Standard Time: (UTC+01:00) サラエボ、スコピエ、ワルシャワ、ザグレブ,
  W. Central Africa Standard Time: (UTC+01:00) 西中央アフリカ,
  GTB Standard Time: (UTC+02:00) アテネ、ブカレスト,
  Middle East Standard Time: (UTC+02:00) ベイルート,
  Egypt Standard Time: (UTC+02:00) カイロ,
  E. Europe Standard Time: (UTC+02:00) キシナウ,
  Syria Standard Time: (UTC+02:00) ダマスカス,
  West Bank Standard Time: (UTC+02:00) ガザ、ヘブロン,
  South Africa Standard Time: (UTC+02:00) ハラーレ、プレトリア,
  FLE Standard Time: (UTC+02:00) ヘルシンキ、キエフ、リガ、ソフィア、タリン、ビリニュス,
  Israel Standard Time: (UTC+02:00) エルサレム,
  South Sudan Standard Time: (UTC+02:00) ジュバ,
  Kaliningrad Standard Time: (UTC+02:00) カリーニングラード,
  Sudan Standard Time: (UTC+02:00) ハルツーム,
  Libya Standard Time: (UTC+02:00) トリポリ,
  Namibia Standard Time: (UTC+02:00) ウィントフック,
  Jordan Standard Time: (UTC+03:00) アンマン,
  Arabic Standard Time: (UTC+03:00) バグダッド,
  Turkey Standard Time: (UTC+03:00) イスタンブール,
  Arab Standard Time: (UTC+03:00) クウェート、リヤド,
  Belarus Standard Time: (UTC+03:00) ミンスク,
  Russian Standard Time: (UTC+03:00) モスクワ、サンクトペテルブルク,
  E. Africa Standard Time: (UTC+03:00) ナイロビ,
  Volgograd Standard Time: (UTC+03:00) ヴォルゴグラード,
  Iran Standard Time: (UTC+03:30) テヘラン,
  Arabian Standard Time: (UTC+04:00) アブダビ、マスカット,
  Astrakhan Standard Time: (UTC+04:00) アストラハン、ウリヤノフスク,
  Azerbaijan Standard Time: (UTC+04:00) バク,
  Russia Time Zone 3: (UTC+04:00) イジェフスク、サマーラ,
  Mauritius Standard Time: (UTC+04:00) ポート ルイス,
  Saratov Standard Time: (UTC+04:00) サラトフ,
  Georgian Standard Time: (UTC+04:00) トビリシ,
  Caucasus Standard Time: (UTC+04:00) エレバン,
  Afghanistan Standard Time: (UTC+04:30) カブール,
  West Asia Standard Time: (UTC+05:00) アシハバード、タシケント,
  Ekaterinburg Standard Time: (UTC+05:00) エカテリンバーグ,
  Pakistan Standard Time: (UTC+05:00) イスラマバード、カラチ,
  Qyzylorda Standard Time: (UTC+05:00) クズロルダ,
  India Standard Time: (UTC+05:30) チェンナイ、コルカタ、ムンバイ、ニューデリー,
  Sri Lanka Standard Time: (UTC+05:30) スリジャヤワルダナプラコッテ,
  Nepal Standard Time: (UTC+05:45) カトマンズ,
  Central Asia Standard Time: (UTC+06:00) アスタナ,
  Bangladesh Standard Time: (UTC+06:00) ダッカ,
  Omsk Standard Time: (UTC+06:00) オムスク,
  Myanmar Standard Time: (UTC+06:30) ヤンゴン (ラングーン),
  SE Asia Standard Time: (UTC+07:00) バンコク、ハノイ、ジャカルタ,
  Altai Standard Time: (UTC+07:00) バルナウル、ゴルノ・アルタイスク,
  W. Mongolia Standard Time: (UTC+07:00) ホブド,
  North Asia Standard Time: (UTC+07:00) クラスノヤルスク,
  N. Central Asia Standard Time: (UTC+07:00) ノボシビルスク,
  Tomsk Standard Time: (UTC+07:00) トムスク,
  China Standard Time: (UTC+08:00) 北京、重慶、香港特別行政区、ウルムチ,
  North Asia East Standard Time: (UTC+08:00) イルクーツク,
  Singapore Standard Time: (UTC+08:00) クアラルンプール、シンガポール,
  W. Australia Standard Time: (UTC+08:00) パース,
  Taipei Standard Time: (UTC+08:00) 台北,
  Ulaanbaatar Standard Time: (UTC+08:00) ウランバートル,
  Aus Central W. Standard Time: (UTC+08:45) ユークラ,
  Transbaikal Standard Time: (UTC+09:00) チタ,
  Tokyo Standard Time: (UTC+09:00) 大阪、札幌、東京,
  North Korea Standard Time: (UTC+09:00) 平壌,
  Korea Standard Time: (UTC+09:00) ソウル,
  Yakutsk Standard Time: (UTC+09:00) ヤクーツク,
  Cen. Australia Standard Time: (UTC+09:30) アデレード,
  AUS Central Standard Time: (UTC+09:30) ダーウィン,
  E. Australia Standard Time: (UTC+10:00) ブリズベン,
  AUS Eastern Standard Time: (UTC+10:00) キャンベラ、メルボルン、シドニー,
  West Pacific Standard Time: (UTC+10:00) グアム、ポートモレスビー,
  Tasmania Standard Time: (UTC+10:00) ホバート,
  Vladivostok Standard Time: (UTC+10:00) ウラジオストク,
  Lord Howe Standard Time: (UTC+10:30) ロードハウ島,
  Bougainville Standard Time: (UTC+11:00) ブーゲンビル島,
  Russia Time Zone 10: (UTC+11:00) チョクルダフ,
  Magadan Standard Time: (UTC+11:00) マガダン,
  Norfolk Standard Time: (UTC+11:00) ノーフォーク島,
  Sakhalin Standard Time: (UTC+11:00) サハリン,
  Central Pacific Standard Time: (UTC+11:00) ソロモン諸島、ニューカレドニア,
  Russia Time Zone 11: (UTC+12:00) アナディリ、ペトロパブロフスク・カムチャツキー,
  New Zealand Standard Time: (UTC+12:00) オークランド、ウェリントン,
  UTC+12: (UTC+12:00) 協定世界時+12,
  Fiji Standard Time: (UTC+12:00) フィジー,
  Chatham Islands Standard Time: (UTC+12:45) チャタム諸島,
  UTC+13: (UTC+13:00) 協定世界時+13,
  Tonga Standard Time: (UTC+13:00) ヌクアロファ,
  Samoa Standard Time: (UTC+13:00) サモア,
  Line Islands Standard Time: (UTC+14:00) クリスマス島
}