{
  Dateline Standard Time: (UTC-12:00) Međunarodna datumska granica - Zapad,
  UTC-11: (UTC-11:00) Univerzalno koordinirano vrijeme-11,
  Aleutian Standard Time: (UTC-10:00) Aleutski otoci,
  Hawaiian Standard Time: (UTC-10:00) Havaji,
  Marquesas Standard Time: (UTC-09:30) Markižansko otočje,
  Alaskan Standard Time: (UTC-09:00) Aljaska,
  UTC-09: (UTC-09:00) Univerzalno koordinirano vrijeme-09,
  Pacific Standard Time (Mexico): (UTC-08:00) Baja California,
  UTC-08: (UTC-08:00) Univerzalno koordinirano vrijeme-08,
  Pacific Standard Time: (UTC-08:00) Pacifičko vrijeme (SAD i Kanada),
  US Mountain Standard Time: (UTC-07:00) Arizona,
  Mountain Standard Time (Mexico): (UTC-07:00) Chihuahua, La Paz, Mazatlan,
  Mountain Standard Time: (UTC-07:00) Rokimauntinsko vrijeme (SAD i Kanada),
  Yukon Standard Time: (UTC-07:00) Yukon,
  Central America Standard Time: (UTC-06:00) Srednja Amerika,
  Central Standard Time: (UTC-06:00) Srednjoameričko vrijeme (SAD i Kanada),
  Easter Island Standard Time: (UTC-06:00) Uskršnji otoci,
  Central Standard Time (Mexico): (UTC-06:00) Guadalajara, Mexico City, Monterrey,
  Canada Central Standard Time: (UTC-06:00) Saskatchewan,
  SA Pacific Standard Time: (UTC-05:00) Bogota, Lima, Quito, Rio Branco,
  Eastern Standard Time (Mexico): (UTC-05:00) Chetumal,
  Eastern Standard Time: (UTC-05:00) Istočnoameričko vrijeme (SAD i Kanada),
  Haiti Standard Time: (UTC-05:00) Haiti,
  Cuba Standard Time: (UTC-05:00) Havana,
  US Eastern Standard Time: (UTC-05:00) Indiana (Istok),
  Turks And Caicos Standard Time: (UTC-05:00) Turks i Caicos,
  Paraguay Standard Time: (UTC-04:00) Asuncion,
  Atlantic Standard Time: (UTC-04:00) Atlantsko vrijeme (Kanada),
  Venezuela Standard Time: (UTC-04:00) Caracas,
  Central Brazilian Standard Time: (UTC-04:00) Cuiaba,
  SA Western Standard Time: (UTC-04:00) Georgetown, La Paz, Manaus, San Juan,
  Pacific SA Standard Time: (UTC-04:00) Santiago,
  Newfoundland Standard Time: (UTC-03:30) Newfoundland,
  Tocantins Standard Time: (UTC-03:00) Araguaina,
  E. South America Standard Time: (UTC-03:00) Brazilija,
  SA Eastern Standard Time: (UTC-03:00) Cayenne, Fortaleza,
  Argentina Standard Time: (UTC-03:00) Buenos Aires,
  Greenland Standard Time: (UTC-03:00) Grenland,
  Montevideo Standard Time: (UTC-03:00) Montevideo,
  Magallanes Standard Time: (UTC-03:00) Punta Arenas,
  Saint Pierre Standard Time: (UTC-03:00) Sveti Petar i Mikelon,
  Bahia Standard Time: (UTC-03:00) Salvador,
  UTC-02: (UTC-02:00) Univerzalno koordinirano vrijeme-02,
  Azores Standard Time: (UTC-01:00) Azurni otoci,
  Cape Verde Standard Time: (UTC-01:00) Otočje Kabo Verde,
  UTC: (UTC) Univerzalno koordinirano vrijeme,
  GMT Standard Time: (UTC+00:00) Dublin, Edinburgh, Lisabon, London,
  Greenwich Standard Time: (UTC+00:00) Monrovia, Reykjavik,
  Sao Tome Standard Time: (UTC+00:00) Sveti Toma,
  Morocco Standard Time: (UTC+01:00) Casablanca,
  W. Europe Standard Time: (UTC+01:00) Amsterdam, Berlin, Bern, Rim, Stockholm, Beč,
  Central Europe Standard Time: (UTC+01:00) Beograd, Bratislava, Budimpešta, Ljubljana, Prag,
  Romance Standard Time: (UTC+01:00) Bruxelles, Kopenhagen, Madrid, Pariz,
  Central European Standard Time: (UTC+01:00) Sarajevo, Skoplje, Varšava, Zagreb,
  W. Central Africa Standard Time: (UTC+01:00) Zapad Središnje Afrike,
  Jordan Standard Time: (UTC+02:00) Amman,
  GTB Standard Time: (UTC+02:00) Atena, Bukurešt,
  Middle East Standard Time: (UTC+02:00) Beirut,
  Egypt Standard Time: (UTC+02:00) Kairo,
  E. Europe Standard Time: (UTC+02:00) Chisinau,
  Syria Standard Time: (UTC+02:00) Damask,
  West Bank Standard Time: (UTC+02:00) Gaza, Hebron,
  South Africa Standard Time: (UTC+02:00) Harare, Pretoria,
  FLE Standard Time: (UTC+02:00) Helsinki, Kijev, Riga, Sofija, Talinn, Vilnius,
  Israel Standard Time: (UTC+02:00) Jeruzalem,
  South Sudan Standard Time: (UTC+02:00) Juba,
  Kaliningrad Standard Time: (UTC+02:00) Kalinjingrad,
  Sudan Standard Time: (UTC+02:00) Khartoum,
  Libya Standard Time: (UTC+02:00) Tripoli,
  Namibia Standard Time: (UTC+02:00) Windhoek,
  Arabic Standard Time: (UTC+03:00) Bagdad,
  Turkey Standard Time: (UTC+03:00) Istambul,
  Arab Standard Time: (UTC+03:00) Kuwait, Riyadh,
  Belarus Standard Time: (UTC+03:00) Minsk,
  Russian Standard Time: (UTC+03:00) Moskva, St. Peterburg,
  E. Africa Standard Time: (UTC+03:00) Nairobi,
  Volgograd Standard Time: (UTC+03:00) Volgograd,
  Iran Standard Time: (UTC+03:30) Teheran,
  Arabian Standard Time: (UTC+04:00) Abu Dhabi, Muscat,
  Astrakhan Standard Time: (UTC+04:00) Astrahan, Uljanovsk,
  Azerbaijan Standard Time: (UTC+04:00) Baku,
  Russia Time Zone 3: (UTC+04:00) Iževsk, Samara,
  Mauritius Standard Time: (UTC+04:00) Port Louis,
  Saratov Standard Time: (UTC+04:00) Saratov,
  Georgian Standard Time: (UTC+04:00) Tbilisi,
  Caucasus Standard Time: (UTC+04:00) Erevan,
  Afghanistan Standard Time: (UTC+04:30) Kabul,
  West Asia Standard Time: (UTC+05:00) Ashgabat, Taškent,
  Ekaterinburg Standard Time: (UTC+05:00) Ekaterinburg,
  Pakistan Standard Time: (UTC+05:00) Islamabad, Karači,
  Qyzylorda Standard Time: (UTC+05:00) Kizilorda,
  India Standard Time: (UTC+05:30) Chennai, Calcuta, Bombay, New Delhi,
  Sri Lanka Standard Time: (UTC+05:30) Sri Jayawardenepura,
  Nepal Standard Time: (UTC+05:45) Katmandu,
  Central Asia Standard Time: (UTC+06:00) Astana,
  Bangladesh Standard Time: (UTC+06:00) Dhaka,
  Omsk Standard Time: (UTC+06:00) Omsk,
  Myanmar Standard Time: (UTC+06:30) Yangon (Rangoon),
  SE Asia Standard Time: (UTC+07:00) Bangkok, Hanoi, Džakarta,
  Altai Standard Time: (UTC+07:00) Barnaul, Gorno-Altajsk,
  W. Mongolia Standard Time: (UTC+07:00) Hovd,
  North Asia Standard Time: (UTC+07:00) Krasnojarsk,
  N. Central Asia Standard Time: (UTC+07:00) Novosibirsk,
  Tomsk Standard Time: (UTC+07:00) Tomsk,
  China Standard Time: (UTC+08:00) Peking, Chongqing, Posebno upravno područje Hong Kong, Urumqi,
  North Asia East Standard Time: (UTC+08:00) Irkutsk,
  Singapore Standard Time: (UTC+08:00) Kuala Lumpur, Singapur,
  W. Australia Standard Time: (UTC+08:00) Perth,
  Taipei Standard Time: (UTC+08:00) Taipei,
  Ulaanbaatar Standard Time: (UTC+08:00) Ulan Bator,
  Aus Central W. Standard Time: (UTC+08:45) Eucla,
  Transbaikal Standard Time: (UTC+09:00) Čita,
  Tokyo Standard Time: (UTC+09:00) Osaka, Sapporo, Tokio,
  North Korea Standard Time: (UTC+09:00) Pyongyang,
  Korea Standard Time: (UTC+09:00) Seoul,
  Yakutsk Standard Time: (UTC+09:00) Jakutsk,
  Cen. Australia Standard Time: (UTC+09:30) Adelaide,
  AUS Central Standard Time: (UTC+09:30) Darwin,
  E. Australia Standard Time: (UTC+10:00) Brisbane,
  AUS Eastern Standard Time: (UTC+10:00) Canberra, Melbourne, Sydney,
  West Pacific Standard Time: (UTC+10:00) Guam, Port Moresby,
  Tasmania Standard Time: (UTC+10:00) Hobart,
  Vladivostok Standard Time: (UTC+10:00) Vladivostok,
  Lord Howe Standard Time: (UTC+10:30) Otok Lord Howe,
  Bougainville Standard Time: (UTC+11:00) Otok Bougainville,
  Russia Time Zone 10: (UTC+11:00) Čokurdah,
  Magadan Standard Time: (UTC+11:00) Magadan,
  Norfolk Standard Time: (UTC+11:00) Otok Norfolk,
  Sakhalin Standard Time: (UTC+11:00) Sahalin,
  Central Pacific Standard Time: (UTC+11:00) Solomonsko otočje, Nova Kaledonija,
  Russia Time Zone 11: (UTC+12:00) Anadir, Petropavlovsk-Kamčatski,
  New Zealand Standard Time: (UTC+12:00) Auckland, Wellington,
  UTC+12: (UTC+12:00) Univerzalno koordinirano vrijeme+12,
  Fiji Standard Time: (UTC+12:00) Fidži,
  Chatham Islands Standard Time: (UTC+12:45) Chathamski otoci,
  UTC+13: (UTC+13:00) Univerzalno koordinirano vrijeme+13,
  Tonga Standard Time: (UTC+13:00) Nuku'alofa,
  Samoa Standard Time: (UTC+13:00) Samoa,
  Line Islands Standard Time: (UTC+14:00) Otok Kiritimati
}