{
  Dateline Standard Time: (UTC-12:00) Międzynarodowa linia zmiany daty — Zachód,
  UTC-11: (UTC-11:00) Uniwersalny czas koordynowany – 11,
  Aleutian Standard Time: (UTC-10:00) Wyspy Aleuckie,
  Hawaiian Standard Time: (UTC-10:00) Hawaje,
  Marquesas Standard Time: (UTC-09:30) Wyspy Markizy,
  Alaskan Standard Time: (UTC-09:00) Alaska,
  UTC-09: (UTC-09:00) Uniwersalny czas koordynowany – 09,
  Pacific Standard Time (Mexico): (UTC-08:00) Kalifornia Dolna,
  UTC-08: (UTC-08:00) Uniwersalny czas koordynowany – 08,
  Pacific Standard Time: (UTC-08:00) Czas pacyficzny (Stany Zjednoczone i Kanada),
  US Mountain Standard Time: (UTC-07:00) Arizona,
  Mountain Standard Time (Mexico): (UTC-07:00) La Paz, Mazatlan,
  Mountain Standard Time: (UTC-07:00) Stany Zjednoczone i Kanada (czas górski),
  Yukon Standard Time: (UTC-07:00) Jukon,
  Central America Standard Time: (UTC-06:00) Ameryka Środkowa,
  Central Standard Time: (UTC-06:00) Stany Zjednoczone i Kanada (czas środkowy),
  Easter Island Standard Time: (UTC-06:00) Wyspa Wielkanocna,
  Central Standard Time (Mexico): (UTC-06:00) Guadalajara, Meksyk, Monterrey,
  Canada Central Standard Time: (UTC-06:00) Saskatchewan,
  SA Pacific Standard Time: (UTC-05:00) Bogota, Lima, Quito, Rio Branco,
  Eastern Standard Time (Mexico): (UTC-05:00) Chetumal,
  Eastern Standard Time: (UTC-05:00) Stany Zjednoczone i Kanada (czas wschodni),
  Haiti Standard Time: (UTC-05:00) Haiti,
  Cuba Standard Time: (UTC-05:00) Hawana,
  US Eastern Standard Time: (UTC-05:00) Indiana (Wschód),
  Turks And Caicos Standard Time: (UTC-05:00) Turks i Caicos,
  Atlantic Standard Time: (UTC-04:00) Czas atlantycki (Kanada),
  Venezuela Standard Time: (UTC-04:00) Caracas,
  Central Brazilian Standard Time: (UTC-04:00) Cuiaba,
  SA Western Standard Time: (UTC-04:00) Georgetown, La Paz, Manaus, San Juan,
  Pacific SA Standard Time: (UTC-04:00) Santiago,
  Newfoundland Standard Time: (UTC-03:30) Nowa Funlandia,
  Tocantins Standard Time: (UTC-03:00) Araguaina,
  Paraguay Standard Time: (UTC-03:00) Asuncion,
  E. South America Standard Time: (UTC-03:00) Brazylia,
  SA Eastern Standard Time: (UTC-03:00) Kajenna, Fortaleza,
  Argentina Standard Time: (UTC-03:00) Buenos Aires,
  Montevideo Standard Time: (UTC-03:00) Montevideo,
  Magallanes Standard Time: (UTC-03:00) Punta Arenas,
  Saint Pierre Standard Time: (UTC-03:00) Saint-Pierre i Miquelon,
  Bahia Standard Time: (UTC-03:00) Salwador,
  UTC-02: (UTC-02:00) Uniwersalny czas koordynowany – 02,
  Greenland Standard Time: (UTC-02:00) Grenlandia,
  Azores Standard Time: (UTC-01:00) Azory,
  Cape Verde Standard Time: (UTC-01:00) Cabo Verde,
  UTC: (UTC) Uniwersalny czas koordynowany,
  GMT Standard Time: (UTC+00:00) Dublin, Edynburg, Lizbona, Londyn,
  Greenwich Standard Time: (UTC+00:00) Monrovia, Reykjavik,
  Sao Tome Standard Time: (UTC+00:00) Sao Tome,
  Morocco Standard Time: (UTC+01:00) Casablanca,
  W. Europe Standard Time: (UTC+01:00) Amsterdam, Berlin, Berno, Rzym, Sztokholm, Wiedeń,
  Central Europe Standard Time: (UTC+01:00) Belgrad, Bratysława, Budapeszt, Lublana, Praga,
  Romance Standard Time: (UTC+01:00) Bruksela, Kopenhaga, Madryt, Paryż,
  Central European Standard Time: (UTC+01:00) Sarajewo, Skopie, Warszawa, Zagrzeb,
  W. Central Africa Standard Time: (UTC+01:00) Afryka Środkowozachodnia,
  GTB Standard Time: (UTC+02:00) Ateny, Bukareszt,
  Middle East Standard Time: (UTC+02:00) Bejrut,
  Egypt Standard Time: (UTC+02:00) Kair,
  E. Europe Standard Time: (UTC+02:00) Kiszyniów,
  West Bank Standard Time: (UTC+02:00) Gaza, Hebron,
  South Africa Standard Time: (UTC+02:00) Harare, Pretoria,
  FLE Standard Time: (UTC+02:00) Helsinki, Kijów, Ryga, Sofia, Tallin, Wilno,
  Israel Standard Time: (UTC+02:00) Jerozolima,
  South Sudan Standard Time: (UTC+02:00) Dżuba,
  Kaliningrad Standard Time: (UTC+02:00) Kaliningrad,
  Sudan Standard Time: (UTC+02:00) Chartum,
  Libya Standard Time: (UTC+02:00) Trypolis,
  Namibia Standard Time: (UTC+02:00) Windhuk,
  Jordan Standard Time: (UTC+03:00) Amman,
  Arabic Standard Time: (UTC+03:00) Bagdad,
  Syria Standard Time: (UTC+03:00) Damaszek,
  Turkey Standard Time: (UTC+03:00) Stambuł,
  Arab Standard Time: (UTC+03:00) Kuwejt, Rijad,
  Belarus Standard Time: (UTC+03:00) Mińsk,
  Russian Standard Time: (UTC+03:00) Moskwa, Petersburg,
  E. Africa Standard Time: (UTC+03:00) Nairobi,
  Volgograd Standard Time: (UTC+03:00) Wołgograd,
  Iran Standard Time: (UTC+03:30) Teheran,
  Arabian Standard Time: (UTC+04:00) Abu Zabi, Maskat,
  Astrakhan Standard Time: (UTC+04:00) Astrachań, Uljanowsk,
  Azerbaijan Standard Time: (UTC+04:00) Baku,
  Russia Time Zone 3: (UTC+04:00) Iżewsk, Samara,
  Mauritius Standard Time: (UTC+04:00) Port Louis,
  Saratov Standard Time: (UTC+04:00) Saratów,
  Georgian Standard Time: (UTC+04:00) Tbilisi,
  Caucasus Standard Time: (UTC+04:00) Erywań,
  Afghanistan Standard Time: (UTC+04:30) Kabul,
  West Asia Standard Time: (UTC+05:00) Aszchabad, Taszkient,
  Qyzylorda Standard Time: (UTC+05:00) Astana,
  Ekaterinburg Standard Time: (UTC+05:00) Jekaterynburg,
  Pakistan Standard Time: (UTC+05:00) Islamabad, Karaczi,
  India Standard Time: (UTC+05:30) Chennai, Kolkata, Mumbaj, Nowe Delhi,
  Sri Lanka Standard Time: (UTC+05:30) Sri Jayawardenepura,
  Nepal Standard Time: (UTC+05:45) Katmandu,
  Central Asia Standard Time: (UTC+06:00) Biszkek,
  Bangladesh Standard Time: (UTC+06:00) Dhaka,
  Omsk Standard Time: (UTC+06:00) Omsk,
  Myanmar Standard Time: (UTC+06:30) Yangon (Rangun),
  SE Asia Standard Time: (UTC+07:00) Bangkok, Hanoi, Dżakarta,
  Altai Standard Time: (UTC+07:00) Barnauł, Gornoałtajsk,
  W. Mongolia Standard Time: (UTC+07:00) Ajmak kobdoski,
  North Asia Standard Time: (UTC+07:00) Krasnojarsk,
  N. Central Asia Standard Time: (UTC+07:00) Nowosybirsk,
  Tomsk Standard Time: (UTC+07:00) Tomsk,
  China Standard Time: (UTC+08:00) Pekin, Chongping, Hongkong, Urumqi,
  North Asia East Standard Time: (UTC+08:00) Irkuck,
  Singapore Standard Time: (UTC+08:00) Kuala Lumpur, Singapur,
  W. Australia Standard Time: (UTC+08:00) Perth,
  Taipei Standard Time: (UTC+08:00) Tajpej,
  Ulaanbaatar Standard Time: (UTC+08:00) Ułan Bator,
  Aus Central W. Standard Time: (UTC+08:45) Eucla,
  Transbaikal Standard Time: (UTC+09:00) Czyta,
  Tokyo Standard Time: (UTC+09:00) Osaka, Sapporo, Tokio,
  North Korea Standard Time: (UTC+09:00) Phenian,
  Korea Standard Time: (UTC+09:00) Seul,
  Yakutsk Standard Time: (UTC+09:00) Jakuck,
  Cen. Australia Standard Time: (UTC+09:30) Adelajda,
  AUS Central Standard Time: (UTC+09:30) Darwin,
  E. Australia Standard Time: (UTC+10:00) Brisbane,
  AUS Eastern Standard Time: (UTC+10:00) Canberra, Melbourne, Sydney,
  West Pacific Standard Time: (UTC+10:00) Guam, Port Moresby,
  Tasmania Standard Time: (UTC+10:00) Hobart,
  Vladivostok Standard Time: (UTC+10:00) Władywostok,
  Lord Howe Standard Time: (UTC+10:30) Wyspa Lord Howe,
  Bougainville Standard Time: (UTC+11:00) Wyspa Bougainville,
  Russia Time Zone 10: (UTC+11:00) Czokurdach,
  Magadan Standard Time: (UTC+11:00) Magadan,
  Norfolk Standard Time: (UTC+11:00) Wyspa Norfolk,
  Sakhalin Standard Time: (UTC+11:00) Sachalin,
  Central Pacific Standard Time: (UTC+11:00) Wyspy Salomona, Nowa Kaledonia,
  Russia Time Zone 11: (UTC+12:00) Anadyr, Pietropawłowsk Kamczacki,
  New Zealand Standard Time: (UTC+12:00) Auckland, Wellington,
  UTC+12: (UTC+12:00) Uniwersalny czas koordynowany + 12,
  Fiji Standard Time: (UTC+12:00) Fidżi,
  Chatham Islands Standard Time: (UTC+12:45) Wyspy Chatham,
  UTC+13: (UTC+13:00) Uniwersalny czas koordynowany + 13,
  Tonga Standard Time: (UTC+13:00) Nuku'alofa,
  Samoa Standard Time: (UTC+13:00) Samoa,
  Line Islands Standard Time: (UTC+14:00) Wyspa Kiritimati
}