{
  Dateline Standard Time: (UTC-12:00) קו התאריך הבינלאומי המערבי,
  UTC-11: (UTC-11:00) זמן אוניברסלי מתואם-11,
  Aleutian Standard Time: (UTC-10:00) האיים האלאוטיים,
  Hawaiian Standard Time: (UTC-10:00) הוואי,
  Marquesas Standard Time: (UTC-09:30) איי מרקסס,
  Alaskan Standard Time: (UTC-09:00) אלסקה,
  UTC-09: (UTC-09:00) זמן אוניברסלי מתואם-09,
  Pacific Standard Time (Mexico): (UTC-08:00) באחה קליפורניה,
  UTC-08: (UTC-08:00) זמן אוניברסלי מתואם-08,
  Pacific Standard Time: (UTC-08:00) שעון החוף המערבי (ארה''ב וקנדה),
  US Mountain Standard Time: (UTC-07:00) אריזונה,
  Mountain Standard Time (Mexico): (UTC-07:00) לה פאס, מסטלאן,
  Mountain Standard Time: (UTC-07:00) שעון אזור ההרים (ארה''ב וקנדה),
  Yukon Standard Time: (UTC-07:00) יוקון,
  Central America Standard Time: (UTC-06:00) מרכז אמריקה,
  Central Standard Time: (UTC-06:00) שעון מרכז (ארה''ב וקנדה),
  Easter Island Standard Time: (UTC-06:00) אי הפסחא,
  Central Standard Time (Mexico): (UTC-06:00) גוואדאלאחארה, מקסיקו סיטי, מונטריי,
  Canada Central Standard Time: (UTC-06:00) ססקצ'וואן,
  SA Pacific Standard Time: (UTC-05:00) בוגוטה, לימה, קיטו, ריו ברנקו,
  Eastern Standard Time (Mexico): (UTC-05:00) צ'טומל,
  Eastern Standard Time: (UTC-05:00) שעון החוף המזרחי (ארה''ב וקנדה),
  Haiti Standard Time: (UTC-05:00) האיטי,
  Cuba Standard Time: (UTC-05:00) הוואנה,
  US Eastern Standard Time: (UTC-05:00) אינדיאנה (מזרח),
  Turks And Caicos Standard Time: (UTC-05:00) איי טרקס וקייקוס,
  Atlantic Standard Time: (UTC-04:00) שעון החוף המזרחי (קנדה),
  Venezuela Standard Time: (UTC-04:00) קראקס ,
  Central Brazilian Standard Time: (UTC-04:00) קוויאבה,
  SA Western Standard Time: (UTC-04:00) ג'ורג'טאון, לה פז, מנאוס, סאן חואן,
  Pacific SA Standard Time: (UTC-04:00) סנטיאגו,
  Newfoundland Standard Time: (UTC-03:30) ניופאונדלנד,
  Tocantins Standard Time: (UTC-03:00) ארגואינה,
  Paraguay Standard Time: (UTC-03:00) אסונסיון,
  E. South America Standard Time: (UTC-03:00) ברזיליה,
  SA Eastern Standard Time: (UTC-03:00) קאיין, פורטלזה,
  Argentina Standard Time: (UTC-03:00) בואנוס איירס,
  Montevideo Standard Time: (UTC-03:00) מונטווידאו,
  Magallanes Standard Time: (UTC-03:00) פונטה ארנס,
  Saint Pierre Standard Time: (UTC-03:00) סנט פייר ומיקלון,
  Bahia Standard Time: (UTC-03:00) סלבדור,
  UTC-02: (UTC-02:00) זמן אוניברסלי מתואם-02,
  Greenland Standard Time: (UTC-02:00) גרינלנד,
  Azores Standard Time: (UTC-01:00) האיים האזוריים,
  Cape Verde Standard Time: (UTC-01:00) איי קאבו ורדה,
  UTC: (UTC) זמן אוניברסלי מתואם,
  GMT Standard Time: (UTC+00:00) דבלין, אדינבורו, ליסבון, לונדון,
  Greenwich Standard Time: (UTC+00:00) מונרוביה, רייקיאוויק,
  Sao Tome Standard Time: (UTC+00:00) סאו טומה,
  Morocco Standard Time: (UTC+01:00) קזבלנקה‬,
  W. Europe Standard Time: (UTC+01:00) אמסטרדם, ברלין, ברן, רומא, סטוקהולם, וינה,
  Central Europe Standard Time: (UTC+01:00) בלגרד, ברטיסלבה, בודפשט, לובליאנה, פראג,
  Romance Standard Time: (UTC+01:00) בריסל, קופנהגן, מדריד, פריס,
  Central European Standard Time: (UTC+01:00) סרייבו, סקופיה, ורשה, זאגרב,
  W. Central Africa Standard Time: (UTC+01:00) מערב מרכז אפריקה,
  GTB Standard Time: (UTC+02:00) אתונה, בוקרשט,
  Middle East Standard Time: (UTC+02:00) ביירות,
  Egypt Standard Time: (UTC+02:00) קהיר,
  E. Europe Standard Time: (UTC+02:00) צ'יסינאו ,
  West Bank Standard Time: (UTC+02:00) עזה, חברון,
  South Africa Standard Time: (UTC+02:00) הרארה, פרטוריה,
  FLE Standard Time: (UTC+02:00) הלסינקי, קייב, ריגה, סופיה, טאלין, וילנה,
  Israel Standard Time: (UTC+02:00) ירושלים,
  South Sudan Standard Time: (UTC+02:00) ג'ובה,
  Kaliningrad Standard Time: (UTC+02:00) קלינינגראד,
  Sudan Standard Time: (UTC+02:00) חרטום,
  Libya Standard Time: (UTC+02:00) טריפולי,
  Namibia Standard Time: (UTC+02:00) וינדהוק,
  Jordan Standard Time: (UTC+03:00) רבת עמון,
  Arabic Standard Time: (UTC+03:00) בגדד,
  Syria Standard Time: (UTC+03:00) דמשק,
  Turkey Standard Time: (UTC+03:00) איסטנבול,
  Arab Standard Time: (UTC+03:00) כווית, ריאד,
  Belarus Standard Time: (UTC+03:00) מינסק,
  Russian Standard Time: (UTC+03:00) מוסקווה, סט. פטרסבורג,
  E. Africa Standard Time: (UTC+03:00) ניירובי,
  Volgograd Standard Time: (UTC+03:00) וולגוגרד,
  Iran Standard Time: (UTC+03:30) טהרן,
  Arabian Standard Time: (UTC+04:00) אבו דאבי, מוסקט,
  Astrakhan Standard Time: (UTC+04:00) אסטרחן, אוליאנובסק,
  Azerbaijan Standard Time: (UTC+04:00) באקו,
  Russia Time Zone 3: (UTC+04:00) איז'בסק, סמרה,
  Mauritius Standard Time: (UTC+04:00) פורט לואיס,
  Saratov Standard Time: (UTC+04:00) סרטוב,
  Georgian Standard Time: (UTC+04:00) טביליסי,
  Caucasus Standard Time: (UTC+04:00) ירוואן,
  Afghanistan Standard Time: (UTC+04:30) קאבול,
  West Asia Standard Time: (UTC+05:00) אשגבאט, טשקנט,
  Qyzylorda Standard Time: (UTC+05:00) אסטנה,
  Ekaterinburg Standard Time: (UTC+05:00) יקטרינבורג,
  Pakistan Standard Time: (UTC+05:00) איסלאמבאד, קראצ'י,
  India Standard Time: (UTC+05:30) צ'נאי, קולקאטה, מומביי, ניו דלהי,
  Sri Lanka Standard Time: (UTC+05:30) סרי ג'איאוורדנפורה,
  Nepal Standard Time: (UTC+05:45) קטמנדו,
  Central Asia Standard Time: (UTC+06:00) בישקק,
  Bangladesh Standard Time: (UTC+06:00) דקה,
  Omsk Standard Time: (UTC+06:00) אומסק,
  Myanmar Standard Time: (UTC+06:30) ינגון (רנגון),
  SE Asia Standard Time: (UTC+07:00) בנגקוק, האנוי, ג'קרטה,
  Altai Standard Time: (UTC+07:00) ברנאול, גורנו-אלטאיסק,
  W. Mongolia Standard Time: (UTC+07:00) חובד,
  North Asia Standard Time: (UTC+07:00) קרסנוירסק,
  N. Central Asia Standard Time: (UTC+07:00) נובוסיבירסק,
  Tomsk Standard Time: (UTC+07:00) טומסק,
  China Standard Time: (UTC+08:00) בייג'ינג, צ'ונגצ'ינג, הונג קונג, אורומצ'י,
  North Asia East Standard Time: (UTC+08:00) אירקוטסק,
  Singapore Standard Time: (UTC+08:00) קואלה לומפור, סינגפור,
  W. Australia Standard Time: (UTC+08:00) פרת',
  Taipei Standard Time: (UTC+08:00) טאיפיי,
  Ulaanbaatar Standard Time: (UTC+08:00) אולאן באטור,
  Aus Central W. Standard Time: (UTC+08:45) יוקלה,
  Transbaikal Standard Time: (UTC+09:00) צ'יטה,
  Tokyo Standard Time: (UTC+09:00) אוסקה, ספורו, טוקיו,
  North Korea Standard Time: (UTC+09:00) פיונגיאנג,
  Korea Standard Time: (UTC+09:00) סיאול,
  Yakutsk Standard Time: (UTC+09:00) יקוצק,
  Cen. Australia Standard Time: (UTC+09:30) אדלאיד,
  AUS Central Standard Time: (UTC+09:30) דארווין,
  E. Australia Standard Time: (UTC+10:00) בריסביין,
  AUS Eastern Standard Time: (UTC+10:00) קנברה, מלבורן, סידני,
  West Pacific Standard Time: (UTC+10:00) גואם, פורט מורסבי,
  Tasmania Standard Time: (UTC+10:00) הובארט,
  Vladivostok Standard Time: (UTC+10:00) ולדיווסטוק,
  Lord Howe Standard Time: (UTC+10:30) האי לורד האו,
  Bougainville Standard Time: (UTC+11:00) האי בוגנוויל,
  Russia Time Zone 10: (UTC+11:00) צ'וקורדה,
  Magadan Standard Time: (UTC+11:00) מגדן,
  Norfolk Standard Time: (UTC+11:00) האי נורפולק,
  Sakhalin Standard Time: (UTC+11:00) סחלין,
  Central Pacific Standard Time: (UTC+11:00) איי שלמה, קלדוניה החדשה,
  Russia Time Zone 11: (UTC+12:00) אנאדיר, פטרופבלובסק-קמצ'טסקי,
  New Zealand Standard Time: (UTC+12:00) אוקלנד, וולינגטון,
  UTC+12: (UTC+12:00) זמן אוניברסלי מתואם+12,
  Fiji Standard Time: (UTC+12:00) פיג'י,
  Chatham Islands Standard Time: (UTC+12:45) איי צ'טהאם,
  UTC+13: (UTC+13:00) זמן אוניברסלי מתואם+13,
  Tonga Standard Time: (UTC+13:00) נוקואלופה,
  Samoa Standard Time: (UTC+13:00) סמואה,
  Line Islands Standard Time: (UTC+14:00) האי קיריטימאטי
}