{
  Dateline Standard Time: (UTC-12:00) خط بین المللی زمان غرب,
  UTC-11: (UTC-11:00) ساعت هماهنگ جهانی-11,
  Aleutian Standard Time: (UTC-10:00) جزایر آلتیان,
  Hawaiian Standard Time: (UTC-10:00) هاوایی,
  Marquesas Standard Time: (UTC-09:30) جزایر مارکساس,
  Alaskan Standard Time: (UTC-09:00) آلاسکا,
  UTC-09: (UTC-09:00) ساعت هماهنگ جهانی-09,
  Pacific Standard Time (Mexico): (UTC-08:00) باجا کالیفرنیا,
  UTC-08: (UTC-08:00) ساعت هماهنگ جهانی-08,
  Pacific Standard Time: (UTC-08:00) ساعت پاسیفیک (کانادا و ایالات متحده),
  US Mountain Standard Time: (UTC-07:00) آریزونا,
  Mountain Standard Time (Mexico): (UTC-07:00) لاپاز، مزاتلان,
  Mountain Standard Time: (UTC-07:00) ساعت کوهستانی (کانادا و ایالات متحده),
  Yukon Standard Time: (UTC-07:00) یوکان,
  Central America Standard Time: (UTC-06:00) آمریکای مرکزی,
  Central Standard Time: (UTC-06:00) ساعت مرکزی (ایالات متحده و کانادا),
  Easter Island Standard Time: (UTC-06:00) جزیره ایستر,
  Central Standard Time (Mexico): (UTC-06:00) گوادالاجارا، مکزیکو سیتی، مونته ری,
  Canada Central Standard Time: (UTC-06:00) ساسکاچوان,
  SA Pacific Standard Time: (UTC-05:00) بوگوتا، لیما، کویتو، ریو برانکو,
  Eastern Standard Time (Mexico): (UTC-05:00) کتومال,
  Eastern Standard Time: (UTC-05:00) ساعت شرق (ایالات متحده و کانادا),
  Haiti Standard Time: (UTC-05:00) هائیتی,
  Cuba Standard Time: (UTC-05:00) هاوانا,
  US Eastern Standard Time: (UTC-05:00) ایندیانا (شرق),
  Turks And Caicos Standard Time: (UTC-05:00) تورکس و کایکوس,
  Atlantic Standard Time: (UTC-04:00) ساعت آتلانتیک (کانادا),
  Venezuela Standard Time: (UTC-04:00) کاراکا,
  Central Brazilian Standard Time: (UTC-04:00) کویابا,
  SA Western Standard Time: (UTC-04:00) جرج تاون، لاپاز، مانائوس، سن خوان,
  Pacific SA Standard Time: (UTC-04:00) سانتیاگو,
  Newfoundland Standard Time: (UTC-03:30) نیوفوندلند,
  Tocantins Standard Time: (UTC-03:00) آراگواینا,
  Paraguay Standard Time: (UTC-03:00) آسونسیون,
  E. South America Standard Time: (UTC-03:00) برازیلیا,
  SA Eastern Standard Time: (UTC-03:00) کاین، فورتالزا,
  Argentina Standard Time: (UTC-03:00) شهر بوینس آیرس,
  Montevideo Standard Time: (UTC-03:00) مونته ویدئو,
  Magallanes Standard Time: (UTC-03:00) پونتا آریناس ,
  Saint Pierre Standard Time: (UTC-03:00) سنت پیر و میکلون,
  Bahia Standard Time: (UTC-03:00) سالوادور,
  UTC-02: (UTC-02:00) ساعت هماهنگ جهانی-02,
  Greenland Standard Time: (UTC-02:00) گرینلند,
  Azores Standard Time: (UTC-01:00) آزور,
  Cape Verde Standard Time: (UTC-01:00) جزیره کابو ورده,
  UTC: (UTC) ساعت هماهنگ جهانی,
  GMT Standard Time: (UTC+00:00) دوبلین، ادینبورو، لیسبون، لندن,
  Greenwich Standard Time: (UTC+00:00) مونرویا، ریکیاویک,
  Sao Tome Standard Time: (UTC+00:00) سائوتومه,
  Morocco Standard Time: (UTC+01:00) کازابلانکا,
  W. Europe Standard Time: (UTC+01:00) آمستردام، برلین، برن، رم، استکهلک، وین,
  Central Europe Standard Time: (UTC+01:00) بلگراد، براتیسلاوا، بوداپست، جوبلیانا، پراگ,
  Romance Standard Time: (UTC+01:00) بروکسل، کوپنهاگ، کادرید، پاریس,
  Central European Standard Time: (UTC+01:00) سارایوو، اسکوپیه، ورشو، زاگرب,
  W. Central Africa Standard Time: (UTC+01:00) غرب آفریقای مرکزی,
  GTB Standard Time: (UTC+02:00) آتن، بخارست,
  Middle East Standard Time: (UTC+02:00) بیروت,
  Egypt Standard Time: (UTC+02:00) قاهره,
  E. Europe Standard Time: (UTC+02:00) چیسیناو,
  West Bank Standard Time: (UTC+02:00) غزه، هبرون,
  South Africa Standard Time: (UTC+02:00) هراره,
  FLE Standard Time: (UTC+02:00) هلسینکی، کایف، ریگا، صوفیه، تالین، ولنیوس,
  Israel Standard Time: (UTC+02:00) اورشلیم,
  South Sudan Standard Time: (UTC+02:00) جوبا,
  Kaliningrad Standard Time: (UTC+02:00) کالینینگراد,
  Sudan Standard Time: (UTC+02:00) خارطوم,
  Libya Standard Time: (UTC+02:00) ترابلس,
  Namibia Standard Time: (UTC+02:00) ویندهوک,
  Jordan Standard Time: (UTC+03:00) عمان,
  Arabic Standard Time: (UTC+03:00) بغداد,
  Syria Standard Time: (UTC+03:00) دمشق,
  Turkey Standard Time: (UTC+03:00) استانبول,
  Arab Standard Time: (UTC+03:00) کویت، ریاض,
  Belarus Standard Time: (UTC+03:00) مینسک,
  Russian Standard Time: (UTC+03:00) مسکو، سن پترزبورگ,
  E. Africa Standard Time: (UTC+03:00) نایروبی,
  Volgograd Standard Time: (UTC+03:00) ولگوگراد,
  Iran Standard Time: (UTC+03:30) تهران,
  Arabian Standard Time: (UTC+04:00) ابوظبی، مسقط,
  Astrakhan Standard Time: (UTC+04:00) آستراخان، اولیانوفسک,
  Azerbaijan Standard Time: (UTC+04:00) باکو,
  Russia Time Zone 3: (UTC+04:00) ایژفسک، سامارا,
  Mauritius Standard Time: (UTC+04:00) پرت لوئیس,
  Saratov Standard Time: (UTC+04:00)  ساراتوف,
  Georgian Standard Time: (UTC+04:00) تفلیس,
  Caucasus Standard Time: (UTC+04:00) ایروان,
  Afghanistan Standard Time: (UTC+04:30) کابل,
  West Asia Standard Time: (UTC+05:00) عشق آباد، تاشکند,
  Qyzylorda Standard Time: (UTC+05:00) آستانه,
  Ekaterinburg Standard Time: (UTC+05:00) یکاترینبورگ,
  Pakistan Standard Time: (UTC+05:00) اسلام آباد، کراچی,
  India Standard Time: (UTC+05:30) چنای، کلکته، بمبئی، دهلی نو,
  Sri Lanka Standard Time: (UTC+05:30) سری جایاواردنپورا کوته,
  Nepal Standard Time: (UTC+05:45) کاتماندو,
  Central Asia Standard Time: (UTC+06:00) بیشکک,
  Bangladesh Standard Time: (UTC+06:00) داکا,
  Omsk Standard Time: (UTC+06:00) اومسک,
  Myanmar Standard Time: (UTC+06:30) یانگون (رانگون),
  SE Asia Standard Time: (UTC+07:00) بانکوک، هانوی، جاکارتا,
  Altai Standard Time: (UTC+07:00) بارنائول، گورنو-آلتایسک,
  W. Mongolia Standard Time: (UTC+07:00) هوود,
  North Asia Standard Time: (UTC+07:00) کراسنویارسک,
  N. Central Asia Standard Time: (UTC+07:00) نووسیبیرسک,
  Tomsk Standard Time: (UTC+07:00) تامسک,
  China Standard Time: (UTC+08:00) پکن، چونگکینگ، هنگ کنگ، اورومکی,
  North Asia East Standard Time: (UTC+08:00) ایرکوتسک,
  Singapore Standard Time: (UTC+08:00) کوالالامپور، سنگاپور,
  W. Australia Standard Time: (UTC+08:00) پرت,
  Taipei Standard Time: (UTC+08:00) تایپه,
  Ulaanbaatar Standard Time: (UTC+08:00) اولان باتار,
  Aus Central W. Standard Time: (UTC+08:45) یوکلا,
  Transbaikal Standard Time: (UTC+09:00) چیتا,
  Tokyo Standard Time: (UTC+09:00) اوزاکا، ساپورو، توکیو,
  North Korea Standard Time: (UTC+09:00) پیونگ یانگ,
  Korea Standard Time: (UTC+09:00) سئول,
  Yakutsk Standard Time: (UTC+09:00) یاکوتسک,
  Cen. Australia Standard Time: (UTC+09:30) آدلاید,
  AUS Central Standard Time: (UTC+09:30) داروین,
  E. Australia Standard Time: (UTC+10:00) بریسبان,
  AUS Eastern Standard Time: (UTC+10:00) کانبرا، ملبورن، سیدنی,
  West Pacific Standard Time: (UTC+10:00) گوام، پورت مورسبی,
  Tasmania Standard Time: (UTC+10:00) هوبارت,
  Vladivostok Standard Time: (UTC+10:00) ولادی ووستوک,
  Lord Howe Standard Time: (UTC+10:30) جزیره لرد هوو,
  Bougainville Standard Time: (UTC+11:00) جزیره بوگیانویل,
  Russia Time Zone 10: (UTC+11:00) چوکورداک,
  Magadan Standard Time: (UTC+11:00) ماگادان,
  Norfolk Standard Time: (UTC+11:00) جزیره نورفولک,
  Sakhalin Standard Time: (UTC+11:00) ساخالین,
  Central Pacific Standard Time: (UTC+11:00) جزایر سلیمان، نیو کالدونیا,
  Russia Time Zone 11: (UTC+12:00) آنادیر، پتروپاولوفسک-کامچاتسکی,
  New Zealand Standard Time: (UTC+12:00) آکلند، ولینگتون,
  UTC+12: (UTC+12:00) ساعت هماهنگ جهانی+12,
  Fiji Standard Time: (UTC+12:00) فیجی,
  Chatham Islands Standard Time: (UTC+12:45) جزایر چتهام,
  UTC+13: (UTC+13:00) ساعت هماهنگ جهانی+13,
  Tonga Standard Time: (UTC+13:00) نوکو آلوفا,
  Samoa Standard Time: (UTC+13:00) ساموا,
  Line Islands Standard Time: (UTC+14:00) جزیره کیریتیماتی
}