{
  Dateline Standard Time: (UTC-12:00) Nemzetközi dátumválasztó vonal - nyugat,
  UTC-11: (UTC-11:00) Egyezményes világidő-11,
  Aleutian Standard Time: (UTC-10:00) Aleut-szigetek,
  Hawaiian Standard Time: (UTC-10:00) Hawaii,
  Marquesas Standard Time: (UTC-09:30) Marquises-szigetek,
  Alaskan Standard Time: (UTC-09:00) Alaszka,
  UTC-09: (UTC-09:00) Egyezményes világidő-09,
  Pacific Standard Time (Mexico): (UTC-08:00) Baja California,
  UTC-08: (UTC-08:00) Egyezményes világidő-08,
  Pacific Standard Time: (UTC-08:00) Csendes-óceáni idő (Egyesült Államok és Kanada),
  US Mountain Standard Time: (UTC-07:00) Arizona,
  Mountain Standard Time (Mexico): (UTC-07:00) La Paz, Mazatlan,
  Mountain Standard Time: (UTC-07:00) Hegyi idő (Egyesült Államok és Kanada),
  Yukon Standard Time: (UTC-07:00) Yukon,
  Central America Standard Time: (UTC-06:00) Közép-Amerika,
  Central Standard Time: (UTC-06:00) Amerikai középidő (Egyesült Államok és Kanada),
  Easter Island Standard Time: (UTC-06:00) Húsvét-sziget,
  Central Standard Time (Mexico): (UTC-06:00) Guadalajara, Mexikóváros, Monterrey,
  Canada Central Standard Time: (UTC-06:00) Saskatchewan,
  SA Pacific Standard Time: (UTC-05:00) Bogota, Lima, Quito, Rio Branco,
  Eastern Standard Time (Mexico): (UTC-05:00) Chetumal,
  Eastern Standard Time: (UTC-05:00) Keleti idő (Egyesült Államok és Kanada),
  Haiti Standard Time: (UTC-05:00) Haiti,
  Cuba Standard Time: (UTC-05:00) Havanna,
  US Eastern Standard Time: (UTC-05:00) Indiana (kelet),
  Turks And Caicos Standard Time: (UTC-05:00) Turks- és Caicos-szigetek,
  Atlantic Standard Time: (UTC-04:00) Atlanti-óceáni idő (Kanada),
  Venezuela Standard Time: (UTC-04:00) Caracas,
  Central Brazilian Standard Time: (UTC-04:00) Cuiaba,
  SA Western Standard Time: (UTC-04:00) Georgetown, La Paz, Manaus, San Juan,
  Pacific SA Standard Time: (UTC-04:00) Santiago,
  Newfoundland Standard Time: (UTC-03:30) Újfundland,
  Tocantins Standard Time: (UTC-03:00) Araguaina,
  Paraguay Standard Time: (UTC-03:00) Asuncion,
  E. South America Standard Time: (UTC-03:00) Brazíliaváros,
  SA Eastern Standard Time: (UTC-03:00) Cayenne, Fortaleza,
  Argentina Standard Time: (UTC-03:00) Buenos Aires,
  Montevideo Standard Time: (UTC-03:00) Montevideo,
  Magallanes Standard Time: (UTC-03:00) Punta Arenas,
  Saint Pierre Standard Time: (UTC-03:00) Saint-Pierre és Miquelon,
  Bahia Standard Time: (UTC-03:00) Salvador,
  UTC-02: (UTC-02:00) Egyezményes világidő-02,
  Greenland Standard Time: (UTC-02:00) Grönland,
  Azores Standard Time: (UTC-01:00) Azori-szigetek,
  Cape Verde Standard Time: (UTC-01:00) Cabo Verde,
  UTC: (UTC) Egyezményes világidő,
  GMT Standard Time: (UTC+00:00) Dublin, Edinburgh, Lisszabon, London,
  Greenwich Standard Time: (UTC+00:00) Monrovia, Reykjavik,
  Sao Tome Standard Time: (UTC+00:00) São Tomé,
  Morocco Standard Time: (UTC+01:00) Casablanca,
  W. Europe Standard Time: (UTC+01:00) Amszterdam, Bécs, Berlin, Bern, Róma, Stockholm,
  Central Europe Standard Time: (UTC+01:00) Budapest, Belgrád, Ljubljana, Pozsony, Prága,
  Romance Standard Time: (UTC+01:00) Brüsszel, Koppenhága, Madrid, Párizs,
  Central European Standard Time: (UTC+01:00) Szarajevó, Szkopje, Varsó, Zágráb,
  W. Central Africa Standard Time: (UTC+01:00) Nyugat-Közép-Afrika,
  GTB Standard Time: (UTC+02:00) Athén, Bukarest,
  Middle East Standard Time: (UTC+02:00) Bejrút,
  Egypt Standard Time: (UTC+02:00) Kairó,
  E. Europe Standard Time: (UTC+02:00) Chisinau,
  West Bank Standard Time: (UTC+02:00) Gáza, Hebron,
  South Africa Standard Time: (UTC+02:00) Harare, Pretoria,
  FLE Standard Time: (UTC+02:00) Helsinki, Kijev, Riga, Szófia, Tallinn, Vilnius,
  Israel Standard Time: (UTC+02:00) Jeruzsálem,
  South Sudan Standard Time: (UTC+02:00) Juba,
  Kaliningrad Standard Time: (UTC+02:00) Kalinyingrád,
  Sudan Standard Time: (UTC+02:00) Kartúm,
  Libya Standard Time: (UTC+02:00) Tripoli,
  Namibia Standard Time: (UTC+02:00) Windhoek,
  Jordan Standard Time: (UTC+03:00) Amman,
  Arabic Standard Time: (UTC+03:00) Bagdad,
  Syria Standard Time: (UTC+03:00) Damaszkusz,
  Turkey Standard Time: (UTC+03:00) Isztambul,
  Arab Standard Time: (UTC+03:00) Kuvait, Rijád,
  Belarus Standard Time: (UTC+03:00) Minszk,
  Russian Standard Time: (UTC+03:00) Moszkva, Szentpétervár,
  E. Africa Standard Time: (UTC+03:00) Nairobi,
  Volgograd Standard Time: (UTC+03:00) Volgográd,
  Iran Standard Time: (UTC+03:30) Teherán,
  Arabian Standard Time: (UTC+04:00) Abu-Dzabi, Maszkat,
  Astrakhan Standard Time: (UTC+04:00) Asztrahán, Uljanovszk,
  Azerbaijan Standard Time: (UTC+04:00) Baku,
  Russia Time Zone 3: (UTC+04:00) Izsevszk, Szamara,
  Mauritius Standard Time: (UTC+04:00) Port Louis,
  Saratov Standard Time: (UTC+04:00) Szaratov,
  Georgian Standard Time: (UTC+04:00) Tbiliszi,
  Caucasus Standard Time: (UTC+04:00) Jereván,
  Afghanistan Standard Time: (UTC+04:30) Kabul,
  West Asia Standard Time: (UTC+05:00) Asgabat, Taskent,
  Qyzylorda Standard Time: (UTC+05:00) Asztana,
  Ekaterinburg Standard Time: (UTC+05:00) Jekatyerinburg,
  Pakistan Standard Time: (UTC+05:00) Iszlámábád, Karacsi,
  India Standard Time: (UTC+05:30) Chennai, Kolkata, Mumbai, Új-Delhi,
  Sri Lanka Standard Time: (UTC+05:30) Kotte,
  Nepal Standard Time: (UTC+05:45) Katmandu,
  Central Asia Standard Time: (UTC+06:00) Biskek,
  Bangladesh Standard Time: (UTC+06:00) Dakka,
  Omsk Standard Time: (UTC+06:00) Omszk,
  Myanmar Standard Time: (UTC+06:30) Yangon (Rangun),
  SE Asia Standard Time: (UTC+07:00) Bangkok, Dzsakarta, Hanoi,
  Altai Standard Time: (UTC+07:00) Barnaul, Gorno-Altajszk,
  W. Mongolia Standard Time: (UTC+07:00) Hovd,
  North Asia Standard Time: (UTC+07:00) Krasznojarszk,
  N. Central Asia Standard Time: (UTC+07:00) Novoszibirszk,
  Tomsk Standard Time: (UTC+07:00) Tomszk,
  China Standard Time: (UTC+08:00) Peking, Csungking, Hongkong, Urumcsi,
  North Asia East Standard Time: (UTC+08:00) Irkutszk,
  Singapore Standard Time: (UTC+08:00) Kuala Lumpur, Szingapúr,
  W. Australia Standard Time: (UTC+08:00) Perth,
  Taipei Standard Time: (UTC+08:00) Tajpej,
  Ulaanbaatar Standard Time: (UTC+08:00) Ulánbátor,
  Aus Central W. Standard Time: (UTC+08:45) Eucla,
  Transbaikal Standard Time: (UTC+09:00) Csita,
  Tokyo Standard Time: (UTC+09:00) Oszaka, Szapporo, Tokió,
  North Korea Standard Time: (UTC+09:00) Phenjan,
  Korea Standard Time: (UTC+09:00) Szöul,
  Yakutsk Standard Time: (UTC+09:00) Jakutszk,
  Cen. Australia Standard Time: (UTC+09:30) Adelaide,
  AUS Central Standard Time: (UTC+09:30) Darwin,
  E. Australia Standard Time: (UTC+10:00) Brisbane,
  AUS Eastern Standard Time: (UTC+10:00) Canberra, Melbourne, Sydney,
  West Pacific Standard Time: (UTC+10:00) Guam, Port Moresby,
  Tasmania Standard Time: (UTC+10:00) Hobart,
  Vladivostok Standard Time: (UTC+10:00) Vlagyivosztok,
  Lord Howe Standard Time: (UTC+10:30) Lord Howe-sziget,
  Bougainville Standard Time: (UTC+11:00) Bougainville-sziget,
  Russia Time Zone 10: (UTC+11:00) Csokurdah,
  Magadan Standard Time: (UTC+11:00) Magadán,
  Norfolk Standard Time: (UTC+11:00) Norfolk-sziget,
  Sakhalin Standard Time: (UTC+11:00) Szahalin,
  Central Pacific Standard Time: (UTC+11:00) Salamon-szigetek, Új-Kaledónia,
  Russia Time Zone 11: (UTC+12:00) Anadir, Petropavlovszk-Kamcsatszkij,
  New Zealand Standard Time: (UTC+12:00) Auckland, Wellington,
  UTC+12: (UTC+12:00) Egyezményes világidő+12,
  Fiji Standard Time: (UTC+12:00) Fidzsi-szigetek,
  Chatham Islands Standard Time: (UTC+12:45) Chatham-szigetek,
  UTC+13: (UTC+13:00) Egyezményes világidő+13,
  Tonga Standard Time: (UTC+13:00) Nuku'alofa,
  Samoa Standard Time: (UTC+13:00) Szamoa,
  Line Islands Standard Time: (UTC+14:00) Kiritimati-sziget
}