{
  Dateline Standard Time: (UTC-12:00) Međunarodna zapadna granica datuma,
  UTC-11: (UTC-11:00) Koordinisano univerzalno vreme-11,
  Aleutian Standard Time: (UTC-10:00) Aleutska ostrva,
  Hawaiian Standard Time: (UTC-10:00) Havaji,
  Marquesas Standard Time: (UTC-09:30) Ostrva Markesas,
  Alaskan Standard Time: (UTC-09:00) Aljaska,
  UTC-09: (UTC-09:00) Koordinisano univerzalno vreme-09,
  Pacific Standard Time (Mexico): (UTC-08:00) Baha Kalifornija,
  UTC-08: (UTC-08:00) Koordinisano univerzalno vreme-08,
  Pacific Standard Time: (UTC-08:00) Pacifičko vreme (SAD i Kanada),
  US Mountain Standard Time: (UTC-07:00) Arizona,
  Mountain Standard Time (Mexico): (UTC-07:00) Čihuahua, La Paz, Mazatlan,
  Mountain Standard Time: (UTC-07:00) Planinsko vreme (SAD i Kanada),
  Yukon Standard Time: (UTC-07:00) Jukon,
  Central America Standard Time: (UTC-06:00) Centralna Amerika,
  Central Standard Time: (UTC-06:00) Centralno vreme (SAD i Kanada),
  Easter Island Standard Time: (UTC-06:00) Uskršnje ostrvo,
  Central Standard Time (Mexico): (UTC-06:00) Gvadalahara, Meksiko Siti, Monterej,
  Canada Central Standard Time: (UTC-06:00) Saskačevan,
  SA Pacific Standard Time: (UTC-05:00) Bogota, Lima, Kito, Rio Branko,
  Eastern Standard Time (Mexico): (UTC-05:00) Četumal,
  Eastern Standard Time: (UTC-05:00) Istočno vreme (SAD i Kanada),
  Haiti Standard Time: (UTC-05:00) Haiti,
  Cuba Standard Time: (UTC-05:00) Havana,
  US Eastern Standard Time: (UTC-05:00) Indijana (istočno),
  Turks And Caicos Standard Time: (UTC-05:00) Turks i Kaikos,
  Paraguay Standard Time: (UTC-04:00) Asunsion,
  Atlantic Standard Time: (UTC-04:00) Atlantsko vreme (Kanada),
  Venezuela Standard Time: (UTC-04:00) Karakas,
  Central Brazilian Standard Time: (UTC-04:00) Kujaba,
  SA Western Standard Time: (UTC-04:00) Džordžtaun, La Paz, Manaus, San Huan,
  Pacific SA Standard Time: (UTC-04:00) Santjago,
  Newfoundland Standard Time: (UTC-03:30) Njufaundlend,
  Tocantins Standard Time: (UTC-03:00) Aragvaina,
  E. South America Standard Time: (UTC-03:00) Brazilija,
  SA Eastern Standard Time: (UTC-03:00) Kajen, Fortaleza,
  Argentina Standard Time: (UTC-03:00) Grad Buenos Ajres,
  Greenland Standard Time: (UTC-03:00) Grenland,
  Montevideo Standard Time: (UTC-03:00) Montevideo,
  Magallanes Standard Time: (UTC-03:00) Punta Arenas,
  Saint Pierre Standard Time: (UTC-03:00) Sen Pjer i Mikelon,
  Bahia Standard Time: (UTC-03:00) Salvador,
  UTC-02: (UTC-02:00) Koordinisano univerzalno vreme-02,
  Azores Standard Time: (UTC-01:00) Azorska ostrva,
  Cape Verde Standard Time: (UTC-01:00) Ostrva Kabo Verde,
  UTC: (UTC) Koordinisano univerzalno vreme,
  GMT Standard Time: (UTC+00:00) Dablin, Edinburg, Lisabon, London,
  Greenwich Standard Time: (UTC+00:00) Monrovija, Rejkjavik,
  Sao Tome Standard Time: (UTC+00:00) Sao Tome,
  Morocco Standard Time: (UTC+01:00) Kazablanka,
  W. Europe Standard Time: (UTC+01:00) Amsterdam, Berlin, Bern, Rim, Stokholm, Beč,
  Central Europe Standard Time: (UTC+01:00) Beograd, Bratislava, Budimpešta, Ljubljana, Prag,
  Romance Standard Time: (UTC+01:00) Brisel, Kopenhagen, Madrid, Pariz,
  Central European Standard Time: (UTC+01:00) Sarajevo, Skoplje, Varšava, Zagreb,
  W. Central Africa Standard Time: (UTC+01:00) Srednjezapadna Afrika,
  GTB Standard Time: (UTC+02:00) Atina, Bukurešt,
  Middle East Standard Time: (UTC+02:00) Bejrut,
  Egypt Standard Time: (UTC+02:00) Kairo,
  E. Europe Standard Time: (UTC+02:00) Kišinjev,
  Syria Standard Time: (UTC+02:00) Damask,
  West Bank Standard Time: (UTC+02:00) Gaza, Hebron,
  South Africa Standard Time: (UTC+02:00) Harare, Pretorija,
  FLE Standard Time: (UTC+02:00) Helsinki, Kijev, Riga, Sofija, Talin, Viljnus,
  Israel Standard Time: (UTC+02:00) Jerusalim,
  South Sudan Standard Time: (UTC+02:00) Juba,
  Kaliningrad Standard Time: (UTC+02:00) Kalinjingrad,
  Sudan Standard Time: (UTC+02:00) Kartum,
  Libya Standard Time: (UTC+02:00) Tripoli,
  Namibia Standard Time: (UTC+02:00) Vindhuk,
  Jordan Standard Time: (UTC+03:00) Aman,
  Arabic Standard Time: (UTC+03:00) Bagdad,
  Turkey Standard Time: (UTC+03:00) Istanbul,
  Arab Standard Time: (UTC+03:00) Kuvajt, Rijad,
  Belarus Standard Time: (UTC+03:00) Minsk,
  Russian Standard Time: (UTC+03:00) Moskva, Sankt Peterburg,
  E. Africa Standard Time: (UTC+03:00) Najrobi,
  Volgograd Standard Time: (UTC+03:00) Volgograd,
  Iran Standard Time: (UTC+03:30) Teheran,
  Arabian Standard Time: (UTC+04:00) Abu Dabi, Muskat,
  Astrakhan Standard Time: (UTC+04:00) Astrahan, Uljanovsk,
  Azerbaijan Standard Time: (UTC+04:00) Baku,
  Russia Time Zone 3: (UTC+04:00) Iževsk, Samara,
  Mauritius Standard Time: (UTC+04:00) Port Luis,
  Saratov Standard Time: (UTC+04:00) Saratov,
  Georgian Standard Time: (UTC+04:00) Tbilisi,
  Caucasus Standard Time: (UTC+04:00) Jerevan,
  Afghanistan Standard Time: (UTC+04:30) Kabul,
  West Asia Standard Time: (UTC+05:00) Ašhabad, Taškent,
  Ekaterinburg Standard Time: (UTC+05:00) Ekaterinburg,
  Pakistan Standard Time: (UTC+05:00) Islamabad, Karači,
  Qyzylorda Standard Time: (UTC+05:00) Kizilorda,
  India Standard Time: (UTC+05:30) Čenaj, Kolkata, Mumbaj, Nju Delhi,
  Sri Lanka Standard Time: (UTC+05:30) Sri Džajavardenepura,
  Nepal Standard Time: (UTC+05:45) Katmandu,
  Central Asia Standard Time: (UTC+06:00) Astana,
  Bangladesh Standard Time: (UTC+06:00) Daka,
  Omsk Standard Time: (UTC+06:00) Omsk,
  Myanmar Standard Time: (UTC+06:30) Jangon (Rangun),
  SE Asia Standard Time: (UTC+07:00) Bangkok, Hanoj, Džakarta,
  Altai Standard Time: (UTC+07:00) Barnaul, Gorno-Altajsk,
  W. Mongolia Standard Time: (UTC+07:00) Hovd,
  North Asia Standard Time: (UTC+07:00) Krasnojarsk,
  N. Central Asia Standard Time: (UTC+07:00) Novosibirsk,
  Tomsk Standard Time: (UTC+07:00) Tomsk,
  China Standard Time: (UTC+08:00) Peking, Čungking, Hongkong, Urumki,
  North Asia East Standard Time: (UTC+08:00) Irkutsk,
  Singapore Standard Time: (UTC+08:00) Kuala Lumpur, Singapur,
  W. Australia Standard Time: (UTC+08:00) Pert,
  Taipei Standard Time: (UTC+08:00) Tajpej,
  Ulaanbaatar Standard Time: (UTC+08:00) Ulan Bator,
  Aus Central W. Standard Time: (UTC+08:45) Eukla,
  Transbaikal Standard Time: (UTC+09:00) Čita,
  Tokyo Standard Time: (UTC+09:00) Osaka, Saporo, Tokio,
  North Korea Standard Time: (UTC+09:00) Pjongjang,
  Korea Standard Time: (UTC+09:00) Seul,
  Yakutsk Standard Time: (UTC+09:00) Jakutsk,
  Cen. Australia Standard Time: (UTC+09:30) Adelaid,
  AUS Central Standard Time: (UTC+09:30) Darvin,
  E. Australia Standard Time: (UTC+10:00) Brizbejn,
  AUS Eastern Standard Time: (UTC+10:00) Kanbera, Melburn, Sidnej,
  West Pacific Standard Time: (UTC+10:00) Guam, Port Morezbi,
  Tasmania Standard Time: (UTC+10:00) Hobart,
  Vladivostok Standard Time: (UTC+10:00) Vladivostok,
  Lord Howe Standard Time: (UTC+10:30) Ostrvo Lord Houv,
  Bougainville Standard Time: (UTC+11:00) Ostrvo Bugenvil,
  Russia Time Zone 10: (UTC+11:00) Čokurdah,
  Magadan Standard Time: (UTC+11:00) Magadan,
  Norfolk Standard Time: (UTC+11:00) Ostrvo Norfok,
  Sakhalin Standard Time: (UTC+11:00) Sahalin,
  Central Pacific Standard Time: (UTC+11:00) Solomonska Ostrva, Nova Kaledonija,
  Russia Time Zone 11: (UTC+12:00) Anadir, Petropavlovsk Kamčatski,
  New Zealand Standard Time: (UTC+12:00) Oklend, Velington,
  UTC+12: (UTC+12:00) Koordinisano univerzalno vreme+12,
  Fiji Standard Time: (UTC+12:00) Fidži,
  Chatham Islands Standard Time: (UTC+12:45) Čatamska ostrva,
  UTC+13: (UTC+13:00) Koordinisano univerzalno vreme+13,
  Tonga Standard Time: (UTC+13:00) Nukualofa,
  Samoa Standard Time: (UTC+13:00) Samoa,
  Line Islands Standard Time: (UTC+14:00) Kiritimati ostrvo
}