{
  Dateline Standard Time: (UTC-12:00) Linha de Data Internacional Oeste,
  UTC-11: (UTC-11:00) Tempo Universal Coordenado-11,
  Aleutian Standard Time: (UTC-10:00) Ilhas Aleutas,
  Hawaiian Standard Time: (UTC-10:00) Havaí,
  Marquesas Standard Time: (UTC-09:30) Ilhas Marquesas,
  Alaskan Standard Time: (UTC-09:00) Alasca,
  UTC-09: (UTC-09:00) Tempo Universal Coordenado-09,
  Pacific Standard Time (Mexico): (UTC-08:00) Baja Califórnia,
  UTC-08: (UTC-08:00) Tempo Universal Coordenado-08,
  Pacific Standard Time: (UTC-08:00) Hora do Pacífico (EUA e Canadá),
  US Mountain Standard Time: (UTC-07:00) Arizona,
  Mountain Standard Time (Mexico): (UTC-07:00) Chihuahua, La Paz, Mazatlan,
  Mountain Standard Time: (UTC-07:00) Hora das Montanhas (EUA e Canadá),
  Yukon Standard Time: (UTC-07:00) Yukon,
  Central America Standard Time: (UTC-06:00) América Central,
  Central Standard Time: (UTC-06:00) Hora Central (EUA e Canadá),
  Easter Island Standard Time: (UTC-06:00) Ilha da Páscoa,
  Central Standard Time (Mexico): (UTC-06:00) Guadalajara, Cidade do México, Monterrey,
  Canada Central Standard Time: (UTC-06:00) Saskatchewan,
  SA Pacific Standard Time: (UTC-05:00) Bogotá, Lima, Quito, Rio Branco,
  Eastern Standard Time (Mexico): (UTC-05:00) Chetumal,
  Eastern Standard Time: (UTC-05:00) Hora Oriental (EUA e Canadá),
  Haiti Standard Time: (UTC-05:00) Haiti,
  Cuba Standard Time: (UTC-05:00) Havana,
  US Eastern Standard Time: (UTC-05:00) Indiana (Leste),
  Turks And Caicos Standard Time: (UTC-05:00) Turcos e Caicos,
  Paraguay Standard Time: (UTC-04:00) Assunção,
  Atlantic Standard Time: (UTC-04:00) Hora do Atlântico (Canadá),
  Venezuela Standard Time: (UTC-04:00) Caracas,
  Central Brazilian Standard Time: (UTC-04:00) Cuiabá,
  SA Western Standard Time: (UTC-04:00) Georgetown, La Paz, Manaus, San Juan,
  Pacific SA Standard Time: (UTC-04:00) Santiago,
  Newfoundland Standard Time: (UTC-03:30) Newfoundland,
  Tocantins Standard Time: (UTC-03:00) Araguaina,
  E. South America Standard Time: (UTC-03:00) Brasília,
  SA Eastern Standard Time: (UTC-03:00) Caiena, Fortaleza,
  Argentina Standard Time: (UTC-03:00) Cidade de Buenos Aires,
  Greenland Standard Time: (UTC-03:00) Groenlândia,
  Montevideo Standard Time: (UTC-03:00) Montevidéu,
  Magallanes Standard Time: (UTC-03:00) Punta Arenas,
  Saint Pierre Standard Time: (UTC-03:00) São Pedro e Miquelon,
  Bahia Standard Time: (UTC-03:00) Salvador,
  UTC-02: (UTC-02:00) Tempo Universal Coordenado-02,
  Azores Standard Time: (UTC-01:00) Açores,
  Cape Verde Standard Time: (UTC-01:00) Ilha de Cabo Verde,
  UTC: (UTC) Tempo Universal Coordenado,
  GMT Standard Time: (UTC+00:00) Dublin, Edinburgo, Lisboa, Londres,
  Greenwich Standard Time: (UTC+00:00) Monróvia, Reykjavik,
  Sao Tome Standard Time: (UTC+00:00) São Tomé,
  Morocco Standard Time: (UTC+01:00) Casablanca,
  W. Europe Standard Time: (UTC+01:00) Amsterdã, Berlim, Berna, Roma, Estocolmo, Viena,
  Central Europe Standard Time: (UTC+01:00) Belgrado, Bratislava, Budapeste, Liubliana, Praga,
  Romance Standard Time: (UTC+01:00) Bruxelas, Copenhague, Madri, Paris,
  Central European Standard Time: (UTC+01:00) Sarajevo, Skoplie, Varsóvia, Zagreb,
  W. Central Africa Standard Time: (UTC+01:00) Centro-oeste da África,
  GTB Standard Time: (UTC+02:00) Atenas, Bucareste,
  Middle East Standard Time: (UTC+02:00) Beirute,
  Egypt Standard Time: (UTC+02:00) Cairo,
  E. Europe Standard Time: (UTC+02:00) Chisinau,
  Syria Standard Time: (UTC+02:00) Damasco,
  West Bank Standard Time: (UTC+02:00) Gaza, Hebron,
  South Africa Standard Time: (UTC+02:00) Harare, Pretória,
  FLE Standard Time: (UTC+02:00) Helsinque, Kiev, Riga, Sófia, Tallinn, Vilnius,
  Israel Standard Time: (UTC+02:00) Jerusalém,
  South Sudan Standard Time: (UTC+02:00) Juba,
  Kaliningrad Standard Time: (UTC+02:00) Kaliningrado,
  Sudan Standard Time: (UTC+02:00) Cartum,
  Libya Standard Time: (UTC+02:00) Trípoli,
  Namibia Standard Time: (UTC+02:00) Windhoek,
  Jordan Standard Time: (UTC+03:00) Amã,
  Arabic Standard Time: (UTC+03:00) Bagdá,
  Turkey Standard Time: (UTC+03:00) Istambul,
  Arab Standard Time: (UTC+03:00) Kuwait, Riad,
  Belarus Standard Time: (UTC+03:00) Minsk,
  Russian Standard Time: (UTC+03:00) Moscou, São Petersburgo,
  E. Africa Standard Time: (UTC+03:00) Nairóbi,
  Volgograd Standard Time: (UTC+03:00) Volgogrado,
  Iran Standard Time: (UTC+03:30) Teerã,
  Arabian Standard Time: (UTC+04:00) Abu Dhabi, Mascate,
  Astrakhan Standard Time: (UTC+04:00) Astrakhan, Ulyanovsk,
  Azerbaijan Standard Time: (UTC+04:00) Baku,
  Russia Time Zone 3: (UTC+04:00) Izhevsk, Samara,
  Mauritius Standard Time: (UTC+04:00) Port Louis,
  Saratov Standard Time: (UTC+04:00) Saratov,
  Georgian Standard Time: (UTC+04:00) Tbilisi,
  Caucasus Standard Time: (UTC+04:00) Ierevan,
  Afghanistan Standard Time: (UTC+04:30) Cabul,
  West Asia Standard Time: (UTC+05:00) Ashgabat, Tashkent,
  Ekaterinburg Standard Time: (UTC+05:00) Ekaterimburgo,
  Pakistan Standard Time: (UTC+05:00) Islamabad, Karachi,
  Qyzylorda Standard Time: (UTC+05:00) Qyzylorda,
  India Standard Time: (UTC+05:30) Chennai (Madras), Kolkata (Calcutá), Mumbai, Nova Délhi,
  Sri Lanka Standard Time: (UTC+05:30) Sri Jayawardenepura,
  Nepal Standard Time: (UTC+05:45) Katmandu,
  Central Asia Standard Time: (UTC+06:00) Astana,
  Bangladesh Standard Time: (UTC+06:00) Dacca,
  Omsk Standard Time: (UTC+06:00) Omsk,
  Myanmar Standard Time: (UTC+06:30) Yangon (Rangoon),
  SE Asia Standard Time: (UTC+07:00) Bancoc, Hanói, Jacarta,
  Altai Standard Time: (UTC+07:00) Barnaul, Gorno-Altaysk,
  W. Mongolia Standard Time: (UTC+07:00) Hovd,
  North Asia Standard Time: (UTC+07:00) Krasnoyarsk,
  N. Central Asia Standard Time: (UTC+07:00) Novosibirsk,
  Tomsk Standard Time: (UTC+07:00) Tomsk,
  China Standard Time: (UTC+08:00) Pequim, Chonquim, Hong Kong, Urumqui,
  North Asia East Standard Time: (UTC+08:00) Irkutsk,
  Singapore Standard Time: (UTC+08:00) Kuala Lumpur, Cingapura,
  W. Australia Standard Time: (UTC+08:00) Perth,
  Taipei Standard Time: (UTC+08:00) Taipé,
  Ulaanbaatar Standard Time: (UTC+08:00) Ulaanbaatar,
  Aus Central W. Standard Time: (UTC+08:45) Eucla,
  Transbaikal Standard Time: (UTC+09:00) Chita,
  Tokyo Standard Time: (UTC+09:00) Osaka, Sapporo, Tóquio,
  North Korea Standard Time: (UTC+09:00) Pyongyang,
  Korea Standard Time: (UTC+09:00) Seul,
  Yakutsk Standard Time: (UTC+09:00) Yakutsk,
  Cen. Australia Standard Time: (UTC+09:30) Adelaide,
  AUS Central Standard Time: (UTC+09:30) Darwin,
  E. Australia Standard Time: (UTC+10:00) Brisbane,
  AUS Eastern Standard Time: (UTC+10:00) Camberra, Melbourne, Sydney,
  West Pacific Standard Time: (UTC+10:00) Guam, Port Moresby,
  Tasmania Standard Time: (UTC+10:00) Hobart,
  Vladivostok Standard Time: (UTC+10:00) Vladivostok,
  Lord Howe Standard Time: (UTC+10:30) Ilha Lord Howe,
  Bougainville Standard Time: (UTC+11:00) Ilha Bougainville,
  Russia Time Zone 10: (UTC+11:00) Chokurdakh,
  Magadan Standard Time: (UTC+11:00) Magadã,
  Norfolk Standard Time: (UTC+11:00) Ilha Norfolk,
  Sakhalin Standard Time: (UTC+11:00) Sakhalin,
  Central Pacific Standard Time: (UTC+11:00) Ilhas Salomão, Nova Caledônia,
  Russia Time Zone 11: (UTC+12:00) Anadyr, Petropavlovsk-Kamchatsky,
  New Zealand Standard Time: (UTC+12:00) Auckland, Wellington,
  UTC+12: (UTC+12:00) Tempo Universal Coordenado+12,
  Fiji Standard Time: (UTC+12:00) Fiji,
  Chatham Islands Standard Time: (UTC+12:45) Ilhas Chatham,
  UTC+13: (UTC+13:00) Tempo Universal Coordenado+13,
  Tonga Standard Time: (UTC+13:00) Nuku'alofa,
  Samoa Standard Time: (UTC+13:00) Samoa,
  Line Islands Standard Time: (UTC+14:00) Ilha Kiritimati
}