{
  Dateline Standard Time: (UTC-12:00) Į vakarus nuo tarptautinės datos keitimosi linijos,
  UTC-11: (UTC-11:00) Pasaulinis koordinuotasis laikas-11,
  Aleutian Standard Time: (UTC-10:00) Aleutų salos,
  Hawaiian Standard Time: (UTC-10:00) Havajai,
  Marquesas Standard Time: (UTC-09:30) Markizų salos,
  Alaskan Standard Time: (UTC-09:00) Aliaska,
  UTC-09: (UTC-09:00) Pasaulinis koordinuotasis laikas-09,
  Pacific Standard Time (Mexico): (UTC-08:00) Baja Kalifornija,
  UTC-08: (UTC-08:00) Pasaulinis koordinuotasis laikas-08,
  Pacific Standard Time: (UTC-08:00) Ramiojo vandenyno laikas (JAV ir Kanada),
  US Mountain Standard Time: (UTC-07:00) Arizona,
  Mountain Standard Time (Mexico): (UTC-07:00) Čichuachua, La Pasas, Mazatlanas,
  Mountain Standard Time: (UTC-07:00) Kalnų laikas (JAV ir Kanada),
  Yukon Standard Time: (UTC-07:00) Jukonas,
  Central America Standard Time: (UTC-06:00) Centrinė Amerika,
  Central Standard Time: (UTC-06:00) Centrinis laikas (JAV ir Kanada),
  Easter Island Standard Time: (UTC-06:00) Velykų sala,
  Central Standard Time (Mexico): (UTC-06:00) Gvadalachara, Meksikas, Monterėjus,
  Canada Central Standard Time: (UTC-06:00) Saskačevanas,
  SA Pacific Standard Time: (UTC-05:00) Bogota, Lima, Kitas, Rio Branko,
  Eastern Standard Time (Mexico): (UTC-05:00) Četumalis,
  Eastern Standard Time: (UTC-05:00) Rytų laikas (JAV ir Kanada),
  Haiti Standard Time: (UTC-05:00) Haitis,
  Cuba Standard Time: (UTC-05:00) Havana,
  US Eastern Standard Time: (UTC-05:00) Indiana (Rytų),
  Turks And Caicos Standard Time: (UTC-05:00) Terksas ir Kaikosas,
  Paraguay Standard Time: (UTC-04:00) Asunsjonas,
  Atlantic Standard Time: (UTC-04:00) Atlanto laikas (Kanada),
  Venezuela Standard Time: (UTC-04:00) Karakasas,
  Central Brazilian Standard Time: (UTC-04:00) Kujaba,
  SA Western Standard Time: (UTC-04:00) Džordžtaunas, La Pasas, Manausas, San Chuanas,
  Pacific SA Standard Time: (UTC-04:00) Santjagas,
  Newfoundland Standard Time: (UTC-03:30) Niūfaundlendas,
  Tocantins Standard Time: (UTC-03:00) Aragvaina,
  E. South America Standard Time: (UTC-03:00) Brazilija,
  SA Eastern Standard Time: (UTC-03:00) Kajenas, Fortaleza,
  Argentina Standard Time: (UTC-03:00) Buenos Airės,
  Greenland Standard Time: (UTC-03:00) Grenlandija,
  Montevideo Standard Time: (UTC-03:00) Montevidėjus,
  Magallanes Standard Time: (UTC-03:00) Punta Arenasas,
  Saint Pierre Standard Time: (UTC-03:00) Sen Pjeras ir Mikelonas,
  Bahia Standard Time: (UTC-03:00) Salvadoras,
  UTC-02: (UTC-02:00) Pasaulinis koordinuotasis laikas-02,
  Azores Standard Time: (UTC-01:00) Azorai,
  Cape Verde Standard Time: (UTC-01:00) Cabo Verde (Žaliasis Kyšulys),
  UTC: (UTC) Pasaulinis koordinuotasis laikas,
  GMT Standard Time: (UTC+00:00) Dublinas, Edinburgas, Lisabona, Londonas,
  Greenwich Standard Time: (UTC+00:00) Monrovija, Reikjavikas,
  Sao Tome Standard Time: (UTC+00:00) San Tomė,
  Morocco Standard Time: (UTC+01:00) Kasablanka,
  W. Europe Standard Time: (UTC+01:00) Amsterdamas, Berlynas, Bernas, Roma, Stokholmas, Viena,
  Central Europe Standard Time: (UTC+01:00) Belgradas, Bratislava, Budapeštas, Liubliana, Praha,
  Romance Standard Time: (UTC+01:00) Briuselis, Kopenhaga, Madridas, Paryžius,
  Central European Standard Time: (UTC+01:00) Sarajevas, Skopjė, Varšuva, Zagrebas,
  W. Central Africa Standard Time: (UTC+01:00) Vakarų ir centrinė Afrika,
  GTB Standard Time: (UTC+02:00) Atėnai, Bukareštas,
  Middle East Standard Time: (UTC+02:00) Beirutas,
  Egypt Standard Time: (UTC+02:00) Kairas,
  E. Europe Standard Time: (UTC+02:00) Kišiniovas,
  Syria Standard Time: (UTC+02:00) Damaskas,
  West Bank Standard Time: (UTC+02:00) Gaza, Hibronas,
  South Africa Standard Time: (UTC+02:00) Harare, Pretorija,
  FLE Standard Time: (UTC+02:00) Helsinkis, Kijevas, Ryga, Sofija, Talinas, Vilnius,
  Israel Standard Time: (UTC+02:00) Jeruzalė,
  South Sudan Standard Time: (UTC+02:00) Džuba,
  Kaliningrad Standard Time: (UTC+02:00) Kaliningradas,
  Sudan Standard Time: (UTC+02:00) Chartumas,
  Libya Standard Time: (UTC+02:00) Tripolis,
  Namibia Standard Time: (UTC+02:00) Vindhukas,
  Jordan Standard Time: (UTC+03:00) Amanas,
  Arabic Standard Time: (UTC+03:00) Bagdadas,
  Turkey Standard Time: (UTC+03:00) Stambulas,
  Arab Standard Time: (UTC+03:00) Kuveitas, Rijadas,
  Belarus Standard Time: (UTC+03:00) Minskas,
  Russian Standard Time: (UTC+03:00) Maskva, Sankt Peterburgas,
  E. Africa Standard Time: (UTC+03:00) Nairobis,
  Volgograd Standard Time: (UTC+03:00) Volgogradas,
  Iran Standard Time: (UTC+03:30) Teheranas,
  Arabian Standard Time: (UTC+04:00) Abu Dabis, Muskatas,
  Astrakhan Standard Time: (UTC+04:00) Astrachane, Uljanovskas,
  Azerbaijan Standard Time: (UTC+04:00) Baku,
  Russia Time Zone 3: (UTC+04:00) Iževskas, Samara,
  Mauritius Standard Time: (UTC+04:00) Port Luisas,
  Saratov Standard Time: (UTC+04:00) Saratovas,
  Georgian Standard Time: (UTC+04:00) Tbilisis,
  Caucasus Standard Time: (UTC+04:00) Jerevanas,
  Afghanistan Standard Time: (UTC+04:30) Kabulas,
  West Asia Standard Time: (UTC+05:00) Ašchabadas, Taškentas,
  Ekaterinburg Standard Time: (UTC+05:00) Jekaterinburgas,
  Pakistan Standard Time: (UTC+05:00) Islamabadas, Karačis,
  Qyzylorda Standard Time: (UTC+05:00) Kyzylorda,
  India Standard Time: (UTC+05:30) Čenajus, Kalkuta, Mumbajus, Naujasis Delis,
  Sri Lanka Standard Time: (UTC+05:30) Šri Javardenepura,
  Nepal Standard Time: (UTC+05:45) Katmandu,
  Central Asia Standard Time: (UTC+06:00) Astana,
  Bangladesh Standard Time: (UTC+06:00) Daka,
  Omsk Standard Time: (UTC+06:00) Omskas,
  Myanmar Standard Time: (UTC+06:30) Jangonas (Rangūnas),
  SE Asia Standard Time: (UTC+07:00) Bankokas, Hanojus, Džakarta,
  Altai Standard Time: (UTC+07:00) Barnaulas, Gorno-Altaiskas,
  W. Mongolia Standard Time: (UTC+07:00) Kobdas,
  North Asia Standard Time: (UTC+07:00) Krasnojarskas,
  N. Central Asia Standard Time: (UTC+07:00) Novosibirskas,
  Tomsk Standard Time: (UTC+07:00) Tomskas,
  China Standard Time: (UTC+08:00) Pekinas, Chongkvingas, Honkongas, Urumkvi,
  North Asia East Standard Time: (UTC+08:00) Irkutskas,
  Singapore Standard Time: (UTC+08:00) Kvala Lampūras, Singapūras,
  W. Australia Standard Time: (UTC+08:00) Pertas,
  Taipei Standard Time: (UTC+08:00) Taipėjus,
  Ulaanbaatar Standard Time: (UTC+08:00) Ulan Batoras,
  Aus Central W. Standard Time: (UTC+08:45) Eukla,
  Transbaikal Standard Time: (UTC+09:00) Čita,
  Tokyo Standard Time: (UTC+09:00) Osaka, Saporas, Tokijas,
  North Korea Standard Time: (UTC+09:00) Pchenjanas,
  Korea Standard Time: (UTC+09:00) Seulas,
  Yakutsk Standard Time: (UTC+09:00) Jakutskas,
  Cen. Australia Standard Time: (UTC+09:30) Adelaidė,
  AUS Central Standard Time: (UTC+09:30) Darvinas,
  E. Australia Standard Time: (UTC+10:00) Brisbenas,
  AUS Eastern Standard Time: (UTC+10:00) Kanbera, Melburnas, Sidnėjus,
  West Pacific Standard Time: (UTC+10:00) Guamas, Port Morsbis,
  Tasmania Standard Time: (UTC+10:00) Hobartas,
  Vladivostok Standard Time: (UTC+10:00) Vladivostokas,
  Lord Howe Standard Time: (UTC+10:30) Lordo Hau sala,
  Bougainville Standard Time: (UTC+11:00) Bugenvilio sala,
  Russia Time Zone 10: (UTC+11:00) Čokurdachas,
  Magadan Standard Time: (UTC+11:00) Magadanas,
  Norfolk Standard Time: (UTC+11:00) Norfolko sala,
  Sakhalin Standard Time: (UTC+11:00) Sachalinas,
  Central Pacific Standard Time: (UTC+11:00) Saliamono Salos, Naujoji Kaledonija,
  Russia Time Zone 11: (UTC+12:00) Anadyris, Petropavlovskas-Kamčatskas,
  New Zealand Standard Time: (UTC+12:00) Oklandas, Velingtonas,
  UTC+12: (UTC+12:00) Pasaulinis koordinuotasis laikas+12,
  Fiji Standard Time: (UTC+12:00) Fidžis,
  Chatham Islands Standard Time: (UTC+12:45) Čatamo salos,
  UTC+13: (UTC+13:00) Pasaulinis koordinuotasis laikas+13,
  Tonga Standard Time: (UTC+13:00) Nuku'alofa,
  Samoa Standard Time: (UTC+13:00) Samoa,
  Line Islands Standard Time: (UTC+14:00) Kiritimačio Sala
}