{
  Dateline Standard Time: (UTC-12:00) Línia internacional de canvi de data de l'oest,
  UTC-11: (UTC-11:00) Temps universal coordinat-11,
  Aleutian Standard Time: (UTC-10:00) Illes Aleutianes,
  Hawaiian Standard Time: (UTC-10:00) Hawaii,
  Marquesas Standard Time: (UTC-09:30) Illes Marqueses,
  Alaskan Standard Time: (UTC-09:00) Alaska,
  UTC-09: (UTC-09:00) Temps universal coordinat-09,
  Pacific Standard Time (Mexico): (UTC-08:00) Baixa Califòrnia,
  UTC-08: (UTC-08:00) Temps universal coordinat-08,
  Pacific Standard Time: (UTC-08:00) Pacífic (EUA i Canadà),
  US Mountain Standard Time: (UTC-07:00) Arizona,
  Mountain Standard Time (Mexico): (UTC-07:00) La Paz, Mazatlán,
  Mountain Standard Time: (UTC-07:00) Muntanyes (EUA i Canadà),
  Yukon Standard Time: (UTC-07:00) Yukon,
  Central America Standard Time: (UTC-06:00) Amèrica Central,
  Central Standard Time: (UTC-06:00) Central (EUA i Canadà),
  Easter Island Standard Time: (UTC-06:00) Illa de Pasqua,
  Central Standard Time (Mexico): (UTC-06:00) Guadalajara, Ciutat de Mèxic, Monterrey,
  Canada Central Standard Time: (UTC-06:00) Saskatchewan,
  SA Pacific Standard Time: (UTC-05:00) Bogotà, Lima, Quito, Rio Branco,
  Eastern Standard Time (Mexico): (UTC-05:00) Chetumal,
  Eastern Standard Time: (UTC-05:00) Est (EUA i Canadà),
  Haiti Standard Time: (UTC-05:00) Haití,
  Cuba Standard Time: (UTC-05:00) L'Havana,
  US Eastern Standard Time: (UTC-05:00) Indiana (est),
  Turks And Caicos Standard Time: (UTC-05:00) Illes Turks i Caicos,
  Atlantic Standard Time: (UTC-04:00) Atlàntic (Canadà),
  Venezuela Standard Time: (UTC-04:00) Caracas,
  Central Brazilian Standard Time: (UTC-04:00) Cuiabá,
  SA Western Standard Time: (UTC-04:00) Georgetown, La Paz, Manaus, San Juan,
  Pacific SA Standard Time: (UTC-04:00) Santiago,
  Newfoundland Standard Time: (UTC-03:30) Terranova,
  Tocantins Standard Time: (UTC-03:00) Araguaina,
  Paraguay Standard Time: (UTC-03:00) Asunción,
  E. South America Standard Time: (UTC-03:00) Brasília,
  SA Eastern Standard Time: (UTC-03:00) Caiena, Fortaleza,
  Argentina Standard Time: (UTC-03:00) Ciutat de Buenos Aires,
  Montevideo Standard Time: (UTC-03:00) Montevideo,
  Magallanes Standard Time: (UTC-03:00) Punta Arenas,
  Saint Pierre Standard Time: (UTC-03:00) Saint-Pierre-et-Miquelon,
  Bahia Standard Time: (UTC-03:00) Salvador,
  UTC-02: (UTC-02:00) Temps universal coordinat-02,
  Greenland Standard Time: (UTC-02:00) Groenlàndia,
  Azores Standard Time: (UTC-01:00) Açores,
  Cape Verde Standard Time: (UTC-01:00) Illes Cabo Verde,
  UTC: (UTC) Temps universal coordinat,
  GMT Standard Time: (UTC+00:00) Dublín, Edimburg, Lisboa, Londres,
  Greenwich Standard Time: (UTC+00:00) Monròvia, Reykjavík,
  Sao Tome Standard Time: (UTC+00:00) São Tomé,
  Morocco Standard Time: (UTC+01:00) Casablanca,
  W. Europe Standard Time: (UTC+01:00) Amsterdam, Berlín, Berna, Roma, Estocolm, Viena,
  Central Europe Standard Time: (UTC+01:00) Belgrad, Bratislava, Budapest, Ljubljana, Praga,
  Romance Standard Time: (UTC+01:00) Barcelona, Copenhaguen, Madrid, París,
  Central European Standard Time: (UTC+01:00) Sarajevo, Skopje, Varsòvia, Zagreb,
  W. Central Africa Standard Time: (UTC+01:00) Àfrica central occidental,
  GTB Standard Time: (UTC+02:00) Atenes, Bucarest,
  Middle East Standard Time: (UTC+02:00) Beirut,
  Egypt Standard Time: (UTC+02:00) El Caire,
  E. Europe Standard Time: (UTC+02:00) Chisinau,
  West Bank Standard Time: (UTC+02:00) Gaza, Hebron,
  South Africa Standard Time: (UTC+02:00) Harare, Pretòria,
  FLE Standard Time: (UTC+02:00) Hèlsinki, Kíev, Riga, Sofia, Tallinn, Vílnius,
  Israel Standard Time: (UTC+02:00) Jerusalem,
  South Sudan Standard Time: (UTC+02:00) Juba,
  Kaliningrad Standard Time: (UTC+02:00) Kaliningrad,
  Sudan Standard Time: (UTC+02:00) Khartum,
  Libya Standard Time: (UTC+02:00) Trípoli,
  Namibia Standard Time: (UTC+02:00) Windhoek,
  Jordan Standard Time: (UTC+03:00) Amman,
  Arabic Standard Time: (UTC+03:00) Bagdad,
  Syria Standard Time: (UTC+03:00) Damasc,
  Turkey Standard Time: (UTC+03:00) Istanbul,
  Arab Standard Time: (UTC+03:00) Kuwait, Riyadh,
  Belarus Standard Time: (UTC+03:00) Minsk,
  Russian Standard Time: (UTC+03:00) Moscou, St. Petersburg,
  E. Africa Standard Time: (UTC+03:00) Nairobi,
  Volgograd Standard Time: (UTC+03:00) Volgograd,
  Iran Standard Time: (UTC+03:30) Teheran,
  Arabian Standard Time: (UTC+04:00) Abu Dhabi, Masqat,
  Astrakhan Standard Time: (UTC+04:00) Àstrakhan, Uliànovsk,
  Azerbaijan Standard Time: (UTC+04:00) Bakú,
  Russia Time Zone 3: (UTC+04:00) Izhevsk, Samara,
  Mauritius Standard Time: (UTC+04:00) Port Louis,
  Saratov Standard Time: (UTC+04:00) Saràtov,
  Georgian Standard Time: (UTC+04:00) Tbilisi,
  Caucasus Standard Time: (UTC+04:00) Erevan,
  Afghanistan Standard Time: (UTC+04:30) Kabul,
  West Asia Standard Time: (UTC+05:00) Ashgabat, Taixkent,
  Qyzylorda Standard Time: (UTC+05:00) Astana,
  Ekaterinburg Standard Time: (UTC+05:00) Ekaterinburg,
  Pakistan Standard Time: (UTC+05:00) Islamabad, Karachi,
  India Standard Time: (UTC+05:30) Chennai, Calcuta, Bombai, Nova Delhi,
  Sri Lanka Standard Time: (UTC+05:30) Sri Jayawardenepura,
  Nepal Standard Time: (UTC+05:45) Katmandú,
  Central Asia Standard Time: (UTC+06:00) Bishkek,
  Bangladesh Standard Time: (UTC+06:00) Dhaka,
  Omsk Standard Time: (UTC+06:00) Omsk,
  Myanmar Standard Time: (UTC+06:30) Yangon (Rangun),
  SE Asia Standard Time: (UTC+07:00) Bangkok, Hanoi, Jakarta,
  Altai Standard Time: (UTC+07:00) Barnaül, Gorno-Altaisk,
  W. Mongolia Standard Time: (UTC+07:00) Hovd,
  North Asia Standard Time: (UTC+07:00) Krasnoyarsk,
  N. Central Asia Standard Time: (UTC+07:00) Novosibirsk,
  Tomsk Standard Time: (UTC+07:00) Tomsk,
  China Standard Time: (UTC+08:00) Pequín, Chongqing, Hong Kong, Urumchi,
  North Asia East Standard Time: (UTC+08:00) Irkutsk,
  Singapore Standard Time: (UTC+08:00) Kuala Lumpur, Singapur,
  W. Australia Standard Time: (UTC+08:00) Perth,
  Taipei Standard Time: (UTC+08:00) Taipei,
  Ulaanbaatar Standard Time: (UTC+08:00) Ulan Bator,
  Aus Central W. Standard Time: (UTC+08:45) Eucla,
  Transbaikal Standard Time: (UTC+09:00) Txità,
  Tokyo Standard Time: (UTC+09:00) Osaka, Sapporo, Tòquio,
  North Korea Standard Time: (UTC+09:00) Pyongyang,
  Korea Standard Time: (UTC+09:00) Seül,
  Yakutsk Standard Time: (UTC+09:00) Iakutsk,
  Cen. Australia Standard Time: (UTC+09:30) Adelaide,
  AUS Central Standard Time: (UTC+09:30) Darwin,
  E. Australia Standard Time: (UTC+10:00) Brisbane,
  AUS Eastern Standard Time: (UTC+10:00) Canberra, Melbourne, Sydney,
  West Pacific Standard Time: (UTC+10:00) Guam, Port Moresby,
  Tasmania Standard Time: (UTC+10:00) Hobart,
  Vladivostok Standard Time: (UTC+10:00) Vladivostok,
  Lord Howe Standard Time: (UTC+10:30) Illa de Lord Howe,
  Bougainville Standard Time: (UTC+11:00) Illa de Bougainville,
  Russia Time Zone 10: (UTC+11:00) Chokurdakh,
  Magadan Standard Time: (UTC+11:00) Magadan,
  Norfolk Standard Time: (UTC+11:00) Illa Norfolk,
  Sakhalin Standard Time: (UTC+11:00) Sakhalín,
  Central Pacific Standard Time: (UTC+11:00) Illes Salomó, Nova Caledònia,
  Russia Time Zone 11: (UTC+12:00) Anàdir, Petropavlovsk de Kamtxatka,
  New Zealand Standard Time: (UTC+12:00) Auckland, Wellington,
  UTC+12: (UTC+12:00) Temps universal coordinat+12,
  Fiji Standard Time: (UTC+12:00) Illes Fiji,
  Chatham Islands Standard Time: (UTC+12:45) Illes Chatham,
  UTC+13: (UTC+13:00) Temps universal coordinat+13,
  Tonga Standard Time: (UTC+13:00) Nuku'alofa,
  Samoa Standard Time: (UTC+13:00) Samoa,
  Line Islands Standard Time: (UTC+14:00) Illa Kiritimati
}