{
  Dateline Standard Time: (UTC-12:00) Linia de schimbare a datei, vest,
  UTC-11: (UTC-11:00) Ora universală-11,
  Aleutian Standard Time: (UTC-10:00) Insulele Aleutine,
  Hawaiian Standard Time: (UTC-10:00) Hawaii,
  Marquesas Standard Time: (UTC-09:30) Insulele Marchize,
  Alaskan Standard Time: (UTC-09:00) Alaska,
  UTC-09: (UTC-09:00) Ora universală-09,
  Pacific Standard Time (Mexico): (UTC-08:00) Baja California,
  UTC-08: (UTC-08:00) Ora universală-08,
  Pacific Standard Time: (UTC-08:00) Ora coastei Pacificului (SUA și Canada),
  US Mountain Standard Time: (UTC-07:00) Arizona,
  Mountain Standard Time (Mexico): (UTC-07:00) La Paz, Mazatlan,
  Mountain Standard Time: (UTC-07:00) Ora MDT (SUA și Canada),
  Yukon Standard Time: (UTC-07:00) Yukon,
  Central America Standard Time: (UTC-06:00) America Centrală,
  Central Standard Time: (UTC-06:00) Ora regiunii centrale (SUA și Canada),
  Easter Island Standard Time: (UTC-06:00) Insula Paștelui,
  Central Standard Time (Mexico): (UTC-06:00) Guadalajara, Ciudad de Mexico, Monterrey,
  Canada Central Standard Time: (UTC-06:00) Saskatchewan,
  SA Pacific Standard Time: (UTC-05:00) Bogota, Lima, Quito, Rio Branco,
  Eastern Standard Time (Mexico): (UTC-05:00) Chetumal,
  Eastern Standard Time: (UTC-05:00) Ora regiunii estice (SUA și Canada),
  Haiti Standard Time: (UTC-05:00) Haiti,
  Cuba Standard Time: (UTC-05:00) Havana,
  US Eastern Standard Time: (UTC-05:00) Indiana (est),
  Turks And Caicos Standard Time: (UTC-05:00) Turks și Caicos,
  Atlantic Standard Time: (UTC-04:00) Oră Atlantic (Canada),
  Venezuela Standard Time: (UTC-04:00) Caracas,
  Central Brazilian Standard Time: (UTC-04:00) Cuiaba,
  SA Western Standard Time: (UTC-04:00) Georgetown, La Paz, Manaus, San Juan,
  Pacific SA Standard Time: (UTC-04:00) Santiago,
  Newfoundland Standard Time: (UTC-03:30) Newfoundland,
  Tocantins Standard Time: (UTC-03:00) Araguaina,
  Paraguay Standard Time: (UTC-03:00) Asuncion,
  E. South America Standard Time: (UTC-03:00) Brasilia,
  SA Eastern Standard Time: (UTC-03:00) Cayenne, Fortaleza,
  Argentina Standard Time: (UTC-03:00) Buenos Aires,
  Montevideo Standard Time: (UTC-03:00) Montevideo,
  Magallanes Standard Time: (UTC-03:00) Punta Arenas,
  Saint Pierre Standard Time: (UTC-03:00) Saint-Pierre și Miquelon,
  Bahia Standard Time: (UTC-03:00) Salvador,
  UTC-02: (UTC-02:00) Ora universală-02,
  Greenland Standard Time: (UTC-02:00) Groenlanda,
  Azores Standard Time: (UTC-01:00) Azore,
  Cape Verde Standard Time: (UTC-01:00) Insulele Cabo Verde,
  UTC: (UTC) Ora universală,
  GMT Standard Time: (UTC+00:00) Dublin, Edinburgh, Lisabona, Londra,
  Greenwich Standard Time: (UTC+00:00) Monrovia, Reykjavik,
  Sao Tome Standard Time: (UTC+00:00) São Tomé,
  Morocco Standard Time: (UTC+01:00) Casablanca,
  W. Europe Standard Time: (UTC+01:00) Amsterdam, Berlin, Berna, Roma, Stockholm, Viena,
  Central Europe Standard Time: (UTC+01:00) Belgrad, Bratislava, Budapesta, Ljubljana, Praga,
  Romance Standard Time: (UTC+01:00) Bruxelles, Copenhaga, Madrid, Paris,
  Central European Standard Time: (UTC+01:00) Sarajevo, Skopje, Varșovia, Zagreb,
  W. Central Africa Standard Time: (UTC+01:00) Africa central-vestică,
  GTB Standard Time: (UTC+02:00) Atena, București,
  Middle East Standard Time: (UTC+02:00) Beirut,
  Egypt Standard Time: (UTC+02:00) Cairo,
  E. Europe Standard Time: (UTC+02:00) Chișinău,
  West Bank Standard Time: (UTC+02:00) Gaza, Hebron,
  South Africa Standard Time: (UTC+02:00) Harare, Pretoria,
  FLE Standard Time: (UTC+02:00) Helsinki, Kiev, Riga, Sofia, Tallinn, Vilnius,
  Israel Standard Time: (UTC+02:00) Ierusalim,
  South Sudan Standard Time: (UTC+02:00) Juba,
  Kaliningrad Standard Time: (UTC+02:00) Kaliningrad,
  Sudan Standard Time: (UTC+02:00) Khartoum,
  Libya Standard Time: (UTC+02:00) Tripoli,
  Namibia Standard Time: (UTC+02:00) Windhoek,
  Jordan Standard Time: (UTC+03:00) Amman,
  Arabic Standard Time: (UTC+03:00) Bagdad,
  Syria Standard Time: (UTC+03:00) Damasc,
  Turkey Standard Time: (UTC+03:00) Istanbul,
  Arab Standard Time: (UTC+03:00) Kuwait, Riad,
  Belarus Standard Time: (UTC+03:00) Minsk,
  Russian Standard Time: (UTC+03:00) Moscova, Sankt Petersburg,
  E. Africa Standard Time: (UTC+03:00) Nairobi,
  Volgograd Standard Time: (UTC+03:00) Volgograd,
  Iran Standard Time: (UTC+03:30) Teheran,
  Arabian Standard Time: (UTC+04:00) Abu Dhabi, Muscat,
  Astrakhan Standard Time: (UTC+04:00) Astrahan, Ulianovsk,
  Azerbaijan Standard Time: (UTC+04:00) Baku,
  Russia Time Zone 3: (UTC+04:00) Ijevsk, Samara,
  Mauritius Standard Time: (UTC+04:00) Port Louis,
  Saratov Standard Time: (UTC+04:00) Saratov,
  Georgian Standard Time: (UTC+04:00) Tbilisi,
  Caucasus Standard Time: (UTC+04:00) Erevan,
  Afghanistan Standard Time: (UTC+04:30) Kabul,
  West Asia Standard Time: (UTC+05:00) Așhabad, Tașkent,
  Qyzylorda Standard Time: (UTC+05:00) Astana,
  Ekaterinburg Standard Time: (UTC+05:00) Ekaterinburg,
  Pakistan Standard Time: (UTC+05:00) Islamabad, Karachi,
  India Standard Time: (UTC+05:30) Chennai, Kolkata, Mumbai, New Delhi,
  Sri Lanka Standard Time: (UTC+05:30) Sri Jayawardenepura,
  Nepal Standard Time: (UTC+05:45) Katmandu,
  Central Asia Standard Time: (UTC+06:00) Bishkek,
  Bangladesh Standard Time: (UTC+06:00) Dhaka,
  Omsk Standard Time: (UTC+06:00) Omsk,
  Myanmar Standard Time: (UTC+06:30) Yangon (Rangoon),
  SE Asia Standard Time: (UTC+07:00) Bangkok, Hanoi, Jakarta,
  Altai Standard Time: (UTC+07:00) Barnaul, Gorno-Altaisk,
  W. Mongolia Standard Time: (UTC+07:00) Hovd,
  North Asia Standard Time: (UTC+07:00) Krasnoiarsk,
  N. Central Asia Standard Time: (UTC+07:00) Novosibirsk,
  Tomsk Standard Time: (UTC+07:00) Tomsk,
  China Standard Time: (UTC+08:00) Beijing, Chongqing, RAS Hong Kong, Urumqi,
  North Asia East Standard Time: (UTC+08:00) Irkutsk,
  Singapore Standard Time: (UTC+08:00) Kuala Lumpur, Singapore,
  W. Australia Standard Time: (UTC+08:00) Perth,
  Taipei Standard Time: (UTC+08:00) Taipei,
  Ulaanbaatar Standard Time: (UTC+08:00) Ulan Bator,
  Aus Central W. Standard Time: (UTC+08:45) Eucla,
  Transbaikal Standard Time: (UTC+09:00) Chita,
  Tokyo Standard Time: (UTC+09:00) Osaka, Sapporo, Tokio,
  North Korea Standard Time: (UTC+09:00) Pyongyang,
  Korea Standard Time: (UTC+09:00) Seul,
  Yakutsk Standard Time: (UTC+09:00) Yakutsk,
  Cen. Australia Standard Time: (UTC+09:30) Adelaide,
  AUS Central Standard Time: (UTC+09:30) Darwin,
  E. Australia Standard Time: (UTC+10:00) Brisbane,
  AUS Eastern Standard Time: (UTC+10:00) Canberra, Melbourne, Sydney,
  West Pacific Standard Time: (UTC+10:00) Guam, Port Moresby,
  Tasmania Standard Time: (UTC+10:00) Hobart,
  Vladivostok Standard Time: (UTC+10:00) Vladivostok,
  Lord Howe Standard Time: (UTC+10:30) Insula Lord Howe,
  Bougainville Standard Time: (UTC+11:00) Insula Bougainville,
  Russia Time Zone 10: (UTC+11:00) Ceokurdah,
  Magadan Standard Time: (UTC+11:00) Magadan,
  Norfolk Standard Time: (UTC+11:00) Insula Norfolk ,
  Sakhalin Standard Time: (UTC+11:00) Sahalin,
  Central Pacific Standard Time: (UTC+11:00) Insulele Solomon, Noua Caledonie,
  Russia Time Zone 11: (UTC+12:00) Anadîr, Petropavlovsk-Kamceatski,
  New Zealand Standard Time: (UTC+12:00) Auckland, Wellington,
  UTC+12: (UTC+12:00) Ora universală+12,
  Fiji Standard Time: (UTC+12:00) Fiji,
  Chatham Islands Standard Time: (UTC+12:45) Insulele Chatham,
  UTC+13: (UTC+13:00) Ora universală+13,
  Tonga Standard Time: (UTC+13:00) Nuku'alofa,
  Samoa Standard Time: (UTC+13:00) Samoa,
  Line Islands Standard Time: (UTC+14:00) Insula Kiritimati
}