{
  Dateline Standard Time: (UTC-12:00) Starptautiskās datumu maiņas līnijas rietumi,
  UTC-11: (UTC-11:00) Universālais koordinētais laiks - 11,
  Aleutian Standard Time: (UTC-10:00) Aleutu salas,
  Hawaiian Standard Time: (UTC-10:00) Havajas,
  Marquesas Standard Time: (UTC-09:30) Marķīza salas,
  Alaskan Standard Time: (UTC-09:00) Aļaska,
  UTC-09: (UTC-09:00) Universālais koordinētais laiks - 09,
  Pacific Standard Time (Mexico): (UTC-08:00) Lejaskalifornija,
  UTC-08: (UTC-08:00) Universālais koordinētais laiks - 08,
  Pacific Standard Time: (UTC-08:00) Rietumkrasta laiks (ASV, Kanāda),
  US Mountain Standard Time: (UTC-07:00) Arizona,
  Mountain Standard Time (Mexico): (UTC-07:00) Lapasa, Masatlana,
  Mountain Standard Time: (UTC-07:00) Ziemas laika josla (ASV, Kanāda),
  Yukon Standard Time: (UTC-07:00) Jukona,
  Central America Standard Time: (UTC-06:00) Centrālamerika,
  Central Standard Time: (UTC-06:00) Centrālais laiks (ASV, Kanāda),
  Easter Island Standard Time: (UTC-06:00) Lieldienu sala,
  Central Standard Time (Mexico): (UTC-06:00) Gvadalahara, Mehiko, Montereja,
  Canada Central Standard Time: (UTC-06:00) Saskačevana,
  SA Pacific Standard Time: (UTC-05:00) Bogota, Lima, Kito, Riobranko,
  Eastern Standard Time (Mexico): (UTC-05:00) Četumala,
  Eastern Standard Time: (UTC-05:00) Austrumkrasta laiks (ASV, Kanāda),
  Haiti Standard Time: (UTC-05:00) Haiti,
  Cuba Standard Time: (UTC-05:00) Havanna,
  US Eastern Standard Time: (UTC-05:00) Indiāna (austrumi),
  Turks And Caicos Standard Time: (UTC-05:00) Tērksa un Kaikosa,
  Atlantic Standard Time: (UTC-04:00) Atlantijas joslas laiks (Kanāda),
  Venezuela Standard Time: (UTC-04:00) Karakasa,
  Central Brazilian Standard Time: (UTC-04:00) Kujaba,
  SA Western Standard Time: (UTC-04:00) Džordžtauna, Lapasa, Manausa, Sanhuana,
  Pacific SA Standard Time: (UTC-04:00) Santjago,
  Newfoundland Standard Time: (UTC-03:30) Ņūfaundlenda,
  Tocantins Standard Time: (UTC-03:00) Aragvaina,
  Paraguay Standard Time: (UTC-03:00) Asunsjona,
  E. South America Standard Time: (UTC-03:00) Brazīlija,
  SA Eastern Standard Time: (UTC-03:00) Kajenna, Fortaleza,
  Argentina Standard Time: (UTC-03:00) Buenosairesa,
  Montevideo Standard Time: (UTC-03:00) Montevideo,
  Magallanes Standard Time: (UTC-03:00) Puntaarenasa,
  Saint Pierre Standard Time: (UTC-03:00) Senpjēra un Mikelona,
  Bahia Standard Time: (UTC-03:00) Salvadora,
  UTC-02: (UTC-02:00) Universālais koordinētais laiks - 02,
  Greenland Standard Time: (UTC-02:00) Grenlande,
  Azores Standard Time: (UTC-01:00) Azoru salas,
  Cape Verde Standard Time: (UTC-01:00) Kaboverdes salas,
  UTC: (UTC) Universālais koordinētais laiks,
  GMT Standard Time: (UTC+00:00) Dublina, Edinburga, Lisabona, Londona,
  Greenwich Standard Time: (UTC+00:00) Monrovija, Reikjavīka,
  Sao Tome Standard Time: (UTC+00:00) Santome,
  Morocco Standard Time: (UTC+01:00) Kasablanka,
  W. Europe Standard Time: (UTC+01:00) Amsterdama, Berlīne, Berne, Roma, Stokholma, Vīne,
  Central Europe Standard Time: (UTC+01:00) Belgrada, Bratislava, Budapešta, Ļubļana, Prāga,
  Romance Standard Time: (UTC+01:00) Brisele, Kopenhāgena, Madride, Parīze,
  Central European Standard Time: (UTC+01:00) Sarajeva, Skopje, Varšava, Zagreba,
  W. Central Africa Standard Time: (UTC+01:00) Centrālāfrikas rietumdaļa,
  GTB Standard Time: (UTC+02:00) Atēnas, Bukareste,
  Middle East Standard Time: (UTC+02:00) Beiruta,
  Egypt Standard Time: (UTC+02:00) Kaira,
  E. Europe Standard Time: (UTC+02:00) Kišiņeva,
  West Bank Standard Time: (UTC+02:00) Gaza, Hebrona,
  South Africa Standard Time: (UTC+02:00) Harare, Pretorija,
  FLE Standard Time: (UTC+02:00) Helsinki, Kijiva, Rīga, Sofija, Tallina, Viļņa,
  Israel Standard Time: (UTC+02:00) Jeruzaleme,
  South Sudan Standard Time: (UTC+02:00) Džuba,
  Kaliningrad Standard Time: (UTC+02:00) Kaļiņingrada,
  Sudan Standard Time: (UTC+02:00) Hartūma,
  Libya Standard Time: (UTC+02:00) Tripole,
  Namibia Standard Time: (UTC+02:00) Vindhūka,
  Jordan Standard Time: (UTC+03:00) Ammāna,
  Arabic Standard Time: (UTC+03:00) Bagdāde,
  Syria Standard Time: (UTC+03:00) Damaska,
  Turkey Standard Time: (UTC+03:00) Stambula,
  Arab Standard Time: (UTC+03:00) Kuveita, Rijāda,
  Belarus Standard Time: (UTC+03:00) Minska,
  Russian Standard Time: (UTC+03:00) Maskava, Sanktpēterburga,
  E. Africa Standard Time: (UTC+03:00) Nairobi,
  Volgograd Standard Time: (UTC+03:00) Volgograda,
  Iran Standard Time: (UTC+03:30) Teherāna,
  Arabian Standard Time: (UTC+04:00) Abū Dabī, Maskata,
  Astrakhan Standard Time: (UTC+04:00) Astrahaņa, Uljanovska,
  Azerbaijan Standard Time: (UTC+04:00) Baku,
  Russia Time Zone 3: (UTC+04:00) Iževska, Samara,
  Mauritius Standard Time: (UTC+04:00) Portluija,
  Saratov Standard Time: (UTC+04:00) Saratova,
  Georgian Standard Time: (UTC+04:00) Tbilisi,
  Caucasus Standard Time: (UTC+04:00) Erevāna,
  Afghanistan Standard Time: (UTC+04:30) Kabula,
  West Asia Standard Time: (UTC+05:00) Ašhabada, Taškenta,
  Qyzylorda Standard Time: (UTC+05:00) Astana,
  Ekaterinburg Standard Time: (UTC+05:00) Jekaterinburga,
  Pakistan Standard Time: (UTC+05:00) Islamabada, Karači,
  India Standard Time: (UTC+05:30) Čenaja, Kalkuta, Mumbaja, Ņūdeli,
  Sri Lanka Standard Time: (UTC+05:30) Šri Džajavardenepūra,
  Nepal Standard Time: (UTC+05:45) Katmandu,
  Central Asia Standard Time: (UTC+06:00) Biškeka,
  Bangladesh Standard Time: (UTC+06:00) Daka,
  Omsk Standard Time: (UTC+06:00) Omska,
  Myanmar Standard Time: (UTC+06:30) Jangona (Ranguna),
  SE Asia Standard Time: (UTC+07:00) Bangkoka, Hanoja, Džakarta,
  Altai Standard Time: (UTC+07:00) Barnaula, Gornoaltaiska,
  W. Mongolia Standard Time: (UTC+07:00) Hovda,
  North Asia Standard Time: (UTC+07:00) Krasnojarska,
  N. Central Asia Standard Time: (UTC+07:00) Novosibirska,
  Tomsk Standard Time: (UTC+07:00) Tomska,
  China Standard Time: (UTC+08:00) Pekina, Čuncina, Honkonga, Urumči,
  North Asia East Standard Time: (UTC+08:00) Irkutska,
  Singapore Standard Time: (UTC+08:00) Kualalumpura, Singapūra,
  W. Australia Standard Time: (UTC+08:00) Pērta,
  Taipei Standard Time: (UTC+08:00) Taipeja,
  Ulaanbaatar Standard Time: (UTC+08:00) Ulanbatora,
  Aus Central W. Standard Time: (UTC+08:45) Jukla,
  Transbaikal Standard Time: (UTC+09:00) Čita,
  Tokyo Standard Time: (UTC+09:00) Osaka, Saporo, Tokija,
  North Korea Standard Time: (UTC+09:00) Phenjana,
  Korea Standard Time: (UTC+09:00) Seula,
  Yakutsk Standard Time: (UTC+09:00) Jakutska,
  Cen. Australia Standard Time: (UTC+09:30) Adelaida,
  AUS Central Standard Time: (UTC+09:30) Darvina,
  E. Australia Standard Time: (UTC+10:00) Brisbena,
  AUS Eastern Standard Time: (UTC+10:00) Kanbera, Melburna, Sidneja,
  West Pacific Standard Time: (UTC+10:00) Guama, Portmorsbija,
  Tasmania Standard Time: (UTC+10:00) Hobārta,
  Vladivostok Standard Time: (UTC+10:00) Vladivostoka,
  Lord Howe Standard Time: (UTC+10:30) Lorda Hava sala,
  Bougainville Standard Time: (UTC+11:00) Bugenvila sala,
  Russia Time Zone 10: (UTC+11:00) Čokurdaha,
  Magadan Standard Time: (UTC+11:00) Magadana,
  Norfolk Standard Time: (UTC+11:00) Norfolkas sala,
  Sakhalin Standard Time: (UTC+11:00) Sahalīna,
  Central Pacific Standard Time: (UTC+11:00) Zālamana salas, Jaunkaledonija,
  Russia Time Zone 11: (UTC+12:00) Anadira, Petropavlovska-Kamčatska,
  New Zealand Standard Time: (UTC+12:00) Oklenda, Velingtona,
  UTC+12: (UTC+12:00) Universālais koordinētais laiks + 12,
  Fiji Standard Time: (UTC+12:00) Fidži,
  Chatham Islands Standard Time: (UTC+12:45) Četema salas,
  UTC+13: (UTC+13:00) Universālais koordinētais laiks + 13,
  Tonga Standard Time: (UTC+13:00) Nukualofa,
  Samoa Standard Time: (UTC+13:00) Samoa,
  Line Islands Standard Time: (UTC+14:00) Kiritimati sala
}