{
  Dateline Standard Time: (UTC-12:00) 國際換日線以西,
  UTC-11: (UTC-11:00) 國際標準時間-11,
  Aleutian Standard Time: (UTC-10:00) 阿留申群島,
  Hawaiian Standard Time: (UTC-10:00) 夏威夷,
  Marquesas Standard Time: (UTC-09:30) 馬克沙斯群島,
  Alaskan Standard Time: (UTC-09:00) 阿拉斯加,
  UTC-09: (UTC-09:00) 國際標準時間-09,
  Pacific Standard Time (Mexico): (UTC-08:00) 下加利福尼亞,
  UTC-08: (UTC-08:00) 國際標準時間-08,
  Pacific Standard Time: (UTC-08:00) 太平洋時間 (美國和加拿大),
  US Mountain Standard Time: (UTC-07:00) 亞歷桑那,
  Mountain Standard Time (Mexico): (UTC-07:00) 齊驊華，拉帕茲，馬札特蘭,
  Mountain Standard Time: (UTC-07:00) 山區時間 (美國和加拿大),
  Yukon Standard Time: (UTC-07:00) 育空,
  Central America Standard Time: (UTC-06:00) 中美洲,
  Central Standard Time: (UTC-06:00) 中部時間 (美國和加拿大),
  Easter Island Standard Time: (UTC-06:00) 伊斯特島,
  Central Standard Time (Mexico): (UTC-06:00) 瓜達拉加若，墨西哥城，蒙特利,
  Canada Central Standard Time: (UTC-06:00) 薩克其萬 (加拿大),
  SA Pacific Standard Time: (UTC-05:00) 波哥大，利馬，基多，里約布蘭科,
  Eastern Standard Time (Mexico): (UTC-05:00) 切圖馬爾,
  Eastern Standard Time: (UTC-05:00) 東部時間 (美國和加拿大),
  Haiti Standard Time: (UTC-05:00) 海地,
  Cuba Standard Time: (UTC-05:00) 哈瓦那,
  US Eastern Standard Time: (UTC-05:00) 印第安納 (東部),
  Turks And Caicos Standard Time: (UTC-05:00) 土克斯及開科斯,
  Paraguay Standard Time: (UTC-04:00) 亞松森,
  Atlantic Standard Time: (UTC-04:00) 大西洋時間 (加拿大),
  Venezuela Standard Time: (UTC-04:00) 卡拉卡斯,
  Central Brazilian Standard Time: (UTC-04:00) 古雅巴,
  SA Western Standard Time: (UTC-04:00) 佐治敦，拉帕茲，瑪瑙斯，聖胡安,
  Pacific SA Standard Time: (UTC-04:00) 聖地牙哥,
  Newfoundland Standard Time: (UTC-03:30) 紐芬蘭,
  Tocantins Standard Time: (UTC-03:00) 阿拉瓜伊納,
  E. South America Standard Time: (UTC-03:00) 巴西利亞,
  SA Eastern Standard Time: (UTC-03:00) 開雲，福塔力沙,
  Argentina Standard Time: (UTC-03:00) 布宜諾斯艾利斯,
  Greenland Standard Time: (UTC-03:00) 格陵蘭,
  Montevideo Standard Time: (UTC-03:00) 蒙特維多,
  Magallanes Standard Time: (UTC-03:00) 蓬塔阿雷納斯,
  Saint Pierre Standard Time: (UTC-03:00) 聖匹島,
  Bahia Standard Time: (UTC-03:00) 薩爾瓦多,
  UTC-02: (UTC-02:00) 國際標準時間-02,
  Azores Standard Time: (UTC-01:00) 亞速爾群島,
  Cape Verde Standard Time: (UTC-01:00) 維德角,
  UTC: (UTC) 國際標准時間,
  GMT Standard Time: (UTC+00:00) 都柏林，愛丁堡，里斯本，倫敦,
  Greenwich Standard Time: (UTC+00:00) 蒙羅維亞，雷克雅維克,
  Sao Tome Standard Time: (UTC+00:00) 聖多美普林西比,
  Morocco Standard Time: (UTC+01:00) 卡薩布蘭卡,
  W. Europe Standard Time: (UTC+01:00) 阿姆斯特丹，柏林，伯恩，羅馬，斯德哥爾摩，維也納,
  Central Europe Standard Time: (UTC+01:00) 貝爾格勒，布拉提斯拉瓦，布達佩斯，盧布亞納，布拉格,
  Romance Standard Time: (UTC+01:00) 布魯塞爾，哥本哈根，馬德里，巴黎,
  Central European Standard Time: (UTC+01:00) 塞拉耶佛，斯高彼亞，華沙，札格雷布,
  W. Central Africa Standard Time: (UTC+01:00) 中西非,
  Jordan Standard Time: (UTC+02:00) 安曼,
  GTB Standard Time: (UTC+02:00) 雅典，布加勒斯特,
  Middle East Standard Time: (UTC+02:00) 貝魯特,
  Egypt Standard Time: (UTC+02:00) 開羅,
  E. Europe Standard Time: (UTC+02:00) 奇西瑙,
  Syria Standard Time: (UTC+02:00) 大馬士革,
  West Bank Standard Time: (UTC+02:00) 加薩，希伯侖,
  South Africa Standard Time: (UTC+02:00) 哈拉雷，皮托里,
  FLE Standard Time: (UTC+02:00) 赫爾辛基，凱耶夫，里加，蘇非亞，塔林，維爾紐斯,
  Israel Standard Time: (UTC+02:00) 耶路撒冷,
  South Sudan Standard Time: (UTC+02:00) 朱巴,
  Kaliningrad Standard Time: (UTC+02:00) 卡里寧格勒,
  Sudan Standard Time: (UTC+02:00) 喀土穆,
  Libya Standard Time: (UTC+02:00) 的黎波里,
  Namibia Standard Time: (UTC+02:00) 溫吐克,
  Arabic Standard Time: (UTC+03:00) 巴格達,
  Turkey Standard Time: (UTC+03:00) 伊斯坦堡,
  Arab Standard Time: (UTC+03:00) 科威特，利雅德,
  Belarus Standard Time: (UTC+03:00) 明斯克,
  Russian Standard Time: (UTC+03:00) 莫斯科，聖彼得堡,
  E. Africa Standard Time: (UTC+03:00) 奈洛比,
  Volgograd Standard Time: (UTC+03:00) 伏爾加格勒,
  Iran Standard Time: (UTC+03:30) 德黑蘭,
  Arabian Standard Time: (UTC+04:00) 阿布達比，馬斯喀特,
  Astrakhan Standard Time: (UTC+04:00) 阿斯特拉罕，烏里揚諾夫斯克,
  Azerbaijan Standard Time: (UTC+04:00) 巴庫,
  Russia Time Zone 3: (UTC+04:00) 伊熱夫斯克，沙馬拉,
  Mauritius Standard Time: (UTC+04:00) 路易士港,
  Saratov Standard Time: (UTC+04:00) 薩拉托夫,
  Georgian Standard Time: (UTC+04:00) 第比利斯,
  Caucasus Standard Time: (UTC+04:00) 葉里溫,
  Afghanistan Standard Time: (UTC+04:30) 喀布爾,
  West Asia Standard Time: (UTC+05:00) 阿什哈巴德，塔什干,
  Ekaterinburg Standard Time: (UTC+05:00) 伊卡特林堡,
  Pakistan Standard Time: (UTC+05:00) 伊斯蘭馬巴德，克洛奇,
  Qyzylorda Standard Time: (UTC+05:00) 克孜勒奧爾達,
  India Standard Time: (UTC+05:30) 辰內，加爾各答，孟拜，新德里,
  Sri Lanka Standard Time: (UTC+05:30) 斯里哈亞華登尼普拉,
  Nepal Standard Time: (UTC+05:45) 加德滿都,
  Central Asia Standard Time: (UTC+06:00) 阿斯坦納,
  Bangladesh Standard Time: (UTC+06:00) 達卡,
  Omsk Standard Time: (UTC+06:00) 鄂木斯克,
  Myanmar Standard Time: (UTC+06:30) 仰光,
  SE Asia Standard Time: (UTC+07:00) 曼谷，河內，雅加達,
  Altai Standard Time: (UTC+07:00) 巴爾瑙爾，戈爾諾-阿爾泰斯克,
  W. Mongolia Standard Time: (UTC+07:00) 哈霍德,
  North Asia Standard Time: (UTC+07:00) 克拉斯諾亞爾斯克,
  N. Central Asia Standard Time: (UTC+07:00) 諾曼斯比爾斯科,
  Tomsk Standard Time: (UTC+07:00) 托木斯克,
  China Standard Time: (UTC+08:00) 北京，重慶，香港特別行政區，烏魯木齊,
  North Asia East Standard Time: (UTC+08:00) 伊爾庫次克,
  Singapore Standard Time: (UTC+08:00) 吉隆坡，新加坡,
  W. Australia Standard Time: (UTC+08:00) 伯斯,
  Taipei Standard Time: (UTC+08:00) 台北,
  Ulaanbaatar Standard Time: (UTC+08:00) 庫倫,
  Aus Central W. Standard Time: (UTC+08:45) 尤克拉,
  Transbaikal Standard Time: (UTC+09:00) 赤塔,
  Tokyo Standard Time: (UTC+09:00) 大阪，北海道，東京,
  North Korea Standard Time: (UTC+09:00) 平壤,
  Korea Standard Time: (UTC+09:00) 首爾,
  Yakutsk Standard Time: (UTC+09:00) 亞庫茲克,
  Cen. Australia Standard Time: (UTC+09:30) 愛德蘭,
  AUS Central Standard Time: (UTC+09:30) 達爾文,
  E. Australia Standard Time: (UTC+10:00) 布里斯本,
  AUS Eastern Standard Time: (UTC+10:00) 坎培拉，墨爾本，雪梨,
  West Pacific Standard Time: (UTC+10:00) 關島，莫爾斯貝港,
  Tasmania Standard Time: (UTC+10:00) 霍巴特,
  Vladivostok Standard Time: (UTC+10:00) 海參威,
  Lord Howe Standard Time: (UTC+10:30) 羅豪島,
  Bougainville Standard Time: (UTC+11:00) 布干維爾島,
  Russia Time Zone 10: (UTC+11:00) 喬庫爾達赫,
  Magadan Standard Time: (UTC+11:00) 馬加丹,
  Norfolk Standard Time: (UTC+11:00) 諾福克島,
  Sakhalin Standard Time: (UTC+11:00) 庫頁島,
  Central Pacific Standard Time: (UTC+11:00) 索羅門群島，新喀里多尼亞群島,
  Russia Time Zone 11: (UTC+12:00) 阿納底，彼得保羅夫斯克-堪察加斯克,
  New Zealand Standard Time: (UTC+12:00) 奧克蘭，威靈頓,
  UTC+12: (UTC+12:00) 國際標準時間+12,
  Fiji Standard Time: (UTC+12:00) 斐濟,
  Chatham Islands Standard Time: (UTC+12:45) 查塔姆群島,
  UTC+13: (UTC+13:00) 國際標準時間+13,
  Tonga Standard Time: (UTC+13:00) 努瓜婁發,
  Samoa Standard Time: (UTC+13:00) 薩摩亞,
  Line Islands Standard Time: (UTC+14:00) 刻里提瑪斯島
}