{
  Dateline Standard Time: (UTC-12:00) Mednarodna datumska meja - zahod,
  UTC-11: (UTC-11:00) Usklajen univerzalni čas-11,
  Aleutian Standard Time: (UTC-10:00) Aleutski otoki,
  Hawaiian Standard Time: (UTC-10:00) Havaji,
  Marquesas Standard Time: (UTC-09:30) Otočje Marquesas,
  Alaskan Standard Time: (UTC-09:00) Aljaska,
  UTC-09: (UTC-09:00) Usklajen univerzalni čas-09,
  Pacific Standard Time (Mexico): (UTC-08:00) Baja California,
  UTC-08: (UTC-08:00) Usklajen univerzalni čas-08,
  Pacific Standard Time: (UTC-08:00) Tihooceanski čas (ZDA in Kanada),
  US Mountain Standard Time: (UTC-07:00) Arizona,
  Mountain Standard Time (Mexico): (UTC-07:00) La Paz, Mazatlan,
  Mountain Standard Time: (UTC-07:00) Gorski čas (ZDA in Kanada),
  Yukon Standard Time: (UTC-07:00) Jukon,
  Central America Standard Time: (UTC-06:00) Srednja Amerika,
  Central Standard Time: (UTC-06:00) Osrednji čas (ZDA in Kanada),
  Easter Island Standard Time: (UTC-06:00) Velikonočni otok,
  Central Standard Time (Mexico): (UTC-06:00) Guadalajara, Mexico City, Monterrey,
  Canada Central Standard Time: (UTC-06:00) Saskatchewan,
  SA Pacific Standard Time: (UTC-05:00) Bogota, Lima, Quito, Rio Branco,
  Eastern Standard Time (Mexico): (UTC-05:00) Chetumal,
  Eastern Standard Time: (UTC-05:00) Vzhodni čas (ZDA in Kanada),
  Haiti Standard Time: (UTC-05:00) Haiti,
  Cuba Standard Time: (UTC-05:00) Havana,
  US Eastern Standard Time: (UTC-05:00) Indiana (vzhod),
  Turks And Caicos Standard Time: (UTC-05:00) Otoki Turks in Caicos,
  Atlantic Standard Time: (UTC-04:00) Atlantski čas (Kanada),
  Venezuela Standard Time: (UTC-04:00) Caracas,
  Central Brazilian Standard Time: (UTC-04:00) Cuiaba,
  SA Western Standard Time: (UTC-04:00) Georgetown, La Paz, Manaus, San Juan,
  Pacific SA Standard Time: (UTC-04:00) Santiago,
  Newfoundland Standard Time: (UTC-03:30) Nova Fundlandija,
  Tocantins Standard Time: (UTC-03:00) Araguaina,
  Paraguay Standard Time: (UTC-03:00) Asuncion,
  E. South America Standard Time: (UTC-03:00) Brasilia,
  SA Eastern Standard Time: (UTC-03:00) Cayenne, Fortaleza,
  Argentina Standard Time: (UTC-03:00) Buenos Aires,
  Montevideo Standard Time: (UTC-03:00) Montevideo,
  Magallanes Standard Time: (UTC-03:00) Punta Arenas,
  Saint Pierre Standard Time: (UTC-03:00) Saint Pierre in Miquelon,
  Bahia Standard Time: (UTC-03:00) Salvador,
  UTC-02: (UTC-02:00) Usklajen univerzalni čas-02,
  Greenland Standard Time: (UTC-02:00) Grenlandija,
  Azores Standard Time: (UTC-01:00) Azori,
  Cape Verde Standard Time: (UTC-01:00) Cabo Verde,
  UTC: (UTC) Usklajen univerzalni čas,
  GMT Standard Time: (UTC+00:00) Dublin, Edinburgh, Lizbona, London,
  Greenwich Standard Time: (UTC+00:00) Monrovia, Reykjavik,
  Sao Tome Standard Time: (UTC+00:00) Sao Tome,
  Morocco Standard Time: (UTC+01:00) Casablanca,
  W. Europe Standard Time: (UTC+01:00) Amsterdam, Berlin, Bern, Rim, Stockholm, Dunaj,
  Central Europe Standard Time: (UTC+01:00) Beograd, Bratislava, Budimpešta, Ljubljana, Praga,
  Romance Standard Time: (UTC+01:00) Bruselj, Kopenhagen, Madrid, Pariz,
  Central European Standard Time: (UTC+01:00) Sarajevo, Skopje, Varšava, Zagreb,
  W. Central Africa Standard Time: (UTC+01:00) Zahodna centralna Afrika,
  GTB Standard Time: (UTC+02:00) Atene, Bukarešta,
  Middle East Standard Time: (UTC+02:00) Bejrut,
  Egypt Standard Time: (UTC+02:00) Kairo,
  E. Europe Standard Time: (UTC+02:00) Kišinjev,
  West Bank Standard Time: (UTC+02:00) Gaza, Hebron,
  South Africa Standard Time: (UTC+02:00) Harare, Pretoria,
  FLE Standard Time: (UTC+02:00) Helsinki, Kijev, Riga, Sofia, Talin, Vilna,
  Israel Standard Time: (UTC+02:00) Jeruzalem,
  South Sudan Standard Time: (UTC+02:00) Juba,
  Kaliningrad Standard Time: (UTC+02:00) Kaliningrad,
  Sudan Standard Time: (UTC+02:00) Kartum,
  Libya Standard Time: (UTC+02:00) Tripoli,
  Namibia Standard Time: (UTC+02:00) Windhoek,
  Jordan Standard Time: (UTC+03:00) Amman,
  Arabic Standard Time: (UTC+03:00) Bagdad,
  Syria Standard Time: (UTC+03:00) Damask,
  Turkey Standard Time: (UTC+03:00) Istanbul,
  Arab Standard Time: (UTC+03:00) Kuvajt, Rijad,
  Belarus Standard Time: (UTC+03:00) Minsk,
  Russian Standard Time: (UTC+03:00) Moskva, Sankt-Peterburg,
  E. Africa Standard Time: (UTC+03:00) Nairobi,
  Volgograd Standard Time: (UTC+03:00) Volgograd,
  Iran Standard Time: (UTC+03:30) Teheran,
  Arabian Standard Time: (UTC+04:00) Abu Dabi, Muškat,
  Astrakhan Standard Time: (UTC+04:00) Astrahan, Uljanovsk,
  Azerbaijan Standard Time: (UTC+04:00) Baku,
  Russia Time Zone 3: (UTC+04:00) Iževsk, Samara,
  Mauritius Standard Time: (UTC+04:00) Port Louis,
  Saratov Standard Time: (UTC+04:00) Saratov,
  Georgian Standard Time: (UTC+04:00) Tbilisi,
  Caucasus Standard Time: (UTC+04:00) Erevan,
  Afghanistan Standard Time: (UTC+04:30) Kabul,
  West Asia Standard Time: (UTC+05:00) Ašhabad, Taškent,
  Qyzylorda Standard Time: (UTC+05:00) Astana,
  Ekaterinburg Standard Time: (UTC+05:00) Jekaterinburg,
  Pakistan Standard Time: (UTC+05:00) Islamabad, Karači,
  India Standard Time: (UTC+05:30) Čenaj, Kolkota, Mumbaj, New Delhi,
  Sri Lanka Standard Time: (UTC+05:30) Sri Jayawardenepura,
  Nepal Standard Time: (UTC+05:45) Katmandu,
  Central Asia Standard Time: (UTC+06:00) Bishkek,
  Bangladesh Standard Time: (UTC+06:00) Daka,
  Omsk Standard Time: (UTC+06:00) Omsk,
  Myanmar Standard Time: (UTC+06:30) Yangon (Rangun),
  SE Asia Standard Time: (UTC+07:00) Bangkok, Hanoj, Džakarta,
  Altai Standard Time: (UTC+07:00) Barnaul, Gorno-Altajsk,
  W. Mongolia Standard Time: (UTC+07:00) Hovd,
  North Asia Standard Time: (UTC+07:00) Krasnojarsk,
  N. Central Asia Standard Time: (UTC+07:00) Novosibirsk,
  Tomsk Standard Time: (UTC+07:00) Tomsk,
  China Standard Time: (UTC+08:00) Peking, Čongčing, Posebno upravno območje Hongkong, Urumči,
  North Asia East Standard Time: (UTC+08:00) Irkutsk,
  Singapore Standard Time: (UTC+08:00) Kuala Lumpur, Singapur,
  W. Australia Standard Time: (UTC+08:00) Perth,
  Taipei Standard Time: (UTC+08:00) Tajpej,
  Ulaanbaatar Standard Time: (UTC+08:00) Ulan Bator,
  Aus Central W. Standard Time: (UTC+08:45) Eucla,
  Transbaikal Standard Time: (UTC+09:00) Čita,
  Tokyo Standard Time: (UTC+09:00) Osaka, Saporo, Tokio,
  North Korea Standard Time: (UTC+09:00) Pjongjang,
  Korea Standard Time: (UTC+09:00) Seul,
  Yakutsk Standard Time: (UTC+09:00) Jakutsk,
  Cen. Australia Standard Time: (UTC+09:30) Adelaide,
  AUS Central Standard Time: (UTC+09:30) Darwin,
  E. Australia Standard Time: (UTC+10:00) Brisbane,
  AUS Eastern Standard Time: (UTC+10:00) Canberra, Melbourne, Sydney,
  West Pacific Standard Time: (UTC+10:00) Guam, Port Moresby,
  Tasmania Standard Time: (UTC+10:00) Hobart,
  Vladivostok Standard Time: (UTC+10:00) Vladivostok,
  Lord Howe Standard Time: (UTC+10:30) Otork Lord Howe,
  Bougainville Standard Time: (UTC+11:00) Otok Bougainville,
  Russia Time Zone 10: (UTC+11:00) Chokurdakh,
  Magadan Standard Time: (UTC+11:00) Magadan,
  Norfolk Standard Time: (UTC+11:00) Norfolški otok,
  Sakhalin Standard Time: (UTC+11:00) Sahalin,
  Central Pacific Standard Time: (UTC+11:00) Salomonovi otoki, Nova Kaledonija,
  Russia Time Zone 11: (UTC+12:00) Anadir, Petropavlovsk-Kamčatski,
  New Zealand Standard Time: (UTC+12:00) Auckland, Wellington,
  UTC+12: (UTC+12:00) Usklajen univerzalni čas+12,
  Fiji Standard Time: (UTC+12:00) Fidži,
  Chatham Islands Standard Time: (UTC+12:45) Otoki Chatham,
  UTC+13: (UTC+13:00) Usklajen univerzalni čas+13,
  Tonga Standard Time: (UTC+13:00) Nuku'alofa,
  Samoa Standard Time: (UTC+13:00) Samoa,
  Line Islands Standard Time: (UTC+14:00) Otok Kiritimati
}