{
  Dateline Standard Time: (UTC-12:00) Ligne de date internationale (Ouest),
  UTC-11: (UTC-11:00) Temps universel coordonné-11,
  Aleutian Standard Time: (UTC-10:00) Îles Aléoutiennes,
  Hawaiian Standard Time: (UTC-10:00) Hawaii,
  Marquesas Standard Time: (UTC-09:30) Îles Marquises,
  Alaskan Standard Time: (UTC-09:00) Alaska,
  UTC-09: (UTC-09:00) Temps universel coordonné-09,
  Pacific Standard Time (Mexico): (UTC-08:00) Basse Californie,
  UTC-08: (UTC-08:00) Temps universel coordonné-08,
  Pacific Standard Time: (UTC-08:00) Pacifique (É.-U. et Canada),
  US Mountain Standard Time: (UTC-07:00) Arizona,
  Mountain Standard Time (Mexico): (UTC-07:00) Chihuahua, La Paz, Mazatlan,
  Mountain Standard Time: (UTC-07:00) Montagnes Rocheuses (É.-U. et Canada),
  Yukon Standard Time: (UTC-07:00) Yukon,
  Central America Standard Time: (UTC-06:00) Amérique centrale,
  Central Standard Time: (UTC-06:00) Centre (É.-U. et Canada),
  Easter Island Standard Time: (UTC-06:00) Île de Pâques,
  Central Standard Time (Mexico): (UTC-06:00) Guadalajara, Mexico, Monterrey,
  Canada Central Standard Time: (UTC-06:00) Saskatchewan,
  SA Pacific Standard Time: (UTC-05:00) Bogota, Lima, Quito, Rio Branco,
  Eastern Standard Time (Mexico): (UTC-05:00) Chetumal,
  Eastern Standard Time: (UTC-05:00) Est (É.-U. et Canada),
  Haiti Standard Time: (UTC-05:00) Haïti,
  Cuba Standard Time: (UTC-05:00) Havane (La),
  US Eastern Standard Time: (UTC-05:00) Indiana (Est),
  Turks And Caicos Standard Time: (UTC-05:00) Îles Turques-et-Caïques,
  Paraguay Standard Time: (UTC-04:00) Asunción,
  Atlantic Standard Time: (UTC-04:00) Heure Atlantique (Canada),
  Venezuela Standard Time: (UTC-04:00) Caracas,
  Central Brazilian Standard Time: (UTC-04:00) Cuiaba,
  SA Western Standard Time: (UTC-04:00) Georgetown, La Paz, Manaus, San Juan,
  Pacific SA Standard Time: (UTC-04:00) Santiago,
  Newfoundland Standard Time: (UTC-03:30) Terre-Neuve-et-Labrador,
  Tocantins Standard Time: (UTC-03:00) Araguaína,
  E. South America Standard Time: (UTC-03:00) Brasilia,
  SA Eastern Standard Time: (UTC-03:00) Cayenne, Fortaleza,
  Argentina Standard Time: (UTC-03:00) Buenos Aires,
  Greenland Standard Time: (UTC-03:00) Groenland,
  Montevideo Standard Time: (UTC-03:00) Montevideo,
  Magallanes Standard Time: (UTC-03:00) Punta Arenas,
  Saint Pierre Standard Time: (UTC-03:00) Saint-Pierre-et-Miquelon,
  Bahia Standard Time: (UTC-03:00) Salvador,
  UTC-02: (UTC-02:00) Temps universel coordonné-02,
  Azores Standard Time: (UTC-01:00) Les Açores,
  Cape Verde Standard Time: (UTC-01:00) Îles de Cabo Verde,
  UTC: (UTC) Temps universel coordonné,
  GMT Standard Time: (UTC+00:00) Dublin, Édimbourg, Lisbonne, Londres,
  Greenwich Standard Time: (UTC+00:00) Monrovia, Reykjavik,
  Sao Tome Standard Time: (UTC+00:00) São Tomé,
  Morocco Standard Time: (UTC+01:00) Casablanca,
  W. Europe Standard Time: (UTC+01:00) Amsterdam, Berlin, Berne, Rome, Stockholm, Vienne,
  Central Europe Standard Time: (UTC+01:00) Belgrade, Bratislava, Budapest, Ljubljana, Prague,
  Romance Standard Time: (UTC+01:00) Bruxelles, Copenhague, Madrid, Paris,
  Central European Standard Time: (UTC+01:00) Sarajevo, Skopje, Varsovie, Zagreb,
  W. Central Africa Standard Time: (UTC+01:00) Afrique centrale - Ouest,
  GTB Standard Time: (UTC+02:00) Athènes, Bucarest,
  Middle East Standard Time: (UTC+02:00) Beyrouth,
  Egypt Standard Time: (UTC+02:00) Le Caire,
  E. Europe Standard Time: (UTC+02:00) Chisinau,
  Syria Standard Time: (UTC+02:00) Damas,
  West Bank Standard Time: (UTC+02:00) Gaza, Hébron,
  South Africa Standard Time: (UTC+02:00) Harare, Pretoria,
  FLE Standard Time: (UTC+02:00) Helsinki, Kiev, Riga, Sofia, Tallinn, Vilnius,
  Israel Standard Time: (UTC+02:00) Jérusalem,
  South Sudan Standard Time: (UTC+02:00) Juba,
  Kaliningrad Standard Time: (UTC+02:00) Kaliningrad,
  Sudan Standard Time: (UTC+02:00) Khartoum,
  Libya Standard Time: (UTC+02:00) Tripoli,
  Namibia Standard Time: (UTC+02:00) Windhoek,
  Jordan Standard Time: (UTC+03:00) Amman,
  Arabic Standard Time: (UTC+03:00) Bagdad,
  Turkey Standard Time: (UTC+03:00) Istanbul,
  Arab Standard Time: (UTC+03:00) Koweït, Riyad,
  Belarus Standard Time: (UTC+03:00) Minsk,
  Russian Standard Time: (UTC+03:00) Moscou, Saint-Pétersbourg,
  E. Africa Standard Time: (UTC+03:00) Nairobi,
  Volgograd Standard Time: (UTC+03:00) Volgograd,
  Iran Standard Time: (UTC+03:30) Téhéran,
  Arabian Standard Time: (UTC+04:00) Abu Dhabi, Muscat,
  Astrakhan Standard Time: (UTC+04:00) Astrakhan, Oulianovsk,
  Azerbaijan Standard Time: (UTC+04:00) Bakou,
  Russia Time Zone 3: (UTC+04:00) Izhevsk, Samara,
  Mauritius Standard Time: (UTC+04:00) Port Louis,
  Saratov Standard Time: (UTC+04:00) Saratov,
  Georgian Standard Time: (UTC+04:00) Tbilissi,
  Caucasus Standard Time: (UTC+04:00) Erevan,
  Afghanistan Standard Time: (UTC+04:30) Kaboul,
  West Asia Standard Time: (UTC+05:00) Achgabat, Tachkent,
  Ekaterinburg Standard Time: (UTC+05:00) Iekaterinbourg,
  Pakistan Standard Time: (UTC+05:00) Islamabad, Karachi,
  Qyzylorda Standard Time: (UTC+05:00) Kyzylorda,
  India Standard Time: (UTC+05:30) Chennai, Kolkata, Mumbai, New Delhi,
  Sri Lanka Standard Time: (UTC+05:30) Sri Jayawardenepura,
  Nepal Standard Time: (UTC+05:45) Katmandou,
  Central Asia Standard Time: (UTC+06:00) Astana,
  Bangladesh Standard Time: (UTC+06:00) Dhaka,
  Omsk Standard Time: (UTC+06:00) Omsk,
  Myanmar Standard Time: (UTC+06:30) Rangoon,
  SE Asia Standard Time: (UTC+07:00) Bangkok, Hanoi, Djakarta,
  Altai Standard Time: (UTC+07:00) Barnaoul, Gorno-Altaïsk,
  W. Mongolia Standard Time: (UTC+07:00) Hovd,
  North Asia Standard Time: (UTC+07:00) Krasnoïarsk,
  N. Central Asia Standard Time: (UTC+07:00) Novossibirsk,
  Tomsk Standard Time: (UTC+07:00) Tomsk,
  China Standard Time: (UTC+08:00) Beijing, Chongqing, Hong Kong (RAS), Urumqi,
  North Asia East Standard Time: (UTC+08:00) Irkoutsk,
  Singapore Standard Time: (UTC+08:00) Kuala Lumpur, Singapour,
  W. Australia Standard Time: (UTC+08:00) Perth,
  Taipei Standard Time: (UTC+08:00) Taipei,
  Ulaanbaatar Standard Time: (UTC+08:00) Oulan-Bator,
  Aus Central W. Standard Time: (UTC+08:45) Eucla,
  Transbaikal Standard Time: (UTC+09:00) Chita,
  Tokyo Standard Time: (UTC+09:00) Osaka, Sapporo, Tokyo,
  North Korea Standard Time: (UTC+09:00) Pyongyang,
  Korea Standard Time: (UTC+09:00) Séoul,
  Yakutsk Standard Time: (UTC+09:00) Yakoutsk,
  Cen. Australia Standard Time: (UTC+09:30) Adélaïde,
  AUS Central Standard Time: (UTC+09:30) Darwin,
  E. Australia Standard Time: (UTC+10:00) Brisbane,
  AUS Eastern Standard Time: (UTC+10:00) Canberra, Melbourne, Sydney,
  West Pacific Standard Time: (UTC+10:00) Guam, Port Moresby,
  Tasmania Standard Time: (UTC+10:00) Hobart,
  Vladivostok Standard Time: (UTC+10:00) Vladivostok,
  Lord Howe Standard Time: (UTC+10:30) Île Lord Howe,
  Bougainville Standard Time: (UTC+11:00) Île Bougainville,
  Russia Time Zone 10: (UTC+11:00) Chokurdakh,
  Magadan Standard Time: (UTC+11:00) Magadan,
  Norfolk Standard Time: (UTC+11:00) Île Norfolk,
  Sakhalin Standard Time: (UTC+11:00) Sakhaline,
  Central Pacific Standard Time: (UTC+11:00) Îles Salomon, Nouvelle-Calédonie,
  Russia Time Zone 11: (UTC+12:00) Anadyr, Petropavlovsk-Kamtchatski,
  New Zealand Standard Time: (UTC+12:00) Auckland, Wellington,
  UTC+12: (UTC+12:00) Temps universel coordonné+12,
  Fiji Standard Time: (UTC+12:00) Fidji,
  Chatham Islands Standard Time: (UTC+12:45) Îles Chatham,
  UTC+13: (UTC+13:00) Temps universel coordonné+13,
  Tonga Standard Time: (UTC+13:00) Nuku’alofa,
  Samoa Standard Time: (UTC+13:00) Samoa,
  Line Islands Standard Time: (UTC+14:00) Kiritimati, Île
}